/home/azureuser/RLxMRI/.venv/lib/python3.12/site-packages/juliacall/__init__.py:61: UserWarning: torch was imported before juliacall. This may cause a segfault. To avoid this, import juliacall before importing torch. For updates, see https://github.com/pytorch/pytorch/issues/78829.
  warnings.warn(
[E2] Building train env (n_envs=1) …
┌ Warning: CUDA runtime library `libcudart.so.13` was loaded from a system path, `/home/azureuser/RLxMRI/.venv/lib/python3.12/site-packages/torch/lib/../../nvidia/cu13/lib/libcudart.so.13`.
│ This may cause errors.
│ 
│ If you're running under a profiler, this situation is expected. Otherwise,
│ ensure that your library path environment variable (e.g., `PATH` on Windows
│ or `LD_LIBRARY_PATH` on Linux) does not include CUDA library paths.
│ 
│ In any other case, please file an issue.
└ @ CUDA ~/.julia/packages/CUDA/bjncr/src/initialization.jl:198
┌ Warning: CUDA runtime library `libcublasLt.so.13` was loaded from a system path, `/home/azureuser/RLxMRI/.venv/lib/python3.12/site-packages/nvidia/cu13/lib/libcublasLt.so.13`.
│ This may cause errors.
│ 
│ If you're running under a profiler, this situation is expected. Otherwise,
│ ensure that your library path environment variable (e.g., `PATH` on Windows
│ or `LD_LIBRARY_PATH` on Linux) does not include CUDA library paths.
│ 
│ In any other case, please file an issue.
└ @ CUDA ~/.julia/packages/CUDA/bjncr/src/initialization.jl:198
┌ Warning: CUDA runtime library `libcublas.so.13` was loaded from a system path, `/home/azureuser/RLxMRI/.venv/lib/python3.12/site-packages/nvidia/cu13/lib/libcublas.so.13`.
│ This may cause errors.
│ 
│ If you're running under a profiler, this situation is expected. Otherwise,
│ ensure that your library path environment variable (e.g., `PATH` on Windows
│ or `LD_LIBRARY_PATH` on Linux) does not include CUDA library paths.
│ 
│ In any other case, please file an issue.
└ @ CUDA ~/.julia/packages/CUDA/bjncr/src/initialization.jl:198
┌ Warning: CUDA runtime library `libnvrtc.so.13` was loaded from a system path, `/home/azureuser/RLxMRI/.venv/lib/python3.12/site-packages/nvidia/cu13/lib/libnvrtc.so.13`.
│ This may cause errors.
│ 
│ If you're running under a profiler, this situation is expected. Otherwise,
│ ensure that your library path environment variable (e.g., `PATH` on Windows
│ or `LD_LIBRARY_PATH` on Linux) does not include CUDA library paths.
│ 
│ In any other case, please file an issue.
└ @ CUDA ~/.julia/packages/CUDA/bjncr/src/initialization.jl:198
┌ Warning: CUDA runtime library `libnvrtc-builtins.so.13.0` was loaded from a system path, `/home/azureuser/RLxMRI/.venv/lib/python3.12/site-packages/nvidia/cu13/lib/libnvrtc-builtins.so.13.0`.
│ This may cause errors.
│ 
│ If you're running under a profiler, this situation is expected. Otherwise,
│ ensure that your library path environment variable (e.g., `PATH` on Windows
│ or `LD_LIBRARY_PATH` on Linux) does not include CUDA library paths.
│ 
│ In any other case, please file an issue.
└ @ CUDA ~/.julia/packages/CUDA/bjncr/src/initialization.jl:198
┌ Warning: CUDA runtime library `libcupti.so.13` was loaded from a system path, `/home/azureuser/RLxMRI/.venv/lib/python3.12/site-packages/nvidia/cu13/lib/libcupti.so.13`.
│ This may cause errors.
│ 
│ If you're running under a profiler, this situation is expected. Otherwise,
│ ensure that your library path environment variable (e.g., `PATH` on Windows
│ or `LD_LIBRARY_PATH` on Linux) does not include CUDA library paths.
│ 
│ In any other case, please file an issue.
└ @ CUDA ~/.julia/packages/CUDA/bjncr/src/initialization.jl:198
┌ Warning: CUDA runtime library `libcufft.so.12` was loaded from a system path, `/home/azureuser/RLxMRI/.venv/lib/python3.12/site-packages/nvidia/cu13/lib/libcufft.so.12`.
│ This may cause errors.
│ 
│ If you're running under a profiler, this situation is expected. Otherwise,
│ ensure that your library path environment variable (e.g., `PATH` on Windows
│ or `LD_LIBRARY_PATH` on Linux) does not include CUDA library paths.
│ 
│ In any other case, please file an issue.
└ @ CUDA ~/.julia/packages/CUDA/bjncr/src/initialization.jl:198
┌ Warning: CUDA runtime library `libcurand.so.10` was loaded from a system path, `/home/azureuser/RLxMRI/.venv/lib/python3.12/site-packages/nvidia/cu13/lib/libcurand.so.10`.
│ This may cause errors.
│ 
│ If you're running under a profiler, this situation is expected. Otherwise,
│ ensure that your library path environment variable (e.g., `PATH` on Windows
│ or `LD_LIBRARY_PATH` on Linux) does not include CUDA library paths.
│ 
│ In any other case, please file an issue.
└ @ CUDA ~/.julia/packages/CUDA/bjncr/src/initialization.jl:198
┌ Warning: CUDA runtime library `libnvJitLink.so.13` was loaded from a system path, `/home/azureuser/RLxMRI/.venv/lib/python3.12/site-packages/nvidia/cu13/lib/libnvJitLink.so.13`.
│ This may cause errors.
│ 
│ If you're running under a profiler, this situation is expected. Otherwise,
│ ensure that your library path environment variable (e.g., `PATH` on Windows
│ or `LD_LIBRARY_PATH` on Linux) does not include CUDA library paths.
│ 
│ In any other case, please file an issue.
└ @ CUDA ~/.julia/packages/CUDA/bjncr/src/initialization.jl:198
┌ Warning: CUDA runtime library `libcusparse.so.12` was loaded from a system path, `/home/azureuser/RLxMRI/.venv/lib/python3.12/site-packages/nvidia/cu13/lib/libcusparse.so.12`.
│ This may cause errors.
│ 
│ If you're running under a profiler, this situation is expected. Otherwise,
│ ensure that your library path environment variable (e.g., `PATH` on Windows
│ or `LD_LIBRARY_PATH` on Linux) does not include CUDA library paths.
│ 
│ In any other case, please file an issue.
└ @ CUDA ~/.julia/packages/CUDA/bjncr/src/initialization.jl:198
┌ Warning: CUDA runtime library `libcusparseLt.so.0` was loaded from a system path, `/home/azureuser/RLxMRI/.venv/lib/python3.12/site-packages/nvidia/cusparselt/lib/libcusparseLt.so.0`.
│ This may cause errors.
│ 
│ If you're running under a profiler, this situation is expected. Otherwise,
│ ensure that your library path environment variable (e.g., `PATH` on Windows
│ or `LD_LIBRARY_PATH` on Linux) does not include CUDA library paths.
│ 
│ In any other case, please file an issue.
└ @ CUDA ~/.julia/packages/CUDA/bjncr/src/initialization.jl:198
┌ Warning: CUDA runtime library `libcusolver.so.12` was loaded from a system path, `/home/azureuser/RLxMRI/.venv/lib/python3.12/site-packages/nvidia/cu13/lib/libcusolver.so.12`.
│ This may cause errors.
│ 
│ If you're running under a profiler, this situation is expected. Otherwise,
│ ensure that your library path environment variable (e.g., `PATH` on Windows
│ or `LD_LIBRARY_PATH` on Linux) does not include CUDA library paths.
│ 
│ In any other case, please file an issue.
└ @ CUDA ~/.julia/packages/CUDA/bjncr/src/initialization.jl:198
[E2] Building eval env …
Using cpu device
Logging to runs/e2/ppo_runA_deltamape/tb/PPO_1
---------------------------------
| rollout/           |          |
|    ep_len_mean     | 2.85     |
|    ep_rew_mean     | 0.0835   |
| time/              |          |
|    fps             | 3        |
|    iterations      | 1        |
|    time_elapsed    | 152      |
|    total_timesteps | 512      |
---------------------------------
[E2] ~8.7h remaining (198976 steps left @ 0.16s/step)
-----------------------------------------
| rollout/                |             |
|    ep_len_mean          | 2.87        |
|    ep_rew_mean          | 0.099       |
| time/                   |             |
|    eta_hours            | 8.67        |
|    fps                  | 4           |
|    iterations           | 2           |
|    sec_per_step         | 0.157       |
|    time_elapsed         | 232         |
|    total_timesteps      | 1024        |
| train/                  |             |
|    approx_kl            | 0.012260768 |
|    clip_fraction        | 0.0645      |
|    clip_range           | 0.2         |
|    entropy_loss         | -4.26       |
|    explained_variance   | -0.0962     |
|    learning_rate        | 0.0001      |
|    loss                 | 0.336       |
|    n_updates            | 10          |
|    policy_gradient_loss | -0.0148     |
|    std                  | 0.999       |
|    value_loss           | 1           |
-----------------------------------------
[E2] ~8.6h remaining (198464 steps left @ 0.16s/step)
-----------------------------------------
| rollout/                |             |
|    ep_len_mean          | 3.02        |
|    ep_rew_mean          | 0.137       |
| time/                   |             |
|    eta_hours            | 8.61        |
|    fps                  | 4           |
|    iterations           | 3           |
|    sec_per_step         | 0.156       |
|    time_elapsed         | 311         |
|    total_timesteps      | 1536        |
| train/                  |             |
|    approx_kl            | 0.011638381 |
|    clip_fraction        | 0.0949      |
|    clip_range           | 0.2         |
|    entropy_loss         | -4.25       |
|    explained_variance   | 0.0359      |
|    learning_rate        | 0.0001      |
|    loss                 | 0.352       |
|    n_updates            | 20          |
|    policy_gradient_loss | -0.0195     |
|    std                  | 0.998       |
|    value_loss           | 1.12        |
-----------------------------------------
[E2] ~8.5h remaining (197952 steps left @ 0.16s/step)
-----------------------------------------
| rollout/                |             |
|    ep_len_mean          | 3.01        |
|    ep_rew_mean          | 0.153       |
| time/                   |             |
|    eta_hours            | 8.53        |
|    fps                  | 5           |
|    iterations           | 4           |
|    sec_per_step         | 0.155       |
|    time_elapsed         | 390         |
|    total_timesteps      | 2048        |
| train/                  |             |
|    approx_kl            | 0.012326017 |
|    clip_fraction        | 0.175       |
|    clip_range           | 0.2         |
|    entropy_loss         | -4.25       |
|    explained_variance   | 0.0697      |
|    learning_rate        | 0.0001      |
|    loss                 | 0.677       |
|    n_updates            | 30          |
|    policy_gradient_loss | -0.0304     |
|    std                  | 0.995       |
|    value_loss           | 1.53        |
-----------------------------------------
[E2] ~8.5h remaining (197440 steps left @ 0.15s/step)
-----------------------------------------
| rollout/                |             |
|    ep_len_mean          | 2.9         |
|    ep_rew_mean          | 0.179       |
| time/                   |             |
|    eta_hours            | 8.49        |
|    fps                  | 5           |
|    iterations           | 5           |
|    sec_per_step         | 0.155       |
|    time_elapsed         | 468         |
|    total_timesteps      | 2560        |
| train/                  |             |
|    approx_kl            | 0.013412274 |
|    clip_fraction        | 0.185       |
|    clip_range           | 0.2         |
|    entropy_loss         | -4.24       |
|    explained_variance   | 0.097       |
|    learning_rate        | 0.0001      |
|    loss                 | 0.498       |
|    n_updates            | 40          |
|    policy_gradient_loss | -0.0284     |
|    std                  | 0.992       |
|    value_loss           | 1.24        |
-----------------------------------------
[E2] ~8.4h remaining (196928 steps left @ 0.15s/step)
-----------------------------------------
| rollout/                |             |
|    ep_len_mean          | 3.19        |
|    ep_rew_mean          | 0.207       |
| time/                   |             |
|    eta_hours            | 8.4         |
|    fps                  | 5           |
|    iterations           | 6           |
|    sec_per_step         | 0.154       |
|    time_elapsed         | 545         |
|    total_timesteps      | 3072        |
| train/                  |             |
|    approx_kl            | 0.016748901 |
|    clip_fraction        | 0.212       |
|    clip_range           | 0.2         |
|    entropy_loss         | -4.23       |
|    explained_variance   | 0.112       |
|    learning_rate        | 0.0001      |
|    loss                 | 0.665       |
|    n_updates            | 50          |
|    policy_gradient_loss | -0.0343     |
|    std                  | 0.988       |
|    value_loss           | 1.36        |
-----------------------------------------
[E2] ~8.3h remaining (196416 steps left @ 0.15s/step)
-----------------------------------------
| rollout/                |             |
|    ep_len_mean          | 3.44        |
|    ep_rew_mean          | 0.286       |
| time/                   |             |
|    eta_hours            | 8.33        |
|    fps                  | 5           |
|    iterations           | 7           |
|    sec_per_step         | 0.153       |
|    time_elapsed         | 623         |
|    total_timesteps      | 3584        |
| train/                  |             |
|    approx_kl            | 0.020043593 |
|    clip_fraction        | 0.226       |
|    clip_range           | 0.2         |
|    entropy_loss         | -4.21       |
|    explained_variance   | 0.153       |
|    learning_rate        | 0.0001      |
|    loss                 | 0.739       |
|    n_updates            | 60          |
|    policy_gradient_loss | -0.0386     |
|    std                  | 0.984       |
|    value_loss           | 1.38        |
-----------------------------------------
[E2] ~8.3h remaining (195904 steps left @ 0.15s/step)
-----------------------------------------
| rollout/                |             |
|    ep_len_mean          | 3.46        |
|    ep_rew_mean          | 0.284       |
| time/                   |             |
|    eta_hours            | 8.29        |
|    fps                  | 5           |
|    iterations           | 8           |
|    sec_per_step         | 0.152       |
|    time_elapsed         | 700         |
|    total_timesteps      | 4096        |
| train/                  |             |
|    approx_kl            | 0.012796873 |
|    clip_fraction        | 0.163       |
|    clip_range           | 0.2         |
|    entropy_loss         | -4.2        |
|    explained_variance   | 0.178       |
|    learning_rate        | 0.0001      |
|    loss                 | 0.595       |
|    n_updates            | 70          |
|    policy_gradient_loss | -0.0291     |
|    std                  | 0.978       |
|    value_loss           | 1.23        |
-----------------------------------------
[E2] ~8.2h remaining (195392 steps left @ 0.15s/step)
-----------------------------------------
| rollout/                |             |
|    ep_len_mean          | 3.58        |
|    ep_rew_mean          | 0.284       |
| time/                   |             |
|    eta_hours            | 8.24        |
|    fps                  | 5           |
|    iterations           | 9           |
|    sec_per_step         | 0.152       |
|    time_elapsed         | 777         |
|    total_timesteps      | 4608        |
| train/                  |             |
|    approx_kl            | 0.021892369 |
|    clip_fraction        | 0.224       |
|    clip_range           | 0.2         |
|    entropy_loss         | -4.19       |
|    explained_variance   | 0.147       |
|    learning_rate        | 0.0001      |
|    loss                 | 0.569       |
|    n_updates            | 80          |
|    policy_gradient_loss | -0.039      |
|    std                  | 0.976       |
|    value_loss           | 1.21        |
-----------------------------------------
[E2] ~8.2h remaining (194880 steps left @ 0.15s/step)
-----------------------------------------
| rollout/                |             |
|    ep_len_mean          | 3.78        |
|    ep_rew_mean          | 0.379       |
| time/                   |             |
|    eta_hours            | 8.15        |
|    fps                  | 6           |
|    iterations           | 10          |
|    sec_per_step         | 0.151       |
|    time_elapsed         | 853         |
|    total_timesteps      | 5120        |
| train/                  |             |
|    approx_kl            | 0.014611099 |
|    clip_fraction        | 0.18        |
|    clip_range           | 0.2         |
|    entropy_loss         | -4.18       |
|    explained_variance   | 0.205       |
|    learning_rate        | 0.0001      |
|    loss                 | 0.631       |
|    n_updates            | 90          |
|    policy_gradient_loss | -0.0297     |
|    std                  | 0.971       |
|    value_loss           | 1.21        |
-----------------------------------------
[E2] ~8.1h remaining (194368 steps left @ 0.15s/step)
-----------------------------------------
| rollout/                |             |
|    ep_len_mean          | 3.86        |
|    ep_rew_mean          | 0.339       |
| time/                   |             |
|    eta_hours            | 8.08        |
|    fps                  | 6           |
|    iterations           | 11          |
|    sec_per_step         | 0.15        |
|    time_elapsed         | 928         |
|    total_timesteps      | 5632        |
| train/                  |             |
|    approx_kl            | 0.013931177 |
|    clip_fraction        | 0.177       |
|    clip_range           | 0.2         |
|    entropy_loss         | -4.16       |
|    explained_variance   | 0.242       |
|    learning_rate        | 0.0001      |
|    loss                 | 0.468       |
|    n_updates            | 100         |
|    policy_gradient_loss | -0.028      |
|    std                  | 0.967       |
|    value_loss           | 1.18        |
-----------------------------------------
[E2] ~8.0h remaining (193856 steps left @ 0.15s/step)
-----------------------------------------
| rollout/                |             |
|    ep_len_mean          | 3.85        |
|    ep_rew_mean          | 0.376       |
| time/                   |             |
|    eta_hours            | 8.01        |
|    fps                  | 6           |
|    iterations           | 12          |
|    sec_per_step         | 0.149       |
|    time_elapsed         | 1004        |
|    total_timesteps      | 6144        |
| train/                  |             |
|    approx_kl            | 0.010981071 |
|    clip_fraction        | 0.139       |
|    clip_range           | 0.2         |
|    entropy_loss         | -4.15       |
|    explained_variance   | 0.244       |
|    learning_rate        | 0.0001      |
|    loss                 | 0.617       |
|    n_updates            | 110         |
|    policy_gradient_loss | -0.0213     |
|    std                  | 0.964       |
|    value_loss           | 1.07        |
-----------------------------------------
[E2] ~7.9h remaining (193344 steps left @ 0.15s/step)
-----------------------------------------
| rollout/                |             |
|    ep_len_mean          | 4.1         |
|    ep_rew_mean          | 0.435       |
| time/                   |             |
|    eta_hours            | 7.94        |
|    fps                  | 6           |
|    iterations           | 13          |
|    sec_per_step         | 0.148       |
|    time_elapsed         | 1078        |
|    total_timesteps      | 6656        |
| train/                  |             |
|    approx_kl            | 0.011315635 |
|    clip_fraction        | 0.143       |
|    clip_range           | 0.2         |
|    entropy_loss         | -4.14       |
|    explained_variance   | 0.266       |
|    learning_rate        | 0.0001      |
|    loss                 | 0.395       |
|    n_updates            | 120         |
|    policy_gradient_loss | -0.026      |
|    std                  | 0.96        |
|    value_loss           | 0.94        |
-----------------------------------------
[E2] ~7.9h remaining (192832 steps left @ 0.15s/step)
-----------------------------------------
| rollout/                |             |
|    ep_len_mean          | 4.04        |
|    ep_rew_mean          | 0.494       |
| time/                   |             |
|    eta_hours            | 7.86        |
|    fps                  | 6           |
|    iterations           | 14          |
|    sec_per_step         | 0.147       |
|    time_elapsed         | 1152        |
|    total_timesteps      | 7168        |
| train/                  |             |
|    approx_kl            | 0.013090206 |
|    clip_fraction        | 0.162       |
|    clip_range           | 0.2         |
|    entropy_loss         | -4.13       |
|    explained_variance   | 0.363       |
|    learning_rate        | 0.0001      |
|    loss                 | 0.294       |
|    n_updates            | 130         |
|    policy_gradient_loss | -0.0281     |
|    std                  | 0.956       |
|    value_loss           | 0.859       |
-----------------------------------------
[E2] ~7.8h remaining (192320 steps left @ 0.15s/step)
-----------------------------------------
| rollout/                |             |
|    ep_len_mean          | 4.51        |
|    ep_rew_mean          | 0.468       |
| time/                   |             |
|    eta_hours            | 7.78        |
|    fps                  | 6           |
|    iterations           | 15          |
|    sec_per_step         | 0.146       |
|    time_elapsed         | 1225        |
|    total_timesteps      | 7680        |
| train/                  |             |
|    approx_kl            | 0.018176926 |
|    clip_fraction        | 0.183       |
|    clip_range           | 0.2         |
|    entropy_loss         | -4.12       |
|    explained_variance   | 0.423       |
|    learning_rate        | 0.0001      |
|    loss                 | 0.559       |
|    n_updates            | 140         |
|    policy_gradient_loss | -0.0288     |
|    std                  | 0.952       |
|    value_loss           | 0.867       |
-----------------------------------------
[E2] ~7.7h remaining (191808 steps left @ 0.15s/step)
-----------------------------------------
| rollout/                |             |
|    ep_len_mean          | 4.56        |
|    ep_rew_mean          | 0.504       |
| time/                   |             |
|    eta_hours            | 7.74        |
|    fps                  | 6           |
|    iterations           | 16          |
|    sec_per_step         | 0.145       |
|    time_elapsed         | 1299        |
|    total_timesteps      | 8192        |
| train/                  |             |
|    approx_kl            | 0.019176405 |
|    clip_fraction        | 0.169       |
|    clip_range           | 0.2         |
|    entropy_loss         | -4.1        |
|    explained_variance   | 0.355       |
|    learning_rate        | 0.0001      |
|    loss                 | 0.3         |
|    n_updates            | 150         |
|    policy_gradient_loss | -0.0254     |
|    std                  | 0.948       |
|    value_loss           | 0.762       |
-----------------------------------------
[E2] ~7.7h remaining (191296 steps left @ 0.15s/step)
-----------------------------------------
| rollout/                |             |
|    ep_len_mean          | 4.53        |
|    ep_rew_mean          | 0.502       |
| time/                   |             |
|    eta_hours            | 7.71        |
|    fps                  | 6           |
|    iterations           | 17          |
|    sec_per_step         | 0.145       |
|    time_elapsed         | 1373        |
|    total_timesteps      | 8704        |
| train/                  |             |
|    approx_kl            | 0.011211524 |
|    clip_fraction        | 0.119       |
|    clip_range           | 0.2         |
|    entropy_loss         | -4.09       |
|    explained_variance   | 0.429       |
|    learning_rate        | 0.0001      |
|    loss                 | 0.409       |
|    n_updates            | 160         |
|    policy_gradient_loss | -0.0174     |
|    std                  | 0.943       |
|    value_loss           | 0.761       |
-----------------------------------------
[E2] ~7.7h remaining (190784 steps left @ 0.14s/step)
----------------------------------------
| rollout/                |            |
|    ep_len_mean          | 4.76       |
|    ep_rew_mean          | 0.602      |
| time/                   |            |
|    eta_hours            | 7.68       |
|    fps                  | 6          |
|    iterations           | 18         |
|    sec_per_step         | 0.145      |
|    time_elapsed         | 1447       |
|    total_timesteps      | 9216       |
| train/                  |            |
|    approx_kl            | 0.01675209 |
|    clip_fraction        | 0.191      |
|    clip_range           | 0.2        |
|    entropy_loss         | -4.07      |
|    explained_variance   | 0.339      |
|    learning_rate        | 0.0001     |
|    loss                 | 0.307      |
|    n_updates            | 170        |
|    policy_gradient_loss | -0.0284    |
|    std                  | 0.94       |
|    value_loss           | 0.887      |
----------------------------------------
[E2] ~7.7h remaining (190272 steps left @ 0.15s/step)
-----------------------------------------
| rollout/                |             |
|    ep_len_mean          | 4.85        |
|    ep_rew_mean          | 0.58        |
| time/                   |             |
|    eta_hours            | 7.72        |
|    fps                  | 6           |
|    iterations           | 19          |
|    sec_per_step         | 0.146       |
|    time_elapsed         | 1523        |
|    total_timesteps      | 9728        |
| train/                  |             |
|    approx_kl            | 0.012473568 |
|    clip_fraction        | 0.143       |
|    clip_range           | 0.2         |
|    entropy_loss         | -4.07       |
|    explained_variance   | 0.475       |
|    learning_rate        | 0.0001      |
|    loss                 | 0.22        |
|    n_updates            | 180         |
|    policy_gradient_loss | -0.0207     |
|    std                  | 0.938       |
|    value_loss           | 0.698       |
-----------------------------------------
[E2 eval @ step 10000]  MAPE=20.41%  p90=28.93%  success(<5%)=0.0%  mean_scan_time=194.9s
[E2 eval]  → new best MAPE 20.41% saved to runs/e2/ppo_runA_deltamape/best
[E2] ~8.5h remaining (189760 steps left @ 0.16s/step)
----------------------------------------
| rollout/                |            |
|    ep_len_mean          | 4.77       |
|    ep_rew_mean          | 0.552      |
| time/                   |            |
|    eta_hours            | 8.54       |
|    fps                  | 6          |
|    iterations           | 20         |
|    sec_per_step         | 0.162      |
|    time_elapsed         | 1625       |
|    total_timesteps      | 10240      |
| train/                  |            |
|    approx_kl            | 0.01315205 |
|    clip_fraction        | 0.132      |
|    clip_range           | 0.2        |
|    entropy_loss         | -4.06      |
|    explained_variance   | 0.443      |
|    learning_rate        | 0.0001     |
|    loss                 | 0.329      |
|    n_updates            | 190        |
|    policy_gradient_loss | -0.0187    |
|    std                  | 0.935      |
|    value_loss           | 0.783      |
----------------------------------------
[E2] ~8.3h remaining (189248 steps left @ 0.16s/step)
----------------------------------------
| rollout/                |            |
|    ep_len_mean          | 4.67       |
|    ep_rew_mean          | 0.612      |
| time/                   |            |
|    eta_hours            | 8.29       |
|    fps                  | 6          |
|    iterations           | 21         |
|    sec_per_step         | 0.158      |
|    time_elapsed         | 1701       |
|    total_timesteps      | 10752      |
| train/                  |            |
|    approx_kl            | 0.01592866 |
|    clip_fraction        | 0.142      |
|    clip_range           | 0.2        |
|    entropy_loss         | -4.05      |
|    explained_variance   | 0.375      |
|    learning_rate        | 0.0001     |
|    loss                 | 0.367      |
|    n_updates            | 200        |
|    policy_gradient_loss | -0.0243    |
|    std                  | 0.931      |
|    value_loss           | 0.747      |
----------------------------------------
[E2] ~8.1h remaining (188736 steps left @ 0.15s/step)
-----------------------------------------
| rollout/                |             |
|    ep_len_mean          | 4.96        |
|    ep_rew_mean          | 0.607       |
| time/                   |             |
|    eta_hours            | 8.08        |
|    fps                  | 6           |
|    iterations           | 22          |
|    sec_per_step         | 0.154       |
|    time_elapsed         | 1775        |
|    total_timesteps      | 11264       |
| train/                  |             |
|    approx_kl            | 0.011659734 |
|    clip_fraction        | 0.119       |
|    clip_range           | 0.2         |
|    entropy_loss         | -4.03       |
|    explained_variance   | 0.462       |
|    learning_rate        | 0.0001      |
|    loss                 | 0.326       |
|    n_updates            | 210         |
|    policy_gradient_loss | -0.0192     |
|    std                  | 0.926       |
|    value_loss           | 0.689       |
-----------------------------------------
[E2] ~7.9h remaining (188224 steps left @ 0.15s/step)
-----------------------------------------
| rollout/                |             |
|    ep_len_mean          | 4.96        |
|    ep_rew_mean          | 0.652       |
| time/                   |             |
|    eta_hours            | 7.89        |
|    fps                  | 6           |
|    iterations           | 23          |
|    sec_per_step         | 0.151       |
|    time_elapsed         | 1849        |
|    total_timesteps      | 11776       |
| train/                  |             |
|    approx_kl            | 0.015235577 |
|    clip_fraction        | 0.168       |
|    clip_range           | 0.2         |
|    entropy_loss         | -4.02       |
|    explained_variance   | 0.482       |
|    learning_rate        | 0.0001      |
|    loss                 | 0.328       |
|    n_updates            | 220         |
|    policy_gradient_loss | -0.0217     |
|    std                  | 0.922       |
|    value_loss           | 0.668       |
-----------------------------------------
[E2] ~7.8h remaining (187712 steps left @ 0.15s/step)
----------------------------------------
| rollout/                |            |
|    ep_len_mean          | 4.83       |
|    ep_rew_mean          | 0.626      |
| time/                   |            |
|    eta_hours            | 7.81       |
|    fps                  | 6          |
|    iterations           | 24         |
|    sec_per_step         | 0.15       |
|    time_elapsed         | 1924       |
|    total_timesteps      | 12288      |
| train/                  |            |
|    approx_kl            | 0.01847925 |
|    clip_fraction        | 0.184      |
|    clip_range           | 0.2        |
|    entropy_loss         | -4.01      |
|    explained_variance   | 0.556      |
|    learning_rate        | 0.0001     |
|    loss                 | 0.207      |
|    n_updates            | 230        |
|    policy_gradient_loss | -0.0316    |
|    std                  | 0.918      |
|    value_loss           | 0.544      |
----------------------------------------
[E2] ~7.7h remaining (187200 steps left @ 0.15s/step)
-----------------------------------------
| rollout/                |             |
|    ep_len_mean          | 5           |
|    ep_rew_mean          | 0.669       |
| time/                   |             |
|    eta_hours            | 7.71        |
|    fps                  | 6           |
|    iterations           | 25          |
|    sec_per_step         | 0.148       |
|    time_elapsed         | 1998        |
|    total_timesteps      | 12800       |
| train/                  |             |
|    approx_kl            | 0.012246314 |
|    clip_fraction        | 0.142       |
|    clip_range           | 0.2         |
|    entropy_loss         | -3.99       |
|    explained_variance   | 0.516       |
|    learning_rate        | 0.0001      |
|    loss                 | 0.39        |
|    n_updates            | 240         |
|    policy_gradient_loss | -0.0245     |
|    std                  | 0.914       |
|    value_loss           | 0.613       |
-----------------------------------------
[E2] ~7.7h remaining (186688 steps left @ 0.15s/step)
-----------------------------------------
| rollout/                |             |
|    ep_len_mean          | 5.12        |
|    ep_rew_mean          | 0.623       |
| time/                   |             |
|    eta_hours            | 7.7         |
|    fps                  | 6           |
|    iterations           | 26          |
|    sec_per_step         | 0.149       |
|    time_elapsed         | 2075        |
|    total_timesteps      | 13312       |
| train/                  |             |
|    approx_kl            | 0.010341242 |
|    clip_fraction        | 0.112       |
|    clip_range           | 0.2         |
|    entropy_loss         | -3.98       |
|    explained_variance   | 0.538       |
|    learning_rate        | 0.0001      |
|    loss                 | 0.191       |
|    n_updates            | 250         |
|    policy_gradient_loss | -0.0183     |
|    std                  | 0.91        |
|    value_loss           | 0.598       |
-----------------------------------------
[E2] ~7.6h remaining (186176 steps left @ 0.15s/step)
-----------------------------------------
| rollout/                |             |
|    ep_len_mean          | 5.02        |
|    ep_rew_mean          | 0.657       |
| time/                   |             |
|    eta_hours            | 7.63        |
|    fps                  | 6           |
|    iterations           | 27          |
|    sec_per_step         | 0.148       |
|    time_elapsed         | 2149        |
|    total_timesteps      | 13824       |
| train/                  |             |
|    approx_kl            | 0.007975974 |
|    clip_fraction        | 0.0893      |
|    clip_range           | 0.2         |
|    entropy_loss         | -3.97       |
|    explained_variance   | 0.563       |
|    learning_rate        | 0.0001      |
|    loss                 | 0.213       |
|    n_updates            | 260         |
|    policy_gradient_loss | -0.0167     |
|    std                  | 0.906       |
|    value_loss           | 0.516       |
-----------------------------------------
[E2] ~7.6h remaining (185664 steps left @ 0.15s/step)
-----------------------------------------
| rollout/                |             |
|    ep_len_mean          | 5.05        |
|    ep_rew_mean          | 0.702       |
| time/                   |             |
|    eta_hours            | 7.57        |
|    fps                  | 6           |
|    iterations           | 28          |
|    sec_per_step         | 0.147       |
|    time_elapsed         | 2223        |
|    total_timesteps      | 14336       |
| train/                  |             |
|    approx_kl            | 0.010647946 |
|    clip_fraction        | 0.157       |
|    clip_range           | 0.2         |
|    entropy_loss         | -3.96       |
|    explained_variance   | 0.496       |
|    learning_rate        | 0.0001      |
|    loss                 | 0.191       |
|    n_updates            | 270         |
|    policy_gradient_loss | -0.0161     |
|    std                  | 0.903       |
|    value_loss           | 0.608       |
-----------------------------------------
[E2] ~7.5h remaining (185152 steps left @ 0.15s/step)
-----------------------------------------
| rollout/                |             |
|    ep_len_mean          | 5.4         |
|    ep_rew_mean          | 0.721       |
| time/                   |             |
|    eta_hours            | 7.54        |
|    fps                  | 6           |
|    iterations           | 29          |
|    sec_per_step         | 0.147       |
|    time_elapsed         | 2298        |
|    total_timesteps      | 14848       |
| train/                  |             |
|    approx_kl            | 0.012342621 |
|    clip_fraction        | 0.126       |
|    clip_range           | 0.2         |
|    entropy_loss         | -3.95       |
|    explained_variance   | 0.559       |
|    learning_rate        | 0.0001      |
|    loss                 | 0.153       |
|    n_updates            | 280         |
|    policy_gradient_loss | -0.0196     |
|    std                  | 0.9         |
|    value_loss           | 0.557       |
-----------------------------------------
[E2] ~7.5h remaining (184640 steps left @ 0.15s/step)
-----------------------------------------
| rollout/                |             |
|    ep_len_mean          | 5.2         |
|    ep_rew_mean          | 0.686       |
| time/                   |             |
|    eta_hours            | 7.52        |
|    fps                  | 6           |
|    iterations           | 30          |
|    sec_per_step         | 0.147       |
|    time_elapsed         | 2373        |
|    total_timesteps      | 15360       |
| train/                  |             |
|    approx_kl            | 0.008999361 |
|    clip_fraction        | 0.0975      |
|    clip_range           | 0.2         |
|    entropy_loss         | -3.94       |
|    explained_variance   | 0.584       |
|    learning_rate        | 0.0001      |
|    loss                 | 0.106       |
|    n_updates            | 290         |
|    policy_gradient_loss | -0.0176     |
|    std                  | 0.898       |
|    value_loss           | 0.477       |
-----------------------------------------
[E2] ~7.5h remaining (184128 steps left @ 0.15s/step)
-----------------------------------------
| rollout/                |             |
|    ep_len_mean          | 5.59        |
|    ep_rew_mean          | 0.784       |
| time/                   |             |
|    eta_hours            | 7.48        |
|    fps                  | 6           |
|    iterations           | 31          |
|    sec_per_step         | 0.146       |
|    time_elapsed         | 2447        |
|    total_timesteps      | 15872       |
| train/                  |             |
|    approx_kl            | 0.011081751 |
|    clip_fraction        | 0.163       |
|    clip_range           | 0.2         |
|    entropy_loss         | -3.93       |
|    explained_variance   | 0.582       |
|    learning_rate        | 0.0001      |
|    loss                 | 0.266       |
|    n_updates            | 300         |
|    policy_gradient_loss | -0.0208     |
|    std                  | 0.894       |
|    value_loss           | 0.48        |
-----------------------------------------
[E2] ~7.5h remaining (183616 steps left @ 0.15s/step)
-----------------------------------------
| rollout/                |             |
|    ep_len_mean          | 5.47        |
|    ep_rew_mean          | 0.783       |
| time/                   |             |
|    eta_hours            | 7.48        |
|    fps                  | 6           |
|    iterations           | 32          |
|    sec_per_step         | 0.147       |
|    time_elapsed         | 2523        |
|    total_timesteps      | 16384       |
| train/                  |             |
|    approx_kl            | 0.014709462 |
|    clip_fraction        | 0.175       |
|    clip_range           | 0.2         |
|    entropy_loss         | -3.91       |
|    explained_variance   | 0.668       |
|    learning_rate        | 0.0001      |
|    loss                 | 0.0897      |
|    n_updates            | 310         |
|    policy_gradient_loss | -0.0238     |
|    std                  | 0.89        |
|    value_loss           | 0.424       |
-----------------------------------------
[E2] ~7.4h remaining (183104 steps left @ 0.15s/step)
-----------------------------------------
| rollout/                |             |
|    ep_len_mean          | 5.44        |
|    ep_rew_mean          | 0.731       |
| time/                   |             |
|    eta_hours            | 7.44        |
|    fps                  | 6           |
|    iterations           | 33          |
|    sec_per_step         | 0.146       |
|    time_elapsed         | 2597        |
|    total_timesteps      | 16896       |
| train/                  |             |
|    approx_kl            | 0.018022086 |
|    clip_fraction        | 0.189       |
|    clip_range           | 0.2         |
|    entropy_loss         | -3.9        |
|    explained_variance   | 0.641       |
|    learning_rate        | 0.0001      |
|    loss                 | 0.0907      |
|    n_updates            | 320         |
|    policy_gradient_loss | -0.0225     |
|    std                  | 0.887       |
|    value_loss           | 0.455       |
-----------------------------------------
[E2] ~7.4h remaining (182592 steps left @ 0.15s/step)
-----------------------------------------
| rollout/                |             |
|    ep_len_mean          | 5.4         |
|    ep_rew_mean          | 0.732       |
| time/                   |             |
|    eta_hours            | 7.4         |
|    fps                  | 6           |
|    iterations           | 34          |
|    sec_per_step         | 0.146       |
|    time_elapsed         | 2672        |
|    total_timesteps      | 17408       |
| train/                  |             |
|    approx_kl            | 0.019145772 |
|    clip_fraction        | 0.202       |
|    clip_range           | 0.2         |
|    entropy_loss         | -3.89       |
|    explained_variance   | 0.597       |
|    learning_rate        | 0.0001      |
|    loss                 | 0.0908      |
|    n_updates            | 330         |
|    policy_gradient_loss | -0.0304     |
|    std                  | 0.883       |
|    value_loss           | 0.448       |
-----------------------------------------
[E2] ~7.4h remaining (182080 steps left @ 0.15s/step)
-----------------------------------------
| rollout/                |             |
|    ep_len_mean          | 5.4         |
|    ep_rew_mean          | 0.759       |
| time/                   |             |
|    eta_hours            | 7.4         |
|    fps                  | 6           |
|    iterations           | 35          |
|    sec_per_step         | 0.146       |
|    time_elapsed         | 2747        |
|    total_timesteps      | 17920       |
| train/                  |             |
|    approx_kl            | 0.009172719 |
|    clip_fraction        | 0.0943      |
|    clip_range           | 0.2         |
|    entropy_loss         | -3.88       |
|    explained_variance   | 0.622       |
|    learning_rate        | 0.0001      |
|    loss                 | 0.127       |
|    n_updates            | 340         |
|    policy_gradient_loss | -0.0174     |
|    std                  | 0.88        |
|    value_loss           | 0.46        |
-----------------------------------------
[E2] ~7.4h remaining (181568 steps left @ 0.15s/step)
-----------------------------------------
| rollout/                |             |
|    ep_len_mean          | 5.57        |
|    ep_rew_mean          | 0.821       |
| time/                   |             |
|    eta_hours            | 7.44        |
|    fps                  | 6           |
|    iterations           | 36          |
|    sec_per_step         | 0.148       |
|    time_elapsed         | 2824        |
|    total_timesteps      | 18432       |
| train/                  |             |
|    approx_kl            | 0.013953356 |
|    clip_fraction        | 0.128       |
|    clip_range           | 0.2         |
|    entropy_loss         | -3.87       |
|    explained_variance   | 0.587       |
|    learning_rate        | 0.0001      |
|    loss                 | 0.241       |
|    n_updates            | 350         |
|    policy_gradient_loss | -0.0248     |
|    std                  | 0.876       |
|    value_loss           | 0.48        |
-----------------------------------------
[E2] ~7.4h remaining (181056 steps left @ 0.15s/step)
-----------------------------------------
| rollout/                |             |
|    ep_len_mean          | 5.45        |
|    ep_rew_mean          | 0.792       |
| time/                   |             |
|    eta_hours            | 7.41        |
|    fps                  | 6           |
|    iterations           | 37          |
|    sec_per_step         | 0.147       |
|    time_elapsed         | 2899        |
|    total_timesteps      | 18944       |
| train/                  |             |
|    approx_kl            | 0.008058133 |
|    clip_fraction        | 0.0596      |
|    clip_range           | 0.2         |
|    entropy_loss         | -3.85       |
|    explained_variance   | 0.701       |
|    learning_rate        | 0.0001      |
|    loss                 | 0.069       |
|    n_updates            | 360         |
|    policy_gradient_loss | -0.0123     |
|    std                  | 0.872       |
|    value_loss           | 0.375       |
-----------------------------------------
[E2] ~7.4h remaining (180544 steps left @ 0.15s/step)
-----------------------------------------
| rollout/                |             |
|    ep_len_mean          | 5.51        |
|    ep_rew_mean          | 0.797       |
| time/                   |             |
|    eta_hours            | 7.43        |
|    fps                  | 6           |
|    iterations           | 38          |
|    sec_per_step         | 0.148       |
|    time_elapsed         | 2976        |
|    total_timesteps      | 19456       |
| train/                  |             |
|    approx_kl            | 0.011355761 |
|    clip_fraction        | 0.161       |
|    clip_range           | 0.2         |
|    entropy_loss         | -3.84       |
|    explained_variance   | 0.707       |
|    learning_rate        | 0.0001      |
|    loss                 | 0.0839      |
|    n_updates            | 370         |
|    policy_gradient_loss | -0.0253     |
|    std                  | 0.868       |
|    value_loss           | 0.338       |
-----------------------------------------
[E2] ~7.4h remaining (180032 steps left @ 0.15s/step)
-----------------------------------------
| rollout/                |             |
|    ep_len_mean          | 5.7         |
|    ep_rew_mean          | 0.8         |
| time/                   |             |
|    eta_hours            | 7.39        |
|    fps                  | 6           |
|    iterations           | 39          |
|    sec_per_step         | 0.148       |
|    time_elapsed         | 3051        |
|    total_timesteps      | 19968       |
| train/                  |             |
|    approx_kl            | 0.008030098 |
|    clip_fraction        | 0.113       |
|    clip_range           | 0.2         |
|    entropy_loss         | -3.83       |
|    explained_variance   | 0.683       |
|    learning_rate        | 0.0001      |
|    loss                 | 0.102       |
|    n_updates            | 380         |
|    policy_gradient_loss | -0.0166     |
|    std                  | 0.867       |
|    value_loss           | 0.325       |
-----------------------------------------
[E2 eval @ step 20000]  MAPE=13.52%  p90=16.25%  success(<5%)=0.0%  mean_scan_time=224.9s
[E2 eval]  → new best MAPE 13.52% saved to runs/e2/ppo_runA_deltamape/best
[E2] ~8.4h remaining (179520 steps left @ 0.17s/step)
-----------------------------------------
| rollout/                |             |
|    ep_len_mean          | 5.62        |
|    ep_rew_mean          | 0.784       |
| time/                   |             |
|    eta_hours            | 8.42        |
|    fps                  | 6           |
|    iterations           | 40          |
|    sec_per_step         | 0.169       |
|    time_elapsed         | 3163        |
|    total_timesteps      | 20480       |
| train/                  |             |
|    approx_kl            | 0.014873047 |
|    clip_fraction        | 0.111       |
|    clip_range           | 0.2         |
|    entropy_loss         | -3.82       |
|    explained_variance   | 0.699       |
|    learning_rate        | 0.0001      |
|    loss                 | 0.0571      |
|    n_updates            | 390         |
|    policy_gradient_loss | -0.0203     |
|    std                  | 0.864       |
|    value_loss           | 0.314       |
-----------------------------------------
[E2] ~8.1h remaining (179008 steps left @ 0.16s/step)
-----------------------------------------
| rollout/                |             |
|    ep_len_mean          | 5.8         |
|    ep_rew_mean          | 0.767       |
| time/                   |             |
|    eta_hours            | 8.11        |
|    fps                  | 6           |
|    iterations           | 41          |
|    sec_per_step         | 0.163       |
|    time_elapsed         | 3239        |
|    total_timesteps      | 20992       |
| train/                  |             |
|    approx_kl            | 0.010604028 |
|    clip_fraction        | 0.106       |
|    clip_range           | 0.2         |
|    entropy_loss         | -3.81       |
|    explained_variance   | 0.717       |
|    learning_rate        | 0.0001      |
|    loss                 | 0.115       |
|    n_updates            | 400         |
|    policy_gradient_loss | -0.0203     |
|    std                  | 0.86        |
|    value_loss           | 0.296       |
-----------------------------------------
[E2] ~7.9h remaining (178496 steps left @ 0.16s/step)
-----------------------------------------
| rollout/                |             |
|    ep_len_mean          | 5.65        |
|    ep_rew_mean          | 0.78        |
| time/                   |             |
|    eta_hours            | 7.92        |
|    fps                  | 6           |
|    iterations           | 42          |
|    sec_per_step         | 0.16        |
|    time_elapsed         | 3317        |
|    total_timesteps      | 21504       |
| train/                  |             |
|    approx_kl            | 0.008876457 |
|    clip_fraction        | 0.0975      |
|    clip_range           | 0.2         |
|    entropy_loss         | -3.8        |
|    explained_variance   | 0.686       |
|    learning_rate        | 0.0001      |
|    loss                 | 0.0972      |
|    n_updates            | 410         |
|    policy_gradient_loss | -0.018      |
|    std                  | 0.857       |
|    value_loss           | 0.337       |
-----------------------------------------
[E2] ~7.8h remaining (177984 steps left @ 0.16s/step)
-----------------------------------------
| rollout/                |             |
|    ep_len_mean          | 5.49        |
|    ep_rew_mean          | 0.785       |
| time/                   |             |
|    eta_hours            | 7.78        |
|    fps                  | 6           |
|    iterations           | 43          |
|    sec_per_step         | 0.157       |
|    time_elapsed         | 3395        |
|    total_timesteps      | 22016       |
| train/                  |             |
|    approx_kl            | 0.015586529 |
|    clip_fraction        | 0.148       |
|    clip_range           | 0.2         |
|    entropy_loss         | -3.79       |
|    explained_variance   | 0.703       |
|    learning_rate        | 0.0001      |
|    loss                 | 0.0548      |
|    n_updates            | 420         |
|    policy_gradient_loss | -0.0157     |
|    std                  | 0.855       |
|    value_loss           | 0.339       |
-----------------------------------------
[E2] ~7.7h remaining (177472 steps left @ 0.16s/step)
-----------------------------------------
| rollout/                |             |
|    ep_len_mean          | 5.79        |
|    ep_rew_mean          | 0.823       |
| time/                   |             |
|    eta_hours            | 7.67        |
|    fps                  | 6           |
|    iterations           | 44          |
|    sec_per_step         | 0.156       |
|    time_elapsed         | 3473        |
|    total_timesteps      | 22528       |
| train/                  |             |
|    approx_kl            | 0.010168114 |
|    clip_fraction        | 0.0938      |
|    clip_range           | 0.2         |
|    entropy_loss         | -3.78       |
|    explained_variance   | 0.765       |
|    learning_rate        | 0.0001      |
|    loss                 | 0.0839      |
|    n_updates            | 430         |
|    policy_gradient_loss | -0.0202     |
|    std                  | 0.851       |
|    value_loss           | 0.242       |
-----------------------------------------
[E2] ~7.5h remaining (176960 steps left @ 0.15s/step)
-----------------------------------------
| rollout/                |             |
|    ep_len_mean          | 5.89        |
|    ep_rew_mean          | 0.801       |
| time/                   |             |
|    eta_hours            | 7.54        |
|    fps                  | 6           |
|    iterations           | 45          |
|    sec_per_step         | 0.153       |
|    time_elapsed         | 3548        |
|    total_timesteps      | 23040       |
| train/                  |             |
|    approx_kl            | 0.008096324 |
|    clip_fraction        | 0.0871      |
|    clip_range           | 0.2         |
|    entropy_loss         | -3.77       |
|    explained_variance   | 0.791       |
|    learning_rate        | 0.0001      |
|    loss                 | 0.134       |
|    n_updates            | 440         |
|    policy_gradient_loss | -0.0154     |
|    std                  | 0.848       |
|    value_loss           | 0.241       |
-----------------------------------------
[E2] ~7.5h remaining (176448 steps left @ 0.15s/step)
-----------------------------------------
| rollout/                |             |
|    ep_len_mean          | 5.9         |
|    ep_rew_mean          | 0.815       |
| time/                   |             |
|    eta_hours            | 7.45        |
|    fps                  | 6           |
|    iterations           | 46          |
|    sec_per_step         | 0.152       |
|    time_elapsed         | 3625        |
|    total_timesteps      | 23552       |
| train/                  |             |
|    approx_kl            | 0.011033729 |
|    clip_fraction        | 0.108       |
|    clip_range           | 0.2         |
|    entropy_loss         | -3.76       |
|    explained_variance   | 0.734       |
|    learning_rate        | 0.0001      |
|    loss                 | 0.0805      |
|    n_updates            | 450         |
|    policy_gradient_loss | -0.0186     |
|    std                  | 0.845       |
|    value_loss           | 0.293       |
-----------------------------------------
[E2] ~7.4h remaining (175936 steps left @ 0.15s/step)
-----------------------------------------
| rollout/                |             |
|    ep_len_mean          | 5.89        |
|    ep_rew_mean          | 0.812       |
| time/                   |             |
|    eta_hours            | 7.39        |
|    fps                  | 6           |
|    iterations           | 47          |
|    sec_per_step         | 0.151       |
|    time_elapsed         | 3701        |
|    total_timesteps      | 24064       |
| train/                  |             |
|    approx_kl            | 0.007917194 |
|    clip_fraction        | 0.0797      |
|    clip_range           | 0.2         |
|    entropy_loss         | -3.75       |
|    explained_variance   | 0.713       |
|    learning_rate        | 0.0001      |
|    loss                 | 0.0983      |
|    n_updates            | 460         |
|    policy_gradient_loss | -0.0124     |
|    std                  | 0.841       |
|    value_loss           | 0.307       |
-----------------------------------------
[E2] ~7.3h remaining (175424 steps left @ 0.15s/step)
-----------------------------------------
| rollout/                |             |
|    ep_len_mean          | 6.02        |
|    ep_rew_mean          | 0.791       |
| time/                   |             |
|    eta_hours            | 7.32        |
|    fps                  | 6           |
|    iterations           | 48          |
|    sec_per_step         | 0.15        |
|    time_elapsed         | 3777        |
|    total_timesteps      | 24576       |
| train/                  |             |
|    approx_kl            | 0.013699951 |
|    clip_fraction        | 0.152       |
|    clip_range           | 0.2         |
|    entropy_loss         | -3.73       |
|    explained_variance   | 0.78        |
|    learning_rate        | 0.0001      |
|    loss                 | 0.0734      |
|    n_updates            | 470         |
|    policy_gradient_loss | -0.0188     |
|    std                  | 0.838       |
|    value_loss           | 0.237       |
-----------------------------------------
[E2] ~7.3h remaining (174912 steps left @ 0.15s/step)
-----------------------------------------
| rollout/                |             |
|    ep_len_mean          | 6.1         |
|    ep_rew_mean          | 0.775       |
| time/                   |             |
|    eta_hours            | 7.29        |
|    fps                  | 6           |
|    iterations           | 49          |
|    sec_per_step         | 0.15        |
|    time_elapsed         | 3853        |
|    total_timesteps      | 25088       |
| train/                  |             |
|    approx_kl            | 0.010691402 |
|    clip_fraction        | 0.0988      |
|    clip_range           | 0.2         |
|    entropy_loss         | -3.72       |
|    explained_variance   | 0.695       |
|    learning_rate        | 0.0001      |
|    loss                 | 0.0896      |
|    n_updates            | 480         |
|    policy_gradient_loss | -0.0169     |
|    std                  | 0.836       |
|    value_loss           | 0.325       |
-----------------------------------------
[E2] ~7.3h remaining (174400 steps left @ 0.15s/step)
-----------------------------------------
| rollout/                |             |
|    ep_len_mean          | 6.07        |
|    ep_rew_mean          | 0.85        |
| time/                   |             |
|    eta_hours            | 7.27        |
|    fps                  | 6           |
|    iterations           | 50          |
|    sec_per_step         | 0.15        |
|    time_elapsed         | 3930        |
|    total_timesteps      | 25600       |
| train/                  |             |
|    approx_kl            | 0.010062249 |
|    clip_fraction        | 0.0963      |
|    clip_range           | 0.2         |
|    entropy_loss         | -3.72       |
|    explained_variance   | 0.674       |
|    learning_rate        | 0.0001      |
|    loss                 | 0.149       |
|    n_updates            | 490         |
|    policy_gradient_loss | -0.016      |
|    std                  | 0.833       |
|    value_loss           | 0.323       |
-----------------------------------------
[E2] ~7.2h remaining (173888 steps left @ 0.15s/step)
-----------------------------------------
| rollout/                |             |
|    ep_len_mean          | 6.36        |
|    ep_rew_mean          | 0.846       |
| time/                   |             |
|    eta_hours            | 7.21        |
|    fps                  | 6           |
|    iterations           | 51          |
|    sec_per_step         | 0.149       |
|    time_elapsed         | 4006        |
|    total_timesteps      | 26112       |
| train/                  |             |
|    approx_kl            | 0.010147437 |
|    clip_fraction        | 0.127       |
|    clip_range           | 0.2         |
|    entropy_loss         | -3.7        |
|    explained_variance   | 0.81        |
|    learning_rate        | 0.0001      |
|    loss                 | 0.0246      |
|    n_updates            | 500         |
|    policy_gradient_loss | -0.0233     |
|    std                  | 0.831       |
|    value_loss           | 0.198       |
-----------------------------------------
[E2] ~7.2h remaining (173376 steps left @ 0.15s/step)
-----------------------------------------
| rollout/                |             |
|    ep_len_mean          | 6.27        |
|    ep_rew_mean          | 0.841       |
| time/                   |             |
|    eta_hours            | 7.21        |
|    fps                  | 6           |
|    iterations           | 52          |
|    sec_per_step         | 0.15        |
|    time_elapsed         | 4083        |
|    total_timesteps      | 26624       |
| train/                  |             |
|    approx_kl            | 0.013470493 |
|    clip_fraction        | 0.144       |
|    clip_range           | 0.2         |
|    entropy_loss         | -3.7        |
|    explained_variance   | 0.778       |
|    learning_rate        | 0.0001      |
|    loss                 | 0.06        |
|    n_updates            | 510         |
|    policy_gradient_loss | -0.0229     |
|    std                  | 0.83        |
|    value_loss           | 0.231       |
-----------------------------------------
[E2] ~7.1h remaining (172864 steps left @ 0.15s/step)
-----------------------------------------
| rollout/                |             |
|    ep_len_mean          | 6.39        |
|    ep_rew_mean          | 0.791       |
| time/                   |             |
|    eta_hours            | 7.12        |
|    fps                  | 6           |
|    iterations           | 53          |
|    sec_per_step         | 0.148       |
|    time_elapsed         | 4157        |
|    total_timesteps      | 27136       |
| train/                  |             |
|    approx_kl            | 0.009661213 |
|    clip_fraction        | 0.0885      |
|    clip_range           | 0.2         |
|    entropy_loss         | -3.69       |
|    explained_variance   | 0.718       |
|    learning_rate        | 0.0001      |
|    loss                 | 0.0791      |
|    n_updates            | 520         |
|    policy_gradient_loss | -0.0163     |
|    std                  | 0.826       |
|    value_loss           | 0.301       |
-----------------------------------------
[E2] ~7.1h remaining (172352 steps left @ 0.15s/step)
-----------------------------------------
| rollout/                |             |
|    ep_len_mean          | 6.3         |
|    ep_rew_mean          | 0.814       |
| time/                   |             |
|    eta_hours            | 7.08        |
|    fps                  | 6           |
|    iterations           | 54          |
|    sec_per_step         | 0.148       |
|    time_elapsed         | 4233        |
|    total_timesteps      | 27648       |
| train/                  |             |
|    approx_kl            | 0.011660002 |
|    clip_fraction        | 0.135       |
|    clip_range           | 0.2         |
|    entropy_loss         | -3.68       |
|    explained_variance   | 0.703       |
|    learning_rate        | 0.0001      |
|    loss                 | 0.0883      |
|    n_updates            | 530         |
|    policy_gradient_loss | -0.0204     |
|    std                  | 0.824       |
|    value_loss           | 0.312       |
-----------------------------------------
[E2] ~7.1h remaining (171840 steps left @ 0.15s/step)
-----------------------------------------
| rollout/                |             |
|    ep_len_mean          | 6.66        |
|    ep_rew_mean          | 0.869       |
| time/                   |             |
|    eta_hours            | 7.07        |
|    fps                  | 6           |
|    iterations           | 55          |
|    sec_per_step         | 0.148       |
|    time_elapsed         | 4309        |
|    total_timesteps      | 28160       |
| train/                  |             |
|    approx_kl            | 0.010482851 |
|    clip_fraction        | 0.101       |
|    clip_range           | 0.2         |
|    entropy_loss         | -3.67       |
|    explained_variance   | 0.771       |
|    learning_rate        | 0.0001      |
|    loss                 | 0.0829      |
|    n_updates            | 540         |
|    policy_gradient_loss | -0.0176     |
|    std                  | 0.822       |
|    value_loss           | 0.221       |
-----------------------------------------
[E2] ~7.0h remaining (171328 steps left @ 0.15s/step)
-----------------------------------------
| rollout/                |             |
|    ep_len_mean          | 6.56        |
|    ep_rew_mean          | 0.825       |
| time/                   |             |
|    eta_hours            | 7.01        |
|    fps                  | 6           |
|    iterations           | 56          |
|    sec_per_step         | 0.147       |
|    time_elapsed         | 4383        |
|    total_timesteps      | 28672       |
| train/                  |             |
|    approx_kl            | 0.009714631 |
|    clip_fraction        | 0.11        |
|    clip_range           | 0.2         |
|    entropy_loss         | -3.66       |
|    explained_variance   | 0.851       |
|    learning_rate        | 0.0001      |
|    loss                 | 0.0371      |
|    n_updates            | 550         |
|    policy_gradient_loss | -0.0159     |
|    std                  | 0.819       |
|    value_loss           | 0.154       |
-----------------------------------------
[E2] ~7.0h remaining (170816 steps left @ 0.15s/step)
-----------------------------------------
| rollout/                |             |
|    ep_len_mean          | 6.44        |
|    ep_rew_mean          | 0.848       |
| time/                   |             |
|    eta_hours            | 7           |
|    fps                  | 6           |
|    iterations           | 57          |
|    sec_per_step         | 0.148       |
|    time_elapsed         | 4459        |
|    total_timesteps      | 29184       |
| train/                  |             |
|    approx_kl            | 0.015260266 |
|    clip_fraction        | 0.154       |
|    clip_range           | 0.2         |
|    entropy_loss         | -3.65       |
|    explained_variance   | 0.762       |
|    learning_rate        | 0.0001      |
|    loss                 | 0.0381      |
|    n_updates            | 560         |
|    policy_gradient_loss | -0.0242     |
|    std                  | 0.816       |
|    value_loss           | 0.245       |
-----------------------------------------
[E2] ~7.0h remaining (170304 steps left @ 0.15s/step)
-----------------------------------------
| rollout/                |             |
|    ep_len_mean          | 6.19        |
|    ep_rew_mean          | 0.85        |
| time/                   |             |
|    eta_hours            | 6.97        |
|    fps                  | 6           |
|    iterations           | 58          |
|    sec_per_step         | 0.147       |
|    time_elapsed         | 4534        |
|    total_timesteps      | 29696       |
| train/                  |             |
|    approx_kl            | 0.008747719 |
|    clip_fraction        | 0.0789      |
|    clip_range           | 0.2         |
|    entropy_loss         | -3.64       |
|    explained_variance   | 0.804       |
|    learning_rate        | 0.0001      |
|    loss                 | 0.0256      |
|    n_updates            | 570         |
|    policy_gradient_loss | -0.0185     |
|    std                  | 0.814       |
|    value_loss           | 0.205       |
-----------------------------------------
[E2 eval @ step 30000]  MAPE=13.48%  p90=17.53%  success(<5%)=0.0%  mean_scan_time=216.1s
[E2 eval]  → new best MAPE 13.48% saved to runs/e2/ppo_runA_deltamape/best
[E2] ~8.2h remaining (169792 steps left @ 0.17s/step)
-----------------------------------------
| rollout/                |             |
|    ep_len_mean          | 6.52        |
|    ep_rew_mean          | 0.869       |
| time/                   |             |
|    eta_hours            | 8.15        |
|    fps                  | 6           |
|    iterations           | 59          |
|    sec_per_step         | 0.173       |
|    time_elapsed         | 4653        |
|    total_timesteps      | 30208       |
| train/                  |             |
|    approx_kl            | 0.013806693 |
|    clip_fraction        | 0.171       |
|    clip_range           | 0.2         |
|    entropy_loss         | -3.63       |
|    explained_variance   | 0.703       |
|    learning_rate        | 0.0001      |
|    loss                 | 0.146       |
|    n_updates            | 580         |
|    policy_gradient_loss | -0.0192     |
|    std                  | 0.811       |
|    value_loss           | 0.322       |
-----------------------------------------
[E2] ~7.8h remaining (169280 steps left @ 0.17s/step)
-----------------------------------------
| rollout/                |             |
|    ep_len_mean          | 6.4         |
|    ep_rew_mean          | 0.871       |
| time/                   |             |
|    eta_hours            | 7.77        |
|    fps                  | 6           |
|    iterations           | 60          |
|    sec_per_step         | 0.165       |
|    time_elapsed         | 4729        |
|    total_timesteps      | 30720       |
| train/                  |             |
|    approx_kl            | 0.014814619 |
|    clip_fraction        | 0.166       |
|    clip_range           | 0.2         |
|    entropy_loss         | -3.62       |
|    explained_variance   | 0.795       |
|    learning_rate        | 0.0001      |
|    loss                 | 0.061       |
|    n_updates            | 590         |
|    policy_gradient_loss | -0.0232     |
|    std                  | 0.808       |
|    value_loss           | 0.211       |
-----------------------------------------
[E2] ~7.5h remaining (168768 steps left @ 0.16s/step)
-----------------------------------------
| rollout/                |             |
|    ep_len_mean          | 6.27        |
|    ep_rew_mean          | 0.824       |
| time/                   |             |
|    eta_hours            | 7.51        |
|    fps                  | 6           |
|    iterations           | 61          |
|    sec_per_step         | 0.16        |
|    time_elapsed         | 4805        |
|    total_timesteps      | 31232       |
| train/                  |             |
|    approx_kl            | 0.010058114 |
|    clip_fraction        | 0.101       |
|    clip_range           | 0.2         |
|    entropy_loss         | -3.61       |
|    explained_variance   | 0.802       |
|    learning_rate        | 0.0001      |
|    loss                 | 0.122       |
|    n_updates            | 600         |
|    policy_gradient_loss | -0.016      |
|    std                  | 0.804       |
|    value_loss           | 0.214       |
-----------------------------------------
[E2] ~7.3h remaining (168256 steps left @ 0.16s/step)
-----------------------------------------
| rollout/                |             |
|    ep_len_mean          | 6.46        |
|    ep_rew_mean          | 0.855       |
| time/                   |             |
|    eta_hours            | 7.33        |
|    fps                  | 6           |
|    iterations           | 62          |
|    sec_per_step         | 0.157       |
|    time_elapsed         | 4881        |
|    total_timesteps      | 31744       |
| train/                  |             |
|    approx_kl            | 0.011550209 |
|    clip_fraction        | 0.151       |
|    clip_range           | 0.2         |
|    entropy_loss         | -3.6        |
|    explained_variance   | 0.766       |
|    learning_rate        | 0.0001      |
|    loss                 | 0.0776      |
|    n_updates            | 610         |
|    policy_gradient_loss | -0.0246     |
|    std                  | 0.802       |
|    value_loss           | 0.242       |
-----------------------------------------
[E2] ~7.2h remaining (167744 steps left @ 0.15s/step)
-----------------------------------------
| rollout/                |             |
|    ep_len_mean          | 6.42        |
|    ep_rew_mean          | 0.864       |
| time/                   |             |
|    eta_hours            | 7.21        |
|    fps                  | 6           |
|    iterations           | 63          |
|    sec_per_step         | 0.155       |
|    time_elapsed         | 4958        |
|    total_timesteps      | 32256       |
| train/                  |             |
|    approx_kl            | 0.012213981 |
|    clip_fraction        | 0.108       |
|    clip_range           | 0.2         |
|    entropy_loss         | -3.59       |
|    explained_variance   | 0.803       |
|    learning_rate        | 0.0001      |
|    loss                 | 0.0272      |
|    n_updates            | 620         |
|    policy_gradient_loss | -0.0169     |
|    std                  | 0.8         |
|    value_loss           | 0.207       |
-----------------------------------------
[E2] ~7.1h remaining (167232 steps left @ 0.15s/step)
----------------------------------------
| rollout/                |            |
|    ep_len_mean          | 6.59       |
|    ep_rew_mean          | 0.887      |
| time/                   |            |
|    eta_hours            | 7.11       |
|    fps                  | 6          |
|    iterations           | 64         |
|    sec_per_step         | 0.153      |
|    time_elapsed         | 5034       |
|    total_timesteps      | 32768      |
| train/                  |            |
|    approx_kl            | 0.01347431 |
|    clip_fraction        | 0.098      |
|    clip_range           | 0.2        |
|    entropy_loss         | -3.59      |
|    explained_variance   | 0.765      |
|    learning_rate        | 0.0001     |
|    loss                 | 0.0664     |
|    n_updates            | 630        |
|    policy_gradient_loss | -0.0167    |
|    std                  | 0.799      |
|    value_loss           | 0.247      |
----------------------------------------
[E2] ~7.0h remaining (166720 steps left @ 0.15s/step)
-----------------------------------------
| rollout/                |             |
|    ep_len_mean          | 6.52        |
|    ep_rew_mean          | 0.866       |
| time/                   |             |
|    eta_hours            | 7.01        |
|    fps                  | 6           |
|    iterations           | 65          |
|    sec_per_step         | 0.151       |
|    time_elapsed         | 5109        |
|    total_timesteps      | 33280       |
| train/                  |             |
|    approx_kl            | 0.008141493 |
|    clip_fraction        | 0.0836      |
|    clip_range           | 0.2         |
|    entropy_loss         | -3.58       |
|    explained_variance   | 0.855       |
|    learning_rate        | 0.0001      |
|    loss                 | 0.0122      |
|    n_updates            | 640         |
|    policy_gradient_loss | -0.0168     |
|    std                  | 0.796       |
|    value_loss           | 0.149       |
-----------------------------------------
[E2] ~6.9h remaining (166208 steps left @ 0.15s/step)
-----------------------------------------
| rollout/                |             |
|    ep_len_mean          | 6.71        |
|    ep_rew_mean          | 0.876       |
| time/                   |             |
|    eta_hours            | 6.91        |
|    fps                  | 6           |
|    iterations           | 66          |
|    sec_per_step         | 0.15        |
|    time_elapsed         | 5184        |
|    total_timesteps      | 33792       |
| train/                  |             |
|    approx_kl            | 0.012111321 |
|    clip_fraction        | 0.136       |
|    clip_range           | 0.2         |
|    entropy_loss         | -3.57       |
|    explained_variance   | 0.756       |
|    learning_rate        | 0.0001      |
|    loss                 | 0.0982      |
|    n_updates            | 650         |
|    policy_gradient_loss | -0.0211     |
|    std                  | 0.795       |
|    value_loss           | 0.25        |
-----------------------------------------
[E2] ~6.9h remaining (165696 steps left @ 0.15s/step)
-----------------------------------------
| rollout/                |             |
|    ep_len_mean          | 6.79        |
|    ep_rew_mean          | 0.852       |
| time/                   |             |
|    eta_hours            | 6.87        |
|    fps                  | 6           |
|    iterations           | 67          |
|    sec_per_step         | 0.149       |
|    time_elapsed         | 5260        |
|    total_timesteps      | 34304       |
| train/                  |             |
|    approx_kl            | 0.012144869 |
|    clip_fraction        | 0.135       |
|    clip_range           | 0.2         |
|    entropy_loss         | -3.56       |
|    explained_variance   | 0.821       |
|    learning_rate        | 0.0001      |
|    loss                 | 0.0167      |
|    n_updates            | 660         |
|    policy_gradient_loss | -0.0207     |
|    std                  | 0.792       |
|    value_loss           | 0.175       |
-----------------------------------------
[E2] ~6.8h remaining (165184 steps left @ 0.15s/step)
-----------------------------------------
| rollout/                |             |
|    ep_len_mean          | 6.69        |
|    ep_rew_mean          | 0.831       |
| time/                   |             |
|    eta_hours            | 6.8         |
|    fps                  | 6           |
|    iterations           | 68          |
|    sec_per_step         | 0.148       |
|    time_elapsed         | 5335        |
|    total_timesteps      | 34816       |
| train/                  |             |
|    approx_kl            | 0.012781357 |
|    clip_fraction        | 0.127       |
|    clip_range           | 0.2         |
|    entropy_loss         | -3.55       |
|    explained_variance   | 0.846       |
|    learning_rate        | 0.0001      |
|    loss                 | -0.00786    |
|    n_updates            | 670         |
|    policy_gradient_loss | -0.0218     |
|    std                  | 0.79        |
|    value_loss           | 0.148       |
-----------------------------------------
[E2] ~6.8h remaining (164672 steps left @ 0.15s/step)
-----------------------------------------
| rollout/                |             |
|    ep_len_mean          | 6.54        |
|    ep_rew_mean          | 0.873       |
| time/                   |             |
|    eta_hours            | 6.78        |
|    fps                  | 6           |
|    iterations           | 69          |
|    sec_per_step         | 0.148       |
|    time_elapsed         | 5411        |
|    total_timesteps      | 35328       |
| train/                  |             |
|    approx_kl            | 0.010761793 |
|    clip_fraction        | 0.127       |
|    clip_range           | 0.2         |
|    entropy_loss         | -3.54       |
|    explained_variance   | 0.782       |
|    learning_rate        | 0.0001      |
|    loss                 | 0.0883      |
|    n_updates            | 680         |
|    policy_gradient_loss | -0.0193     |
|    std                  | 0.787       |
|    value_loss           | 0.189       |
-----------------------------------------
[E2] ~6.7h remaining (164160 steps left @ 0.15s/step)
------------------------------------------
| rollout/                |              |
|    ep_len_mean          | 6.59         |
|    ep_rew_mean          | 0.863        |
| time/                   |              |
|    eta_hours            | 6.73         |
|    fps                  | 6            |
|    iterations           | 70           |
|    sec_per_step         | 0.148        |
|    time_elapsed         | 5485         |
|    total_timesteps      | 35840        |
| train/                  |              |
|    approx_kl            | 0.0074613905 |
|    clip_fraction        | 0.0994       |
|    clip_range           | 0.2          |
|    entropy_loss         | -3.53        |
|    explained_variance   | 0.833        |
|    learning_rate        | 0.0001       |
|    loss                 | 0.0438       |
|    n_updates            | 690          |
|    policy_gradient_loss | -0.0174      |
|    std                  | 0.784        |
|    value_loss           | 0.17         |
------------------------------------------
[E2] ~6.7h remaining (163648 steps left @ 0.15s/step)
-----------------------------------------
| rollout/                |             |
|    ep_len_mean          | 6.8         |
|    ep_rew_mean          | 0.884       |
| time/                   |             |
|    eta_hours            | 6.71        |
|    fps                  | 6           |
|    iterations           | 71          |
|    sec_per_step         | 0.148       |
|    time_elapsed         | 5561        |
|    total_timesteps      | 36352       |
| train/                  |             |
|    approx_kl            | 0.012545223 |
|    clip_fraction        | 0.111       |
|    clip_range           | 0.2         |
|    entropy_loss         | -3.52       |
|    explained_variance   | 0.759       |
|    learning_rate        | 0.0001      |
|    loss                 | 0.0549      |
|    n_updates            | 700         |
|    policy_gradient_loss | -0.0174     |
|    std                  | 0.781       |
|    value_loss           | 0.237       |
-----------------------------------------
[E2] ~6.7h remaining (163136 steps left @ 0.15s/step)
----------------------------------------
| rollout/                |            |
|    ep_len_mean          | 6.79       |
|    ep_rew_mean          | 0.837      |
| time/                   |            |
|    eta_hours            | 6.72       |
|    fps                  | 6          |
|    iterations           | 72         |
|    sec_per_step         | 0.148      |
|    time_elapsed         | 5638       |
|    total_timesteps      | 36864      |
| train/                  |            |
|    approx_kl            | 0.00862951 |
|    clip_fraction        | 0.0982     |
|    clip_range           | 0.2        |
|    entropy_loss         | -3.51      |
|    explained_variance   | 0.8        |
|    learning_rate        | 0.0001     |
|    loss                 | 0.059      |
|    n_updates            | 710        |
|    policy_gradient_loss | -0.0167    |
|    std                  | 0.777      |
|    value_loss           | 0.205      |
----------------------------------------
[E2] ~6.7h remaining (162624 steps left @ 0.15s/step)
-----------------------------------------
| rollout/                |             |
|    ep_len_mean          | 6.79        |
|    ep_rew_mean          | 0.863       |
| time/                   |             |
|    eta_hours            | 6.71        |
|    fps                  | 6           |
|    iterations           | 73          |
|    sec_per_step         | 0.148       |
|    time_elapsed         | 5714        |
|    total_timesteps      | 37376       |
| train/                  |             |
|    approx_kl            | 0.009796854 |
|    clip_fraction        | 0.0965      |
|    clip_range           | 0.2         |
|    entropy_loss         | -3.5        |
|    explained_variance   | 0.746       |
|    learning_rate        | 0.0001      |
|    loss                 | -0.0136     |
|    n_updates            | 720         |
|    policy_gradient_loss | -0.0194     |
|    std                  | 0.776       |
|    value_loss           | 0.26        |
-----------------------------------------
[E2] ~6.7h remaining (162112 steps left @ 0.15s/step)
-----------------------------------------
| rollout/                |             |
|    ep_len_mean          | 6.56        |
|    ep_rew_mean          | 0.88        |
| time/                   |             |
|    eta_hours            | 6.7         |
|    fps                  | 6           |
|    iterations           | 74          |
|    sec_per_step         | 0.149       |
|    time_elapsed         | 5791        |
|    total_timesteps      | 37888       |
| train/                  |             |
|    approx_kl            | 0.010713546 |
|    clip_fraction        | 0.139       |
|    clip_range           | 0.2         |
|    entropy_loss         | -3.49       |
|    explained_variance   | 0.804       |
|    learning_rate        | 0.0001      |
|    loss                 | 0.0643      |
|    n_updates            | 730         |
|    policy_gradient_loss | -0.0185     |
|    std                  | 0.774       |
|    value_loss           | 0.217       |
-----------------------------------------
[E2] ~6.7h remaining (161600 steps left @ 0.15s/step)
-----------------------------------------
| rollout/                |             |
|    ep_len_mean          | 6.88        |
|    ep_rew_mean          | 0.878       |
| time/                   |             |
|    eta_hours            | 6.7         |
|    fps                  | 6           |
|    iterations           | 75          |
|    sec_per_step         | 0.149       |
|    time_elapsed         | 5867        |
|    total_timesteps      | 38400       |
| train/                  |             |
|    approx_kl            | 0.009185577 |
|    clip_fraction        | 0.0953      |
|    clip_range           | 0.2         |
|    entropy_loss         | -3.48       |
|    explained_variance   | 0.843       |
|    learning_rate        | 0.0001      |
|    loss                 | 0.0161      |
|    n_updates            | 740         |
|    policy_gradient_loss | -0.017      |
|    std                  | 0.771       |
|    value_loss           | 0.165       |
-----------------------------------------
[E2] ~6.7h remaining (161088 steps left @ 0.15s/step)
----------------------------------------
| rollout/                |            |
|    ep_len_mean          | 6.72       |
|    ep_rew_mean          | 0.847      |
| time/                   |            |
|    eta_hours            | 6.68       |
|    fps                  | 6          |
|    iterations           | 76         |
|    sec_per_step         | 0.149      |
|    time_elapsed         | 5944       |
|    total_timesteps      | 38912      |
| train/                  |            |
|    approx_kl            | 0.01645549 |
|    clip_fraction        | 0.107      |
|    clip_range           | 0.2        |
|    entropy_loss         | -3.48      |
|    explained_variance   | 0.741      |
|    learning_rate        | 0.0001     |
|    loss                 | 0.0734     |
|    n_updates            | 750        |
|    policy_gradient_loss | -0.0225    |
|    std                  | 0.772      |
|    value_loss           | 0.254      |
----------------------------------------
[E2] ~6.6h remaining (160576 steps left @ 0.15s/step)
----------------------------------------
| rollout/                |            |
|    ep_len_mean          | 6.81       |
|    ep_rew_mean          | 0.863      |
| time/                   |            |
|    eta_hours            | 6.63       |
|    fps                  | 6          |
|    iterations           | 77         |
|    sec_per_step         | 0.149      |
|    time_elapsed         | 6019       |
|    total_timesteps      | 39424      |
| train/                  |            |
|    approx_kl            | 0.00825548 |
|    clip_fraction        | 0.0945     |
|    clip_range           | 0.2        |
|    entropy_loss         | -3.47      |
|    explained_variance   | 0.767      |
|    learning_rate        | 0.0001     |
|    loss                 | 0.0463     |
|    n_updates            | 760        |
|    policy_gradient_loss | -0.0211    |
|    std                  | 0.77       |
|    value_loss           | 0.237      |
----------------------------------------
[E2] ~6.7h remaining (160064 steps left @ 0.15s/step)
-----------------------------------------
| rollout/                |             |
|    ep_len_mean          | 6.65        |
|    ep_rew_mean          | 0.873       |
| time/                   |             |
|    eta_hours            | 6.67        |
|    fps                  | 6           |
|    iterations           | 78          |
|    sec_per_step         | 0.15        |
|    time_elapsed         | 6098        |
|    total_timesteps      | 39936       |
| train/                  |             |
|    approx_kl            | 0.013359368 |
|    clip_fraction        | 0.115       |
|    clip_range           | 0.2         |
|    entropy_loss         | -3.47       |
|    explained_variance   | 0.823       |
|    learning_rate        | 0.0001      |
|    loss                 | 0.0233      |
|    n_updates            | 770         |
|    policy_gradient_loss | -0.0212     |
|    std                  | 0.767       |
|    value_loss           | 0.178       |
-----------------------------------------
[E2 eval @ step 40000]  MAPE=10.49%  p90=13.58%  success(<5%)=0.0%  mean_scan_time=221.2s
[E2 eval]  → new best MAPE 10.49% saved to runs/e2/ppo_runA_deltamape/best
[E2] ~7.8h remaining (159552 steps left @ 0.18s/step)
----------------------------------------
| rollout/                |            |
|    ep_len_mean          | 6.85       |
|    ep_rew_mean          | 0.87       |
| time/                   |            |
|    eta_hours            | 7.82       |
|    fps                  | 6          |
|    iterations           | 79         |
|    sec_per_step         | 0.176      |
|    time_elapsed         | 6220       |
|    total_timesteps      | 40448      |
| train/                  |            |
|    approx_kl            | 0.01137081 |
|    clip_fraction        | 0.0977     |
|    clip_range           | 0.2        |
|    entropy_loss         | -3.46      |
|    explained_variance   | 0.768      |
|    learning_rate        | 0.0001     |
|    loss                 | 0.0481     |
|    n_updates            | 780        |
|    policy_gradient_loss | -0.0224    |
|    std                  | 0.765      |
|    value_loss           | 0.223      |
----------------------------------------
[E2] ~7.4h remaining (159040 steps left @ 0.17s/step)
-----------------------------------------
| rollout/                |             |
|    ep_len_mean          | 7.04        |
|    ep_rew_mean          | 0.868       |
| time/                   |             |
|    eta_hours            | 7.42        |
|    fps                  | 6           |
|    iterations           | 80          |
|    sec_per_step         | 0.168       |
|    time_elapsed         | 6296        |
|    total_timesteps      | 40960       |
| train/                  |             |
|    approx_kl            | 0.009638251 |
|    clip_fraction        | 0.0996      |
|    clip_range           | 0.2         |
|    entropy_loss         | -3.45       |
|    explained_variance   | 0.808       |
|    learning_rate        | 0.0001      |
|    loss                 | 0.0372      |
|    n_updates            | 790         |
|    policy_gradient_loss | -0.0226     |
|    std                  | 0.762       |
|    value_loss           | 0.176       |
-----------------------------------------
[E2] ~7.1h remaining (158528 steps left @ 0.16s/step)
-----------------------------------------
| rollout/                |             |
|    ep_len_mean          | 6.72        |
|    ep_rew_mean          | 0.84        |
| time/                   |             |
|    eta_hours            | 7.13        |
|    fps                  | 6           |
|    iterations           | 81          |
|    sec_per_step         | 0.162       |
|    time_elapsed         | 6371        |
|    total_timesteps      | 41472       |
| train/                  |             |
|    approx_kl            | 0.015685156 |
|    clip_fraction        | 0.143       |
|    clip_range           | 0.2         |
|    entropy_loss         | -3.43       |
|    explained_variance   | 0.807       |
|    learning_rate        | 0.0001      |
|    loss                 | 0.00265     |
|    n_updates            | 800         |
|    policy_gradient_loss | -0.0195     |
|    std                  | 0.759       |
|    value_loss           | 0.185       |
-----------------------------------------
[E2] ~6.9h remaining (158016 steps left @ 0.16s/step)
----------------------------------------
| rollout/                |            |
|    ep_len_mean          | 6.49       |
|    ep_rew_mean          | 0.868      |
| time/                   |            |
|    eta_hours            | 6.94       |
|    fps                  | 6          |
|    iterations           | 82         |
|    sec_per_step         | 0.158      |
|    time_elapsed         | 6448       |
|    total_timesteps      | 41984      |
| train/                  |            |
|    approx_kl            | 0.01379245 |
|    clip_fraction        | 0.169      |
|    clip_range           | 0.2        |
|    entropy_loss         | -3.42      |
|    explained_variance   | 0.789      |
|    learning_rate        | 0.0001     |
|    loss                 | 0.0394     |
|    n_updates            | 810        |
|    policy_gradient_loss | -0.0236    |
|    std                  | 0.755      |
|    value_loss           | 0.189      |
----------------------------------------
[E2] ~6.8h remaining (157504 steps left @ 0.16s/step)
----------------------------------------
| rollout/                |            |
|    ep_len_mean          | 6.36       |
|    ep_rew_mean          | 0.857      |
| time/                   |            |
|    eta_hours            | 6.81       |
|    fps                  | 6          |
|    iterations           | 83         |
|    sec_per_step         | 0.156      |
|    time_elapsed         | 6524       |
|    total_timesteps      | 42496      |
| train/                  |            |
|    approx_kl            | 0.01127165 |
|    clip_fraction        | 0.0982     |
|    clip_range           | 0.2        |
|    entropy_loss         | -3.41      |
|    explained_variance   | 0.819      |
|    learning_rate        | 0.0001     |
|    loss                 | 0.0366     |
|    n_updates            | 820        |
|    policy_gradient_loss | -0.0114    |
|    std                  | 0.754      |
|    value_loss           | 0.179      |
----------------------------------------
[E2] ~6.7h remaining (156992 steps left @ 0.15s/step)
------------------------------------------
| rollout/                |              |
|    ep_len_mean          | 6.25         |
|    ep_rew_mean          | 0.84         |
| time/                   |              |
|    eta_hours            | 6.71         |
|    fps                  | 6            |
|    iterations           | 84           |
|    sec_per_step         | 0.154        |
|    time_elapsed         | 6601         |
|    total_timesteps      | 43008        |
| train/                  |              |
|    approx_kl            | 0.0073279203 |
|    clip_fraction        | 0.0623       |
|    clip_range           | 0.2          |
|    entropy_loss         | -3.4         |
|    explained_variance   | 0.753        |
|    learning_rate        | 0.0001       |
|    loss                 | 0.0233       |
|    n_updates            | 830          |
|    policy_gradient_loss | -0.0133      |
|    std                  | 0.75         |
|    value_loss           | 0.247        |
------------------------------------------
[E2] ~6.6h remaining (156480 steps left @ 0.15s/step)
-----------------------------------------
| rollout/                |             |
|    ep_len_mean          | 6.56        |
|    ep_rew_mean          | 0.846       |
| time/                   |             |
|    eta_hours            | 6.6         |
|    fps                  | 6           |
|    iterations           | 85          |
|    sec_per_step         | 0.152       |
|    time_elapsed         | 6676        |
|    total_timesteps      | 43520       |
| train/                  |             |
|    approx_kl            | 0.013687396 |
|    clip_fraction        | 0.121       |
|    clip_range           | 0.2         |
|    entropy_loss         | -3.39       |
|    explained_variance   | 0.765       |
|    learning_rate        | 0.0001      |
|    loss                 | 0.0154      |
|    n_updates            | 840         |
|    policy_gradient_loss | -0.0206     |
|    std                  | 0.749       |
|    value_loss           | 0.233       |
-----------------------------------------
[E2] ~6.6h remaining (155968 steps left @ 0.15s/step)
-----------------------------------------
| rollout/                |             |
|    ep_len_mean          | 6.4         |
|    ep_rew_mean          | 0.874       |
| time/                   |             |
|    eta_hours            | 6.57        |
|    fps                  | 6           |
|    iterations           | 86          |
|    sec_per_step         | 0.152       |
|    time_elapsed         | 6754        |
|    total_timesteps      | 44032       |
| train/                  |             |
|    approx_kl            | 0.007993821 |
|    clip_fraction        | 0.0705      |
|    clip_range           | 0.2         |
|    entropy_loss         | -3.38       |
|    explained_variance   | 0.659       |
|    learning_rate        | 0.0001      |
|    loss                 | 0.108       |
|    n_updates            | 850         |
|    policy_gradient_loss | -0.0165     |
|    std                  | 0.746       |
|    value_loss           | 0.323       |
-----------------------------------------
[E2] ~6.5h remaining (155456 steps left @ 0.15s/step)
------------------------------------------
| rollout/                |              |
|    ep_len_mean          | 6.62         |
|    ep_rew_mean          | 0.882        |
| time/                   |              |
|    eta_hours            | 6.5          |
|    fps                  | 6            |
|    iterations           | 87           |
|    sec_per_step         | 0.151        |
|    time_elapsed         | 6830         |
|    total_timesteps      | 44544        |
| train/                  |              |
|    approx_kl            | 0.0131258145 |
|    clip_fraction        | 0.126        |
|    clip_range           | 0.2          |
|    entropy_loss         | -3.37        |
|    explained_variance   | 0.809        |
|    learning_rate        | 0.0001       |
|    loss                 | 0.011        |
|    n_updates            | 860          |
|    policy_gradient_loss | -0.0214      |
|    std                  | 0.743        |
|    value_loss           | 0.183        |
------------------------------------------
[E2] ~6.5h remaining (154944 steps left @ 0.15s/step)
-----------------------------------------
| rollout/                |             |
|    ep_len_mean          | 6.62        |
|    ep_rew_mean          | 0.896       |
| time/                   |             |
|    eta_hours            | 6.48        |
|    fps                  | 6           |
|    iterations           | 88          |
|    sec_per_step         | 0.151       |
|    time_elapsed         | 6907        |
|    total_timesteps      | 45056       |
| train/                  |             |
|    approx_kl            | 0.012732682 |
|    clip_fraction        | 0.131       |
|    clip_range           | 0.2         |
|    entropy_loss         | -3.37       |
|    explained_variance   | 0.764       |
|    learning_rate        | 0.0001      |
|    loss                 | 0.0432      |
|    n_updates            | 870         |
|    policy_gradient_loss | -0.0197     |
|    std                  | 0.743       |
|    value_loss           | 0.226       |
-----------------------------------------
[E2] ~6.4h remaining (154432 steps left @ 0.15s/step)
----------------------------------------
| rollout/                |            |
|    ep_len_mean          | 6.74       |
|    ep_rew_mean          | 0.884      |
| time/                   |            |
|    eta_hours            | 6.44       |
|    fps                  | 6          |
|    iterations           | 89         |
|    sec_per_step         | 0.15       |
|    time_elapsed         | 6983       |
|    total_timesteps      | 45568      |
| train/                  |            |
|    approx_kl            | 0.01503148 |
|    clip_fraction        | 0.204      |
|    clip_range           | 0.2        |
|    entropy_loss         | -3.36      |
|    explained_variance   | 0.827      |
|    learning_rate        | 0.0001     |
|    loss                 | 0.0656     |
|    n_updates            | 880        |
|    policy_gradient_loss | -0.0258    |
|    std                  | 0.743      |
|    value_loss           | 0.173      |
----------------------------------------
[E2] ~6.5h remaining (153920 steps left @ 0.15s/step)
-----------------------------------------
| rollout/                |             |
|    ep_len_mean          | 6.72        |
|    ep_rew_mean          | 0.896       |
| time/                   |             |
|    eta_hours            | 6.46        |
|    fps                  | 6           |
|    iterations           | 90          |
|    sec_per_step         | 0.151       |
|    time_elapsed         | 7061        |
|    total_timesteps      | 46080       |
| train/                  |             |
|    approx_kl            | 0.012996571 |
|    clip_fraction        | 0.102       |
|    clip_range           | 0.2         |
|    entropy_loss         | -3.36       |
|    explained_variance   | 0.713       |
|    learning_rate        | 0.0001      |
|    loss                 | 0.0865      |
|    n_updates            | 890         |
|    policy_gradient_loss | -0.0198     |
|    std                  | 0.742       |
|    value_loss           | 0.265       |
-----------------------------------------
[E2] ~6.4h remaining (153408 steps left @ 0.15s/step)
-----------------------------------------
| rollout/                |             |
|    ep_len_mean          | 6.63        |
|    ep_rew_mean          | 0.846       |
| time/                   |             |
|    eta_hours            | 6.42        |
|    fps                  | 6           |
|    iterations           | 91          |
|    sec_per_step         | 0.151       |
|    time_elapsed         | 7138        |
|    total_timesteps      | 46592       |
| train/                  |             |
|    approx_kl            | 0.012688586 |
|    clip_fraction        | 0.127       |
|    clip_range           | 0.2         |
|    entropy_loss         | -3.36       |
|    explained_variance   | 0.809       |
|    learning_rate        | 0.0001      |
|    loss                 | 0.0209      |
|    n_updates            | 900         |
|    policy_gradient_loss | -0.018      |
|    std                  | 0.74        |
|    value_loss           | 0.185       |
-----------------------------------------
[E2] ~6.4h remaining (152896 steps left @ 0.15s/step)
-----------------------------------------
| rollout/                |             |
|    ep_len_mean          | 7           |
|    ep_rew_mean          | 0.861       |
| time/                   |             |
|    eta_hours            | 6.39        |
|    fps                  | 6           |
|    iterations           | 92          |
|    sec_per_step         | 0.15        |
|    time_elapsed         | 7215        |
|    total_timesteps      | 47104       |
| train/                  |             |
|    approx_kl            | 0.008241607 |
|    clip_fraction        | 0.115       |
|    clip_range           | 0.2         |
|    entropy_loss         | -3.35       |
|    explained_variance   | 0.82        |
|    learning_rate        | 0.0001      |
|    loss                 | 0.0365      |
|    n_updates            | 910         |
|    policy_gradient_loss | -0.0186     |
|    std                  | 0.739       |
|    value_loss           | 0.172       |
-----------------------------------------
[E2] ~6.4h remaining (152384 steps left @ 0.15s/step)
-----------------------------------------
| rollout/                |             |
|    ep_len_mean          | 7.03        |
|    ep_rew_mean          | 0.849       |
| time/                   |             |
|    eta_hours            | 6.38        |
|    fps                  | 6           |
|    iterations           | 93          |
|    sec_per_step         | 0.151       |
|    time_elapsed         | 7292        |
|    total_timesteps      | 47616       |
| train/                  |             |
|    approx_kl            | 0.015360536 |
|    clip_fraction        | 0.159       |
|    clip_range           | 0.2         |
|    entropy_loss         | -3.34       |
|    explained_variance   | 0.82        |
|    learning_rate        | 0.0001      |
|    loss                 | 0.0148      |
|    n_updates            | 920         |
|    policy_gradient_loss | -0.0163     |
|    std                  | 0.737       |
|    value_loss           | 0.181       |
-----------------------------------------
[E2] ~6.4h remaining (151872 steps left @ 0.15s/step)
-----------------------------------------
| rollout/                |             |
|    ep_len_mean          | 7.05        |
|    ep_rew_mean          | 0.868       |
| time/                   |             |
|    eta_hours            | 6.37        |
|    fps                  | 6           |
|    iterations           | 94          |
|    sec_per_step         | 0.151       |
|    time_elapsed         | 7370        |
|    total_timesteps      | 48128       |
| train/                  |             |
|    approx_kl            | 0.012837648 |
|    clip_fraction        | 0.123       |
|    clip_range           | 0.2         |
|    entropy_loss         | -3.34       |
|    explained_variance   | 0.744       |
|    learning_rate        | 0.0001      |
|    loss                 | 0.105       |
|    n_updates            | 930         |
|    policy_gradient_loss | -0.0179     |
|    std                  | 0.735       |
|    value_loss           | 0.245       |
-----------------------------------------
[E2] ~6.3h remaining (151360 steps left @ 0.15s/step)
------------------------------------------
| rollout/                |              |
|    ep_len_mean          | 7.01         |
|    ep_rew_mean          | 0.902        |
| time/                   |              |
|    eta_hours            | 6.34         |
|    fps                  | 6            |
|    iterations           | 95           |
|    sec_per_step         | 0.151        |
|    time_elapsed         | 7447         |
|    total_timesteps      | 48640        |
| train/                  |              |
|    approx_kl            | 0.0073141805 |
|    clip_fraction        | 0.0564       |
|    clip_range           | 0.2          |
|    entropy_loss         | -3.33        |
|    explained_variance   | 0.762        |
|    learning_rate        | 0.0001       |
|    loss                 | 0.0636       |
|    n_updates            | 940          |
|    policy_gradient_loss | -0.0156      |
|    std                  | 0.732        |
|    value_loss           | 0.211        |
------------------------------------------
[E2] ~6.3h remaining (150848 steps left @ 0.15s/step)
-----------------------------------------
| rollout/                |             |
|    ep_len_mean          | 7.05        |
|    ep_rew_mean          | 0.854       |
| time/                   |             |
|    eta_hours            | 6.27        |
|    fps                  | 6           |
|    iterations           | 96          |
|    sec_per_step         | 0.15        |
|    time_elapsed         | 7522        |
|    total_timesteps      | 49152       |
| train/                  |             |
|    approx_kl            | 0.010068465 |
|    clip_fraction        | 0.116       |
|    clip_range           | 0.2         |
|    entropy_loss         | -3.31       |
|    explained_variance   | 0.85        |
|    learning_rate        | 0.0001      |
|    loss                 | 0.0201      |
|    n_updates            | 950         |
|    policy_gradient_loss | -0.0182     |
|    std                  | 0.73        |
|    value_loss           | 0.143       |
-----------------------------------------
[E2] ~6.2h remaining (150336 steps left @ 0.15s/step)
-----------------------------------------
| rollout/                |             |
|    ep_len_mean          | 6.87        |
|    ep_rew_mean          | 0.822       |
| time/                   |             |
|    eta_hours            | 6.24        |
|    fps                  | 6           |
|    iterations           | 97          |
|    sec_per_step         | 0.149       |
|    time_elapsed         | 7598        |
|    total_timesteps      | 49664       |
| train/                  |             |
|    approx_kl            | 0.017615087 |
|    clip_fraction        | 0.0998      |
|    clip_range           | 0.2         |
|    entropy_loss         | -3.3        |
|    explained_variance   | 0.717       |
|    learning_rate        | 0.0001      |
|    loss                 | 0.113       |
|    n_updates            | 960         |
|    policy_gradient_loss | -0.0178     |
|    std                  | 0.725       |
|    value_loss           | 0.269       |
-----------------------------------------
[E2 eval @ step 50000]  MAPE=11.58%  p90=15.36%  success(<5%)=0.0%  mean_scan_time=219.4s
[E2] ~7.2h remaining (149824 steps left @ 0.17s/step)
-----------------------------------------
| rollout/                |             |
|    ep_len_mean          | 6.84        |
|    ep_rew_mean          | 0.878       |
| time/                   |             |
|    eta_hours            | 7.21        |
|    fps                  | 6           |
|    iterations           | 98          |
|    sec_per_step         | 0.173       |
|    time_elapsed         | 7716        |
|    total_timesteps      | 50176       |
| train/                  |             |
|    approx_kl            | 0.010350536 |
|    clip_fraction        | 0.0777      |
|    clip_range           | 0.2         |
|    entropy_loss         | -3.29       |
|    explained_variance   | 0.744       |
|    learning_rate        | 0.0001      |
|    loss                 | 0.058       |
|    n_updates            | 970         |
|    policy_gradient_loss | -0.0207     |
|    std                  | 0.723       |
|    value_loss           | 0.228       |
-----------------------------------------
[E2] ~6.9h remaining (149312 steps left @ 0.17s/step)
----------------------------------------
| rollout/                |            |
|    ep_len_mean          | 6.99       |
|    ep_rew_mean          | 0.885      |
| time/                   |            |
|    eta_hours            | 6.87       |
|    fps                  | 6          |
|    iterations           | 99         |
|    sec_per_step         | 0.166      |
|    time_elapsed         | 7791       |
|    total_timesteps      | 50688      |
| train/                  |            |
|    approx_kl            | 0.01359267 |
|    clip_fraction        | 0.149      |
|    clip_range           | 0.2        |
|    entropy_loss         | -3.28      |
|    explained_variance   | 0.837      |
|    learning_rate        | 0.0001     |
|    loss                 | 0.0221     |
|    n_updates            | 980        |
|    policy_gradient_loss | -0.0226    |
|    std                  | 0.721      |
|    value_loss           | 0.152      |
----------------------------------------
[E2] ~6.6h remaining (148800 steps left @ 0.16s/step)
-----------------------------------------
| rollout/                |             |
|    ep_len_mean          | 6.98        |
|    ep_rew_mean          | 0.92        |
| time/                   |             |
|    eta_hours            | 6.65        |
|    fps                  | 6           |
|    iterations           | 100         |
|    sec_per_step         | 0.161       |
|    time_elapsed         | 7868        |
|    total_timesteps      | 51200       |
| train/                  |             |
|    approx_kl            | 0.012629057 |
|    clip_fraction        | 0.143       |
|    clip_range           | 0.2         |
|    entropy_loss         | -3.27       |
|    explained_variance   | 0.802       |
|    learning_rate        | 0.0001      |
|    loss                 | -0.00741    |
|    n_updates            | 990         |
|    policy_gradient_loss | -0.0207     |
|    std                  | 0.719       |
|    value_loss           | 0.19        |
-----------------------------------------
[E2] ~6.5h remaining (148288 steps left @ 0.16s/step)
------------------------------------------
| rollout/                |              |
|    ep_len_mean          | 6.87         |
|    ep_rew_mean          | 0.868        |
| time/                   |              |
|    eta_hours            | 6.53         |
|    fps                  | 6            |
|    iterations           | 101          |
|    sec_per_step         | 0.158        |
|    time_elapsed         | 7946         |
|    total_timesteps      | 51712        |
| train/                  |              |
|    approx_kl            | 0.0084154345 |
|    clip_fraction        | 0.065        |
|    clip_range           | 0.2          |
|    entropy_loss         | -3.26        |
|    explained_variance   | 0.845        |
|    learning_rate        | 0.0001       |
|    loss                 | 0.00346      |
|    n_updates            | 1000         |
|    policy_gradient_loss | -0.0163      |
|    std                  | 0.716        |
|    value_loss           | 0.134        |
------------------------------------------
[E2] ~6.4h remaining (147776 steps left @ 0.16s/step)
-----------------------------------------
| rollout/                |             |
|    ep_len_mean          | 7           |
|    ep_rew_mean          | 0.909       |
| time/                   |             |
|    eta_hours            | 6.39        |
|    fps                  | 6           |
|    iterations           | 102         |
|    sec_per_step         | 0.156       |
|    time_elapsed         | 8022        |
|    total_timesteps      | 52224       |
| train/                  |             |
|    approx_kl            | 0.013253605 |
|    clip_fraction        | 0.12        |
|    clip_range           | 0.2         |
|    entropy_loss         | -3.25       |
|    explained_variance   | 0.748       |
|    learning_rate        | 0.0001      |
|    loss                 | 0.078       |
|    n_updates            | 1010        |
|    policy_gradient_loss | -0.0246     |
|    std                  | 0.713       |
|    value_loss           | 0.228       |
-----------------------------------------
[E2] ~6.3h remaining (147264 steps left @ 0.15s/step)
-----------------------------------------
| rollout/                |             |
|    ep_len_mean          | 7.07        |
|    ep_rew_mean          | 0.916       |
| time/                   |             |
|    eta_hours            | 6.32        |
|    fps                  | 6           |
|    iterations           | 103         |
|    sec_per_step         | 0.155       |
|    time_elapsed         | 8100        |
|    total_timesteps      | 52736       |
| train/                  |             |
|    approx_kl            | 0.013064651 |
|    clip_fraction        | 0.128       |
|    clip_range           | 0.2         |
|    entropy_loss         | -3.23       |
|    explained_variance   | 0.82        |
|    learning_rate        | 0.0001      |
|    loss                 | 0.0242      |
|    n_updates            | 1020        |
|    policy_gradient_loss | -0.0186     |
|    std                  | 0.711       |
|    value_loss           | 0.18        |
-----------------------------------------
[E2] ~6.3h remaining (146752 steps left @ 0.15s/step)
-----------------------------------------
| rollout/                |             |
|    ep_len_mean          | 6.93        |
|    ep_rew_mean          | 0.895       |
| time/                   |             |
|    eta_hours            | 6.27        |
|    fps                  | 6           |
|    iterations           | 104         |
|    sec_per_step         | 0.154       |
|    time_elapsed         | 8178        |
|    total_timesteps      | 53248       |
| train/                  |             |
|    approx_kl            | 0.014682548 |
|    clip_fraction        | 0.0848      |
|    clip_range           | 0.2         |
|    entropy_loss         | -3.23       |
|    explained_variance   | 0.813       |
|    learning_rate        | 0.0001      |
|    loss                 | -0.013      |
|    n_updates            | 1030        |
|    policy_gradient_loss | -0.0219     |
|    std                  | 0.709       |
|    value_loss           | 0.179       |
-----------------------------------------
[E2] ~6.2h remaining (146240 steps left @ 0.15s/step)
-----------------------------------------
| rollout/                |             |
|    ep_len_mean          | 6.67        |
|    ep_rew_mean          | 0.882       |
| time/                   |             |
|    eta_hours            | 6.21        |
|    fps                  | 6           |
|    iterations           | 105         |
|    sec_per_step         | 0.153       |
|    time_elapsed         | 8255        |
|    total_timesteps      | 53760       |
| train/                  |             |
|    approx_kl            | 0.016323864 |
|    clip_fraction        | 0.131       |
|    clip_range           | 0.2         |
|    entropy_loss         | -3.22       |
|    explained_variance   | 0.78        |
|    learning_rate        | 0.0001      |
|    loss                 | 0.0467      |
|    n_updates            | 1040        |
|    policy_gradient_loss | -0.0203     |
|    std                  | 0.707       |
|    value_loss           | 0.216       |
-----------------------------------------
[E2] ~6.1h remaining (145728 steps left @ 0.15s/step)
-----------------------------------------
| rollout/                |             |
|    ep_len_mean          | 6.91        |
|    ep_rew_mean          | 0.9         |
| time/                   |             |
|    eta_hours            | 6.13        |
|    fps                  | 6           |
|    iterations           | 106         |
|    sec_per_step         | 0.151       |
|    time_elapsed         | 8331        |
|    total_timesteps      | 54272       |
| train/                  |             |
|    approx_kl            | 0.012465483 |
|    clip_fraction        | 0.126       |
|    clip_range           | 0.2         |
|    entropy_loss         | -3.21       |
|    explained_variance   | 0.824       |
|    learning_rate        | 0.0001      |
|    loss                 | 0.0259      |
|    n_updates            | 1050        |
|    policy_gradient_loss | -0.0213     |
|    std                  | 0.705       |
|    value_loss           | 0.178       |
-----------------------------------------
[E2] ~6.1h remaining (145216 steps left @ 0.15s/step)
-----------------------------------------
| rollout/                |             |
|    ep_len_mean          | 6.87        |
|    ep_rew_mean          | 0.857       |
| time/                   |             |
|    eta_hours            | 6.07        |
|    fps                  | 6           |
|    iterations           | 107         |
|    sec_per_step         | 0.151       |
|    time_elapsed         | 8407        |
|    total_timesteps      | 54784       |
| train/                  |             |
|    approx_kl            | 0.013376227 |
|    clip_fraction        | 0.128       |
|    clip_range           | 0.2         |
|    entropy_loss         | -3.2        |
|    explained_variance   | 0.817       |
|    learning_rate        | 0.0001      |
|    loss                 | 0.0382      |
|    n_updates            | 1060        |
|    policy_gradient_loss | -0.024      |
|    std                  | 0.704       |
|    value_loss           | 0.18        |
-----------------------------------------
[E2] ~6.1h remaining (144704 steps left @ 0.15s/step)
-----------------------------------------
| rollout/                |             |
|    ep_len_mean          | 6.92        |
|    ep_rew_mean          | 0.893       |
| time/                   |             |
|    eta_hours            | 6.07        |
|    fps                  | 6           |
|    iterations           | 108         |
|    sec_per_step         | 0.151       |
|    time_elapsed         | 8485        |
|    total_timesteps      | 55296       |
| train/                  |             |
|    approx_kl            | 0.015633045 |
|    clip_fraction        | 0.149       |
|    clip_range           | 0.2         |
|    entropy_loss         | -3.2        |
|    explained_variance   | 0.707       |
|    learning_rate        | 0.0001      |
|    loss                 | 0.0785      |
|    n_updates            | 1070        |
|    policy_gradient_loss | -0.0243     |
|    std                  | 0.702       |
|    value_loss           | 0.283       |
-----------------------------------------
[E2] ~6.1h remaining (144192 steps left @ 0.15s/step)
-----------------------------------------
| rollout/                |             |
|    ep_len_mean          | 6.41        |
|    ep_rew_mean          | 0.861       |
| time/                   |             |
|    eta_hours            | 6.07        |
|    fps                  | 6           |
|    iterations           | 109         |
|    sec_per_step         | 0.152       |
|    time_elapsed         | 8563        |
|    total_timesteps      | 55808       |
| train/                  |             |
|    approx_kl            | 0.009508241 |
|    clip_fraction        | 0.0875      |
|    clip_range           | 0.2         |
|    entropy_loss         | -3.19       |
|    explained_variance   | 0.856       |
|    learning_rate        | 0.0001      |
|    loss                 | 0.0065      |
|    n_updates            | 1080        |
|    policy_gradient_loss | -0.0164     |
|    std                  | 0.701       |
|    value_loss           | 0.131       |
-----------------------------------------
[E2] ~6.0h remaining (143680 steps left @ 0.15s/step)
-----------------------------------------
| rollout/                |             |
|    ep_len_mean          | 6.88        |
|    ep_rew_mean          | 0.901       |
| time/                   |             |
|    eta_hours            | 5.99        |
|    fps                  | 6           |
|    iterations           | 110         |
|    sec_per_step         | 0.15        |
|    time_elapsed         | 8638        |
|    total_timesteps      | 56320       |
| train/                  |             |
|    approx_kl            | 0.011826729 |
|    clip_fraction        | 0.122       |
|    clip_range           | 0.2         |
|    entropy_loss         | -3.18       |
|    explained_variance   | 0.721       |
|    learning_rate        | 0.0001      |
|    loss                 | 0.0653      |
|    n_updates            | 1090        |
|    policy_gradient_loss | -0.0188     |
|    std                  | 0.699       |
|    value_loss           | 0.272       |
-----------------------------------------
[E2] ~6.0h remaining (143168 steps left @ 0.15s/step)
-----------------------------------------
| rollout/                |             |
|    ep_len_mean          | 6.94        |
|    ep_rew_mean          | 0.89        |
| time/                   |             |
|    eta_hours            | 5.95        |
|    fps                  | 6           |
|    iterations           | 111         |
|    sec_per_step         | 0.15        |
|    time_elapsed         | 8714        |
|    total_timesteps      | 56832       |
| train/                  |             |
|    approx_kl            | 0.010773815 |
|    clip_fraction        | 0.112       |
|    clip_range           | 0.2         |
|    entropy_loss         | -3.17       |
|    explained_variance   | 0.824       |
|    learning_rate        | 0.0001      |
|    loss                 | 0.0512      |
|    n_updates            | 1100        |
|    policy_gradient_loss | -0.0199     |
|    std                  | 0.696       |
|    value_loss           | 0.164       |
-----------------------------------------
[E2] ~5.9h remaining (142656 steps left @ 0.15s/step)
----------------------------------------
| rollout/                |            |
|    ep_len_mean          | 7.05       |
|    ep_rew_mean          | 0.882      |
| time/                   |            |
|    eta_hours            | 5.93       |
|    fps                  | 6          |
|    iterations           | 112        |
|    sec_per_step         | 0.15       |
|    time_elapsed         | 8791       |
|    total_timesteps      | 57344      |
| train/                  |            |
|    approx_kl            | 0.01651932 |
|    clip_fraction        | 0.136      |
|    clip_range           | 0.2        |
|    entropy_loss         | -3.16      |
|    explained_variance   | 0.877      |
|    learning_rate        | 0.0001     |
|    loss                 | 0.00165    |
|    n_updates            | 1110       |
|    policy_gradient_loss | -0.0186    |
|    std                  | 0.694      |
|    value_loss           | 0.118      |
----------------------------------------
[E2] ~5.9h remaining (142144 steps left @ 0.15s/step)
-----------------------------------------
| rollout/                |             |
|    ep_len_mean          | 7.05        |
|    ep_rew_mean          | 0.935       |
| time/                   |             |
|    eta_hours            | 5.91        |
|    fps                  | 6           |
|    iterations           | 113         |
|    sec_per_step         | 0.15        |
|    time_elapsed         | 8868        |
|    total_timesteps      | 57856       |
| train/                  |             |
|    approx_kl            | 0.012519145 |
|    clip_fraction        | 0.14        |
|    clip_range           | 0.2         |
|    entropy_loss         | -3.15       |
|    explained_variance   | 0.819       |
|    learning_rate        | 0.0001      |
|    loss                 | 0.0245      |
|    n_updates            | 1120        |
|    policy_gradient_loss | -0.0237     |
|    std                  | 0.691       |
|    value_loss           | 0.173       |
-----------------------------------------
[E2] ~5.9h remaining (141632 steps left @ 0.15s/step)
-----------------------------------------
| rollout/                |             |
|    ep_len_mean          | 7.46        |
|    ep_rew_mean          | 0.939       |
| time/                   |             |
|    eta_hours            | 5.88        |
|    fps                  | 6           |
|    iterations           | 114         |
|    sec_per_step         | 0.149       |
|    time_elapsed         | 8944        |
|    total_timesteps      | 58368       |
| train/                  |             |
|    approx_kl            | 0.011556664 |
|    clip_fraction        | 0.113       |
|    clip_range           | 0.2         |
|    entropy_loss         | -3.14       |
|    explained_variance   | 0.889       |
|    learning_rate        | 0.0001      |
|    loss                 | 0.0382      |
|    n_updates            | 1130        |
|    policy_gradient_loss | -0.0172     |
|    std                  | 0.689       |
|    value_loss           | 0.111       |
-----------------------------------------
[E2] ~5.9h remaining (141120 steps left @ 0.15s/step)
-----------------------------------------
| rollout/                |             |
|    ep_len_mean          | 7.39        |
|    ep_rew_mean          | 0.904       |
| time/                   |             |
|    eta_hours            | 5.87        |
|    fps                  | 6           |
|    iterations           | 115         |
|    sec_per_step         | 0.15        |
|    time_elapsed         | 9021        |
|    total_timesteps      | 58880       |
| train/                  |             |
|    approx_kl            | 0.011512747 |
|    clip_fraction        | 0.108       |
|    clip_range           | 0.2         |
|    entropy_loss         | -3.13       |
|    explained_variance   | 0.847       |
|    learning_rate        | 0.0001      |
|    loss                 | 0.049       |
|    n_updates            | 1140        |
|    policy_gradient_loss | -0.0199     |
|    std                  | 0.687       |
|    value_loss           | 0.15        |
-----------------------------------------
[E2] ~5.9h remaining (140608 steps left @ 0.15s/step)
-----------------------------------------
| rollout/                |             |
|    ep_len_mean          | 7.43        |
|    ep_rew_mean          | 0.92        |
| time/                   |             |
|    eta_hours            | 5.86        |
|    fps                  | 6           |
|    iterations           | 116         |
|    sec_per_step         | 0.15        |
|    time_elapsed         | 9098        |
|    total_timesteps      | 59392       |
| train/                  |             |
|    approx_kl            | 0.011275701 |
|    clip_fraction        | 0.112       |
|    clip_range           | 0.2         |
|    entropy_loss         | -3.12       |
|    explained_variance   | 0.825       |
|    learning_rate        | 0.0001      |
|    loss                 | 0.0295      |
|    n_updates            | 1150        |
|    policy_gradient_loss | -0.021      |
|    std                  | 0.686       |
|    value_loss           | 0.135       |
-----------------------------------------
[E2] ~5.8h remaining (140096 steps left @ 0.15s/step)
-----------------------------------------
| rollout/                |             |
|    ep_len_mean          | 7.35        |
|    ep_rew_mean          | 0.923       |
| time/                   |             |
|    eta_hours            | 5.82        |
|    fps                  | 6           |
|    iterations           | 117         |
|    sec_per_step         | 0.149       |
|    time_elapsed         | 9174        |
|    total_timesteps      | 59904       |
| train/                  |             |
|    approx_kl            | 0.012528975 |
|    clip_fraction        | 0.132       |
|    clip_range           | 0.2         |
|    entropy_loss         | -3.12       |
|    explained_variance   | 0.896       |
|    learning_rate        | 0.0001      |
|    loss                 | 0.0121      |
|    n_updates            | 1160        |
|    policy_gradient_loss | -0.0146     |
|    std                  | 0.685       |
|    value_loss           | 0.0947      |
-----------------------------------------
[E2 eval @ step 60000]  MAPE=7.65%  p90=9.29%  success(<5%)=3.3%  mean_scan_time=229.2s
[E2 eval]  → new best MAPE 7.65% saved to runs/e2/ppo_runA_deltamape/best
[E2] ~6.9h remaining (139584 steps left @ 0.18s/step)
-----------------------------------------
| rollout/                |             |
|    ep_len_mean          | 7.38        |
|    ep_rew_mean          | 0.91        |
| time/                   |             |
|    eta_hours            | 6.89        |
|    fps                  | 6           |
|    iterations           | 118         |
|    sec_per_step         | 0.178       |
|    time_elapsed         | 9299        |
|    total_timesteps      | 60416       |
| train/                  |             |
|    approx_kl            | 0.011704697 |
|    clip_fraction        | 0.124       |
|    clip_range           | 0.2         |
|    entropy_loss         | -3.11       |
|    explained_variance   | 0.856       |
|    learning_rate        | 0.0001      |
|    loss                 | 0.0207      |
|    n_updates            | 1170        |
|    policy_gradient_loss | -0.0203     |
|    std                  | 0.683       |
|    value_loss           | 0.148       |
-----------------------------------------
[E2] ~6.5h remaining (139072 steps left @ 0.17s/step)
-----------------------------------------
| rollout/                |             |
|    ep_len_mean          | 7.67        |
|    ep_rew_mean          | 0.899       |
| time/                   |             |
|    eta_hours            | 6.55        |
|    fps                  | 6           |
|    iterations           | 119         |
|    sec_per_step         | 0.169       |
|    time_elapsed         | 9375        |
|    total_timesteps      | 60928       |
| train/                  |             |
|    approx_kl            | 0.012794768 |
|    clip_fraction        | 0.12        |
|    clip_range           | 0.2         |
|    entropy_loss         | -3.11       |
|    explained_variance   | 0.895       |
|    learning_rate        | 0.0001      |
|    loss                 | 0.0226      |
|    n_updates            | 1180        |
|    policy_gradient_loss | -0.0207     |
|    std                  | 0.682       |
|    value_loss           | 0.106       |
-----------------------------------------
[E2] ~6.3h remaining (138560 steps left @ 0.16s/step)
----------------------------------------
| rollout/                |            |
|    ep_len_mean          | 7.83       |
|    ep_rew_mean          | 0.898      |
| time/                   |            |
|    eta_hours            | 6.32       |
|    fps                  | 6          |
|    iterations           | 120        |
|    sec_per_step         | 0.164      |
|    time_elapsed         | 9453       |
|    total_timesteps      | 61440      |
| train/                  |            |
|    approx_kl            | 0.01106051 |
|    clip_fraction        | 0.121      |
|    clip_range           | 0.2        |
|    entropy_loss         | -3.1       |
|    explained_variance   | 0.801      |
|    learning_rate        | 0.0001     |
|    loss                 | 0.0946     |
|    n_updates            | 1190       |
|    policy_gradient_loss | -0.0245    |
|    std                  | 0.681      |
|    value_loss           | 0.202      |
----------------------------------------
[E2] ~6.1h remaining (138048 steps left @ 0.16s/step)
-----------------------------------------
| rollout/                |             |
|    ep_len_mean          | 7.53        |
|    ep_rew_mean          | 0.918       |
| time/                   |             |
|    eta_hours            | 6.13        |
|    fps                  | 6           |
|    iterations           | 121         |
|    sec_per_step         | 0.16        |
|    time_elapsed         | 9530        |
|    total_timesteps      | 61952       |
| train/                  |             |
|    approx_kl            | 0.008435158 |
|    clip_fraction        | 0.083       |
|    clip_range           | 0.2         |
|    entropy_loss         | -3.1        |
|    explained_variance   | 0.826       |
|    learning_rate        | 0.0001      |
|    loss                 | 0.07        |
|    n_updates            | 1200        |
|    policy_gradient_loss | -0.0177     |
|    std                  | 0.68        |
|    value_loss           | 0.164       |
-----------------------------------------
[E2] ~6.0h remaining (137536 steps left @ 0.16s/step)
----------------------------------------
| rollout/                |            |
|    ep_len_mean          | 7.51       |
|    ep_rew_mean          | 0.91       |
| time/                   |            |
|    eta_hours            | 6.01       |
|    fps                  | 6          |
|    iterations           | 122        |
|    sec_per_step         | 0.157      |
|    time_elapsed         | 9607       |
|    total_timesteps      | 62464      |
| train/                  |            |
|    approx_kl            | 0.01233031 |
|    clip_fraction        | 0.159      |
|    clip_range           | 0.2        |
|    entropy_loss         | -3.09      |
|    explained_variance   | 0.853      |
|    learning_rate        | 0.0001     |
|    loss                 | 0.0147     |
|    n_updates            | 1210       |
|    policy_gradient_loss | -0.0223    |
|    std                  | 0.677      |
|    value_loss           | 0.152      |
----------------------------------------
[E2] ~5.9h remaining (137024 steps left @ 0.16s/step)
-----------------------------------------
| rollout/                |             |
|    ep_len_mean          | 7.44        |
|    ep_rew_mean          | 0.905       |
| time/                   |             |
|    eta_hours            | 5.91        |
|    fps                  | 6           |
|    iterations           | 123         |
|    sec_per_step         | 0.155       |
|    time_elapsed         | 9685        |
|    total_timesteps      | 62976       |
| train/                  |             |
|    approx_kl            | 0.011631534 |
|    clip_fraction        | 0.14        |
|    clip_range           | 0.2         |
|    entropy_loss         | -3.08       |
|    explained_variance   | 0.847       |
|    learning_rate        | 0.0001      |
|    loss                 | 0.0159      |
|    n_updates            | 1220        |
|    policy_gradient_loss | -0.0187     |
|    std                  | 0.676       |
|    value_loss           | 0.149       |
-----------------------------------------
[E2] ~5.8h remaining (136512 steps left @ 0.15s/step)
-----------------------------------------
| rollout/                |             |
|    ep_len_mean          | 7.37        |
|    ep_rew_mean          | 0.902       |
| time/                   |             |
|    eta_hours            | 5.81        |
|    fps                  | 6           |
|    iterations           | 124         |
|    sec_per_step         | 0.153       |
|    time_elapsed         | 9761        |
|    total_timesteps      | 63488       |
| train/                  |             |
|    approx_kl            | 0.013838371 |
|    clip_fraction        | 0.172       |
|    clip_range           | 0.2         |
|    entropy_loss         | -3.07       |
|    explained_variance   | 0.807       |
|    learning_rate        | 0.0001      |
|    loss                 | 0.0272      |
|    n_updates            | 1230        |
|    policy_gradient_loss | -0.0219     |
|    std                  | 0.675       |
|    value_loss           | 0.183       |
-----------------------------------------
[E2] ~5.8h remaining (136000 steps left @ 0.15s/step)
-----------------------------------------
| rollout/                |             |
|    ep_len_mean          | 7.46        |
|    ep_rew_mean          | 0.897       |
| time/                   |             |
|    eta_hours            | 5.76        |
|    fps                  | 6           |
|    iterations           | 125         |
|    sec_per_step         | 0.153       |
|    time_elapsed         | 9838        |
|    total_timesteps      | 64000       |
| train/                  |             |
|    approx_kl            | 0.013847802 |
|    clip_fraction        | 0.155       |
|    clip_range           | 0.2         |
|    entropy_loss         | -3.07       |
|    explained_variance   | 0.825       |
|    learning_rate        | 0.0001      |
|    loss                 | 0.0381      |
|    n_updates            | 1240        |
|    policy_gradient_loss | -0.0222     |
|    std                  | 0.675       |
|    value_loss           | 0.16        |
-----------------------------------------
[E2] ~5.7h remaining (135488 steps left @ 0.15s/step)
-----------------------------------------
| rollout/                |             |
|    ep_len_mean          | 7.59        |
|    ep_rew_mean          | 0.903       |
| time/                   |             |
|    eta_hours            | 5.69        |
|    fps                  | 6           |
|    iterations           | 126         |
|    sec_per_step         | 0.151       |
|    time_elapsed         | 9914        |
|    total_timesteps      | 64512       |
| train/                  |             |
|    approx_kl            | 0.014076851 |
|    clip_fraction        | 0.193       |
|    clip_range           | 0.2         |
|    entropy_loss         | -3.07       |
|    explained_variance   | 0.824       |
|    learning_rate        | 0.0001      |
|    loss                 | 0.0171      |
|    n_updates            | 1250        |
|    policy_gradient_loss | -0.0261     |
|    std                  | 0.673       |
|    value_loss           | 0.166       |
-----------------------------------------
[E2] ~5.7h remaining (134976 steps left @ 0.15s/step)
-----------------------------------------
| rollout/                |             |
|    ep_len_mean          | 7.43        |
|    ep_rew_mean          | 0.902       |
| time/                   |             |
|    eta_hours            | 5.66        |
|    fps                  | 6           |
|    iterations           | 127         |
|    sec_per_step         | 0.151       |
|    time_elapsed         | 9991        |
|    total_timesteps      | 65024       |
| train/                  |             |
|    approx_kl            | 0.011339662 |
|    clip_fraction        | 0.1         |
|    clip_range           | 0.2         |
|    entropy_loss         | -3.06       |
|    explained_variance   | 0.845       |
|    learning_rate        | 0.0001      |
|    loss                 | 0.04        |
|    n_updates            | 1260        |
|    policy_gradient_loss | -0.0189     |
|    std                  | 0.671       |
|    value_loss           | 0.141       |
-----------------------------------------
[E2] ~5.6h remaining (134464 steps left @ 0.15s/step)
-----------------------------------------
| rollout/                |             |
|    ep_len_mean          | 7.31        |
|    ep_rew_mean          | 0.919       |
| time/                   |             |
|    eta_hours            | 5.63        |
|    fps                  | 6           |
|    iterations           | 128         |
|    sec_per_step         | 0.151       |
|    time_elapsed         | 10068       |
|    total_timesteps      | 65536       |
| train/                  |             |
|    approx_kl            | 0.011305505 |
|    clip_fraction        | 0.121       |
|    clip_range           | 0.2         |
|    entropy_loss         | -3.05       |
|    explained_variance   | 0.814       |
|    learning_rate        | 0.0001      |
|    loss                 | -0.00594    |
|    n_updates            | 1270        |
|    policy_gradient_loss | -0.0186     |
|    std                  | 0.67        |
|    value_loss           | 0.164       |
-----------------------------------------
[E2] ~5.6h remaining (133952 steps left @ 0.15s/step)
-----------------------------------------
| rollout/                |             |
|    ep_len_mean          | 7.02        |
|    ep_rew_mean          | 0.915       |
| time/                   |             |
|    eta_hours            | 5.59        |
|    fps                  | 6           |
|    iterations           | 129         |
|    sec_per_step         | 0.15        |
|    time_elapsed         | 10144       |
|    total_timesteps      | 66048       |
| train/                  |             |
|    approx_kl            | 0.014421839 |
|    clip_fraction        | 0.128       |
|    clip_range           | 0.2         |
|    entropy_loss         | -3.04       |
|    explained_variance   | 0.809       |
|    learning_rate        | 0.0001      |
|    loss                 | -0.00156    |
|    n_updates            | 1280        |
|    policy_gradient_loss | -0.0223     |
|    std                  | 0.669       |
|    value_loss           | 0.163       |
-----------------------------------------
[E2] ~5.6h remaining (133440 steps left @ 0.15s/step)
-----------------------------------------
| rollout/                |             |
|    ep_len_mean          | 7.21        |
|    ep_rew_mean          | 0.903       |
| time/                   |             |
|    eta_hours            | 5.57        |
|    fps                  | 6           |
|    iterations           | 130         |
|    sec_per_step         | 0.15        |
|    time_elapsed         | 10221       |
|    total_timesteps      | 66560       |
| train/                  |             |
|    approx_kl            | 0.009711225 |
|    clip_fraction        | 0.125       |
|    clip_range           | 0.2         |
|    entropy_loss         | -3.04       |
|    explained_variance   | 0.852       |
|    learning_rate        | 0.0001      |
|    loss                 | 0.0373      |
|    n_updates            | 1290        |
|    policy_gradient_loss | -0.0224     |
|    std                  | 0.666       |
|    value_loss           | 0.156       |
-----------------------------------------
[E2] ~5.6h remaining (132928 steps left @ 0.15s/step)
-----------------------------------------
| rollout/                |             |
|    ep_len_mean          | 7.57        |
|    ep_rew_mean          | 0.913       |
| time/                   |             |
|    eta_hours            | 5.56        |
|    fps                  | 6           |
|    iterations           | 131         |
|    sec_per_step         | 0.151       |
|    time_elapsed         | 10298       |
|    total_timesteps      | 67072       |
| train/                  |             |
|    approx_kl            | 0.016706163 |
|    clip_fraction        | 0.151       |
|    clip_range           | 0.2         |
|    entropy_loss         | -3.03       |
|    explained_variance   | 0.854       |
|    learning_rate        | 0.0001      |
|    loss                 | 0.00429     |
|    n_updates            | 1300        |
|    policy_gradient_loss | -0.0224     |
|    std                  | 0.666       |
|    value_loss           | 0.146       |
-----------------------------------------
[E2] ~5.5h remaining (132416 steps left @ 0.15s/step)
-----------------------------------------
| rollout/                |             |
|    ep_len_mean          | 7.37        |
|    ep_rew_mean          | 0.914       |
| time/                   |             |
|    eta_hours            | 5.54        |
|    fps                  | 6           |
|    iterations           | 132         |
|    sec_per_step         | 0.151       |
|    time_elapsed         | 10376       |
|    total_timesteps      | 67584       |
| train/                  |             |
|    approx_kl            | 0.011675852 |
|    clip_fraction        | 0.119       |
|    clip_range           | 0.2         |
|    entropy_loss         | -3.03       |
|    explained_variance   | 0.871       |
|    learning_rate        | 0.0001      |
|    loss                 | 0.0664      |
|    n_updates            | 1310        |
|    policy_gradient_loss | -0.0186     |
|    std                  | 0.665       |
|    value_loss           | 0.116       |
-----------------------------------------
[E2] ~5.5h remaining (131904 steps left @ 0.15s/step)
-----------------------------------------
| rollout/                |             |
|    ep_len_mean          | 7.14        |
|    ep_rew_mean          | 0.921       |
| time/                   |             |
|    eta_hours            | 5.52        |
|    fps                  | 6           |
|    iterations           | 133         |
|    sec_per_step         | 0.151       |
|    time_elapsed         | 10453       |
|    total_timesteps      | 68096       |
| train/                  |             |
|    approx_kl            | 0.011566818 |
|    clip_fraction        | 0.139       |
|    clip_range           | 0.2         |
|    entropy_loss         | -3.02       |
|    explained_variance   | 0.857       |
|    learning_rate        | 0.0001      |
|    loss                 | -0.0085     |
|    n_updates            | 1320        |
|    policy_gradient_loss | -0.0194     |
|    std                  | 0.664       |
|    value_loss           | 0.147       |
-----------------------------------------
[E2] ~5.5h remaining (131392 steps left @ 0.15s/step)
-----------------------------------------
| rollout/                |             |
|    ep_len_mean          | 7.28        |
|    ep_rew_mean          | 0.909       |
| time/                   |             |
|    eta_hours            | 5.51        |
|    fps                  | 6           |
|    iterations           | 134         |
|    sec_per_step         | 0.151       |
|    time_elapsed         | 10531       |
|    total_timesteps      | 68608       |
| train/                  |             |
|    approx_kl            | 0.012434267 |
|    clip_fraction        | 0.144       |
|    clip_range           | 0.2         |
|    entropy_loss         | -3.01       |
|    explained_variance   | 0.848       |
|    learning_rate        | 0.0001      |
|    loss                 | 0.023       |
|    n_updates            | 1330        |
|    policy_gradient_loss | -0.025      |
|    std                  | 0.662       |
|    value_loss           | 0.148       |
-----------------------------------------
[E2] ~5.5h remaining (130880 steps left @ 0.15s/step)
-----------------------------------------
| rollout/                |             |
|    ep_len_mean          | 7.36        |
|    ep_rew_mean          | 0.918       |
| time/                   |             |
|    eta_hours            | 5.47        |
|    fps                  | 6           |
|    iterations           | 135         |
|    sec_per_step         | 0.151       |
|    time_elapsed         | 10607       |
|    total_timesteps      | 69120       |
| train/                  |             |
|    approx_kl            | 0.012633046 |
|    clip_fraction        | 0.105       |
|    clip_range           | 0.2         |
|    entropy_loss         | -3.01       |
|    explained_variance   | 0.853       |
|    learning_rate        | 0.0001      |
|    loss                 | 0.0108      |
|    n_updates            | 1340        |
|    policy_gradient_loss | -0.0176     |
|    std                  | 0.661       |
|    value_loss           | 0.148       |
-----------------------------------------
[E2] ~5.4h remaining (130368 steps left @ 0.15s/step)
-----------------------------------------
| rollout/                |             |
|    ep_len_mean          | 7.42        |
|    ep_rew_mean          | 0.937       |
| time/                   |             |
|    eta_hours            | 5.45        |
|    fps                  | 6           |
|    iterations           | 136         |
|    sec_per_step         | 0.15        |
|    time_elapsed         | 10684       |
|    total_timesteps      | 69632       |
| train/                  |             |
|    approx_kl            | 0.009670314 |
|    clip_fraction        | 0.135       |
|    clip_range           | 0.2         |
|    entropy_loss         | -3          |
|    explained_variance   | 0.873       |
|    learning_rate        | 0.0001      |
|    loss                 | 0.0456      |
|    n_updates            | 1350        |
|    policy_gradient_loss | -0.0176     |
|    std                  | 0.659       |
|    value_loss           | 0.126       |
-----------------------------------------
[E2 eval @ step 70000]  MAPE=13.83%  p90=16.40%  success(<5%)=0.0%  mean_scan_time=218.2s
[E2] ~6.4h remaining (129856 steps left @ 0.18s/step)
------------------------------------------
| rollout/                |              |
|    ep_len_mean          | 7.51         |
|    ep_rew_mean          | 0.934        |
| time/                   |              |
|    eta_hours            | 6.4          |
|    fps                  | 6            |
|    iterations           | 137          |
|    sec_per_step         | 0.177        |
|    time_elapsed         | 10807        |
|    total_timesteps      | 70144        |
| train/                  |              |
|    approx_kl            | 0.0062705716 |
|    clip_fraction        | 0.0627       |
|    clip_range           | 0.2          |
|    entropy_loss         | -2.99        |
|    explained_variance   | 0.905        |
|    learning_rate        | 0.0001       |
|    loss                 | 0.0198       |
|    n_updates            | 1360         |
|    policy_gradient_loss | -0.0137      |
|    std                  | 0.657        |
|    value_loss           | 0.0891       |
------------------------------------------
[E2] ~6.1h remaining (129344 steps left @ 0.17s/step)
-----------------------------------------
| rollout/                |             |
|    ep_len_mean          | 7.52        |
|    ep_rew_mean          | 0.928       |
| time/                   |             |
|    eta_hours            | 6.08        |
|    fps                  | 6           |
|    iterations           | 138         |
|    sec_per_step         | 0.169       |
|    time_elapsed         | 10884       |
|    total_timesteps      | 70656       |
| train/                  |             |
|    approx_kl            | 0.012024304 |
|    clip_fraction        | 0.116       |
|    clip_range           | 0.2         |
|    entropy_loss         | -2.98       |
|    explained_variance   | 0.885       |
|    learning_rate        | 0.0001      |
|    loss                 | 0.0279      |
|    n_updates            | 1370        |
|    policy_gradient_loss | -0.0198     |
|    std                  | 0.656       |
|    value_loss           | 0.109       |
-----------------------------------------
[E2] ~5.8h remaining (128832 steps left @ 0.16s/step)
-----------------------------------------
| rollout/                |             |
|    ep_len_mean          | 7.53        |
|    ep_rew_mean          | 0.941       |
| time/                   |             |
|    eta_hours            | 5.83        |
|    fps                  | 6           |
|    iterations           | 139         |
|    sec_per_step         | 0.163       |
|    time_elapsed         | 10960       |
|    total_timesteps      | 71168       |
| train/                  |             |
|    approx_kl            | 0.010361046 |
|    clip_fraction        | 0.117       |
|    clip_range           | 0.2         |
|    entropy_loss         | -2.98       |
|    explained_variance   | 0.883       |
|    learning_rate        | 0.0001      |
|    loss                 | 0.0304      |
|    n_updates            | 1380        |
|    policy_gradient_loss | -0.0171     |
|    std                  | 0.657       |
|    value_loss           | 0.104       |
-----------------------------------------
[E2] ~5.7h remaining (128320 steps left @ 0.16s/step)
----------------------------------------
| rollout/                |            |
|    ep_len_mean          | 7.42       |
|    ep_rew_mean          | 0.912      |
| time/                   |            |
|    eta_hours            | 5.67       |
|    fps                  | 6          |
|    iterations           | 140        |
|    sec_per_step         | 0.159      |
|    time_elapsed         | 11037      |
|    total_timesteps      | 71680      |
| train/                  |            |
|    approx_kl            | 0.00880379 |
|    clip_fraction        | 0.106      |
|    clip_range           | 0.2        |
|    entropy_loss         | -2.99      |
|    explained_variance   | 0.88       |
|    learning_rate        | 0.0001     |
|    loss                 | 0.00472    |
|    n_updates            | 1390       |
|    policy_gradient_loss | -0.018     |
|    std                  | 0.657      |
|    value_loss           | 0.122      |
----------------------------------------
[E2] ~5.6h remaining (127808 steps left @ 0.16s/step)
-----------------------------------------
| rollout/                |             |
|    ep_len_mean          | 7.55        |
|    ep_rew_mean          | 0.926       |
| time/                   |             |
|    eta_hours            | 5.57        |
|    fps                  | 6           |
|    iterations           | 141         |
|    sec_per_step         | 0.157       |
|    time_elapsed         | 11114       |
|    total_timesteps      | 72192       |
| train/                  |             |
|    approx_kl            | 0.012445234 |
|    clip_fraction        | 0.163       |
|    clip_range           | 0.2         |
|    entropy_loss         | -2.98       |
|    explained_variance   | 0.849       |
|    learning_rate        | 0.0001      |
|    loss                 | 0.0221      |
|    n_updates            | 1400        |
|    policy_gradient_loss | -0.0244     |
|    std                  | 0.654       |
|    value_loss           | 0.139       |
-----------------------------------------
[E2] ~5.5h remaining (127296 steps left @ 0.15s/step)
-----------------------------------------
| rollout/                |             |
|    ep_len_mean          | 7.29        |
|    ep_rew_mean          | 0.9         |
| time/                   |             |
|    eta_hours            | 5.46        |
|    fps                  | 6           |
|    iterations           | 142         |
|    sec_per_step         | 0.154       |
|    time_elapsed         | 11191       |
|    total_timesteps      | 72704       |
| train/                  |             |
|    approx_kl            | 0.008576496 |
|    clip_fraction        | 0.122       |
|    clip_range           | 0.2         |
|    entropy_loss         | -2.97       |
|    explained_variance   | 0.898       |
|    learning_rate        | 0.0001      |
|    loss                 | -0.0235     |
|    n_updates            | 1410        |
|    policy_gradient_loss | -0.0188     |
|    std                  | 0.652       |
|    value_loss           | 0.0987      |
-----------------------------------------
[E2] ~5.4h remaining (126784 steps left @ 0.15s/step)
-----------------------------------------
| rollout/                |             |
|    ep_len_mean          | 7.25        |
|    ep_rew_mean          | 0.888       |
| time/                   |             |
|    eta_hours            | 5.36        |
|    fps                  | 6           |
|    iterations           | 143         |
|    sec_per_step         | 0.152       |
|    time_elapsed         | 11266       |
|    total_timesteps      | 73216       |
| train/                  |             |
|    approx_kl            | 0.012614142 |
|    clip_fraction        | 0.119       |
|    clip_range           | 0.2         |
|    entropy_loss         | -2.96       |
|    explained_variance   | 0.851       |
|    learning_rate        | 0.0001      |
|    loss                 | 0.0164      |
|    n_updates            | 1420        |
|    policy_gradient_loss | -0.0182     |
|    std                  | 0.65        |
|    value_loss           | 0.144       |
-----------------------------------------
[E2] ~5.3h remaining (126272 steps left @ 0.15s/step)
-----------------------------------------
| rollout/                |             |
|    ep_len_mean          | 7.25        |
|    ep_rew_mean          | 0.886       |
| time/                   |             |
|    eta_hours            | 5.31        |
|    fps                  | 6           |
|    iterations           | 144         |
|    sec_per_step         | 0.151       |
|    time_elapsed         | 11342       |
|    total_timesteps      | 73728       |
| train/                  |             |
|    approx_kl            | 0.011241752 |
|    clip_fraction        | 0.125       |
|    clip_range           | 0.2         |
|    entropy_loss         | -2.95       |
|    explained_variance   | 0.812       |
|    learning_rate        | 0.0001      |
|    loss                 | -0.004      |
|    n_updates            | 1430        |
|    policy_gradient_loss | -0.0254     |
|    std                  | 0.649       |
|    value_loss           | 0.163       |
-----------------------------------------
[E2] ~5.3h remaining (125760 steps left @ 0.15s/step)
-----------------------------------------
| rollout/                |             |
|    ep_len_mean          | 7.53        |
|    ep_rew_mean          | 0.948       |
| time/                   |             |
|    eta_hours            | 5.25        |
|    fps                  | 6           |
|    iterations           | 145         |
|    sec_per_step         | 0.15        |
|    time_elapsed         | 11418       |
|    total_timesteps      | 74240       |
| train/                  |             |
|    approx_kl            | 0.012831634 |
|    clip_fraction        | 0.155       |
|    clip_range           | 0.2         |
|    entropy_loss         | -2.94       |
|    explained_variance   | 0.851       |
|    learning_rate        | 0.0001      |
|    loss                 | -0.00293    |
|    n_updates            | 1440        |
|    policy_gradient_loss | -0.0269     |
|    std                  | 0.647       |
|    value_loss           | 0.156       |
-----------------------------------------
[E2] ~5.2h remaining (125248 steps left @ 0.15s/step)
-----------------------------------------
| rollout/                |             |
|    ep_len_mean          | 7.51        |
|    ep_rew_mean          | 0.937       |
| time/                   |             |
|    eta_hours            | 5.23        |
|    fps                  | 6           |
|    iterations           | 146         |
|    sec_per_step         | 0.15        |
|    time_elapsed         | 11495       |
|    total_timesteps      | 74752       |
| train/                  |             |
|    approx_kl            | 0.011882995 |
|    clip_fraction        | 0.15        |
|    clip_range           | 0.2         |
|    entropy_loss         | -2.93       |
|    explained_variance   | 0.83        |
|    learning_rate        | 0.0001      |
|    loss                 | 0.0366      |
|    n_updates            | 1450        |
|    policy_gradient_loss | -0.0261     |
|    std                  | 0.644       |
|    value_loss           | 0.167       |
-----------------------------------------
[E2] ~5.2h remaining (124736 steps left @ 0.15s/step)
-----------------------------------------
| rollout/                |             |
|    ep_len_mean          | 7.61        |
|    ep_rew_mean          | 0.905       |
| time/                   |             |
|    eta_hours            | 5.2         |
|    fps                  | 6           |
|    iterations           | 147         |
|    sec_per_step         | 0.15        |
|    time_elapsed         | 11572       |
|    total_timesteps      | 75264       |
| train/                  |             |
|    approx_kl            | 0.011273149 |
|    clip_fraction        | 0.11        |
|    clip_range           | 0.2         |
|    entropy_loss         | -2.92       |
|    explained_variance   | 0.899       |
|    learning_rate        | 0.0001      |
|    loss                 | -0.00857    |
|    n_updates            | 1460        |
|    policy_gradient_loss | -0.0196     |
|    std                  | 0.643       |
|    value_loss           | 0.0976      |
-----------------------------------------
[E2] ~5.1h remaining (124224 steps left @ 0.15s/step)
-----------------------------------------
| rollout/                |             |
|    ep_len_mean          | 7.8         |
|    ep_rew_mean          | 0.909       |
| time/                   |             |
|    eta_hours            | 5.15        |
|    fps                  | 6           |
|    iterations           | 148         |
|    sec_per_step         | 0.149       |
|    time_elapsed         | 11647       |
|    total_timesteps      | 75776       |
| train/                  |             |
|    approx_kl            | 0.014794852 |
|    clip_fraction        | 0.151       |
|    clip_range           | 0.2         |
|    entropy_loss         | -2.91       |
|    explained_variance   | 0.855       |
|    learning_rate        | 0.0001      |
|    loss                 | 0.00327     |
|    n_updates            | 1470        |
|    policy_gradient_loss | -0.0234     |
|    std                  | 0.642       |
|    value_loss           | 0.137       |
-----------------------------------------
[E2] ~5.1h remaining (123712 steps left @ 0.15s/step)
-----------------------------------------
| rollout/                |             |
|    ep_len_mean          | 7.8         |
|    ep_rew_mean          | 0.888       |
| time/                   |             |
|    eta_hours            | 5.14        |
|    fps                  | 6           |
|    iterations           | 149         |
|    sec_per_step         | 0.15        |
|    time_elapsed         | 11724       |
|    total_timesteps      | 76288       |
| train/                  |             |
|    approx_kl            | 0.010400722 |
|    clip_fraction        | 0.12        |
|    clip_range           | 0.2         |
|    entropy_loss         | -2.91       |
|    explained_variance   | 0.857       |
|    learning_rate        | 0.0001      |
|    loss                 | 0.015       |
|    n_updates            | 1480        |
|    policy_gradient_loss | -0.0176     |
|    std                  | 0.641       |
|    value_loss           | 0.133       |
-----------------------------------------
[E2] ~5.1h remaining (123200 steps left @ 0.15s/step)
-----------------------------------------
| rollout/                |             |
|    ep_len_mean          | 7.47        |
|    ep_rew_mean          | 0.958       |
| time/                   |             |
|    eta_hours            | 5.13        |
|    fps                  | 6           |
|    iterations           | 150         |
|    sec_per_step         | 0.15        |
|    time_elapsed         | 11801       |
|    total_timesteps      | 76800       |
| train/                  |             |
|    approx_kl            | 0.011020412 |
|    clip_fraction        | 0.0984      |
|    clip_range           | 0.2         |
|    entropy_loss         | -2.9        |
|    explained_variance   | 0.8         |
|    learning_rate        | 0.0001      |
|    loss                 | 0.00573     |
|    n_updates            | 1490        |
|    policy_gradient_loss | -0.0183     |
|    std                  | 0.64        |
|    value_loss           | 0.181       |
-----------------------------------------
[E2] ~5.1h remaining (122688 steps left @ 0.15s/step)
-----------------------------------------
| rollout/                |             |
|    ep_len_mean          | 7.63        |
|    ep_rew_mean          | 0.95        |
| time/                   |             |
|    eta_hours            | 5.11        |
|    fps                  | 6           |
|    iterations           | 151         |
|    sec_per_step         | 0.15        |
|    time_elapsed         | 11878       |
|    total_timesteps      | 77312       |
| train/                  |             |
|    approx_kl            | 0.014711859 |
|    clip_fraction        | 0.15        |
|    clip_range           | 0.2         |
|    entropy_loss         | -2.9        |
|    explained_variance   | 0.878       |
|    learning_rate        | 0.0001      |
|    loss                 | -0.00137    |
|    n_updates            | 1500        |
|    policy_gradient_loss | -0.025      |
|    std                  | 0.638       |
|    value_loss           | 0.103       |
-----------------------------------------
[E2] ~5.1h remaining (122176 steps left @ 0.15s/step)
-----------------------------------------
| rollout/                |             |
|    ep_len_mean          | 7.81        |
|    ep_rew_mean          | 0.932       |
| time/                   |             |
|    eta_hours            | 5.08        |
|    fps                  | 6           |
|    iterations           | 152         |
|    sec_per_step         | 0.15        |
|    time_elapsed         | 11954       |
|    total_timesteps      | 77824       |
| train/                  |             |
|    approx_kl            | 0.012466125 |
|    clip_fraction        | 0.128       |
|    clip_range           | 0.2         |
|    entropy_loss         | -2.89       |
|    explained_variance   | 0.848       |
|    learning_rate        | 0.0001      |
|    loss                 | 0.0295      |
|    n_updates            | 1510        |
|    policy_gradient_loss | -0.0203     |
|    std                  | 0.638       |
|    value_loss           | 0.156       |
-----------------------------------------
[E2] ~5.0h remaining (121664 steps left @ 0.15s/step)
-----------------------------------------
| rollout/                |             |
|    ep_len_mean          | 7.71        |
|    ep_rew_mean          | 0.925       |
| time/                   |             |
|    eta_hours            | 5.05        |
|    fps                  | 6           |
|    iterations           | 153         |
|    sec_per_step         | 0.149       |
|    time_elapsed         | 12030       |
|    total_timesteps      | 78336       |
| train/                  |             |
|    approx_kl            | 0.011629101 |
|    clip_fraction        | 0.148       |
|    clip_range           | 0.2         |
|    entropy_loss         | -2.89       |
|    explained_variance   | 0.864       |
|    learning_rate        | 0.0001      |
|    loss                 | -0.00806    |
|    n_updates            | 1520        |
|    policy_gradient_loss | -0.0176     |
|    std                  | 0.638       |
|    value_loss           | 0.123       |
-----------------------------------------
[E2] ~5.0h remaining (121152 steps left @ 0.15s/step)
----------------------------------------
| rollout/                |            |
|    ep_len_mean          | 7.48       |
|    ep_rew_mean          | 0.902      |
| time/                   |            |
|    eta_hours            | 5.02       |
|    fps                  | 6          |
|    iterations           | 154        |
|    sec_per_step         | 0.149      |
|    time_elapsed         | 12106      |
|    total_timesteps      | 78848      |
| train/                  |            |
|    approx_kl            | 0.01280487 |
|    clip_fraction        | 0.121      |
|    clip_range           | 0.2        |
|    entropy_loss         | -2.89      |
|    explained_variance   | 0.845      |
|    learning_rate        | 0.0001     |
|    loss                 | 0.0119     |
|    n_updates            | 1530       |
|    policy_gradient_loss | -0.0222    |
|    std                  | 0.637      |
|    value_loss           | 0.137      |
----------------------------------------
[E2] ~5.0h remaining (120640 steps left @ 0.15s/step)
-----------------------------------------
| rollout/                |             |
|    ep_len_mean          | 7.58        |
|    ep_rew_mean          | 0.93        |
| time/                   |             |
|    eta_hours            | 4.97        |
|    fps                  | 6           |
|    iterations           | 155         |
|    sec_per_step         | 0.148       |
|    time_elapsed         | 12181       |
|    total_timesteps      | 79360       |
| train/                  |             |
|    approx_kl            | 0.013696903 |
|    clip_fraction        | 0.124       |
|    clip_range           | 0.2         |
|    entropy_loss         | -2.88       |
|    explained_variance   | 0.865       |
|    learning_rate        | 0.0001      |
|    loss                 | -0.000296   |
|    n_updates            | 1540        |
|    policy_gradient_loss | -0.0221     |
|    std                  | 0.634       |
|    value_loss           | 0.107       |
-----------------------------------------
[E2] ~5.0h remaining (120128 steps left @ 0.15s/step)
-----------------------------------------
| rollout/                |             |
|    ep_len_mean          | 7.59        |
|    ep_rew_mean          | 0.917       |
| time/                   |             |
|    eta_hours            | 4.97        |
|    fps                  | 6           |
|    iterations           | 156         |
|    sec_per_step         | 0.149       |
|    time_elapsed         | 12258       |
|    total_timesteps      | 79872       |
| train/                  |             |
|    approx_kl            | 0.011081075 |
|    clip_fraction        | 0.112       |
|    clip_range           | 0.2         |
|    entropy_loss         | -2.87       |
|    explained_variance   | 0.854       |
|    learning_rate        | 0.0001      |
|    loss                 | 0.098       |
|    n_updates            | 1550        |
|    policy_gradient_loss | -0.0188     |
|    std                  | 0.633       |
|    value_loss           | 0.135       |
-----------------------------------------
[E2 eval @ step 80000]  MAPE=12.32%  p90=15.21%  success(<5%)=0.0%  mean_scan_time=221.6s
[E2] ~5.9h remaining (119616 steps left @ 0.18s/step)
-----------------------------------------
| rollout/                |             |
|    ep_len_mean          | 7.65        |
|    ep_rew_mean          | 0.932       |
| time/                   |             |
|    eta_hours            | 5.88        |
|    fps                  | 6           |
|    iterations           | 157         |
|    sec_per_step         | 0.177       |
|    time_elapsed         | 12382       |
|    total_timesteps      | 80384       |
| train/                  |             |
|    approx_kl            | 0.013381224 |
|    clip_fraction        | 0.166       |
|    clip_range           | 0.2         |
|    entropy_loss         | -2.86       |
|    explained_variance   | 0.788       |
|    learning_rate        | 0.0001      |
|    loss                 | -0.0058     |
|    n_updates            | 1560        |
|    policy_gradient_loss | -0.0309     |
|    std                  | 0.632       |
|    value_loss           | 0.165       |
-----------------------------------------
[E2] ~5.6h remaining (119104 steps left @ 0.17s/step)
-----------------------------------------
| rollout/                |             |
|    ep_len_mean          | 7.6         |
|    ep_rew_mean          | 0.893       |
| time/                   |             |
|    eta_hours            | 5.58        |
|    fps                  | 6           |
|    iterations           | 158         |
|    sec_per_step         | 0.169       |
|    time_elapsed         | 12459       |
|    total_timesteps      | 80896       |
| train/                  |             |
|    approx_kl            | 0.008737957 |
|    clip_fraction        | 0.11        |
|    clip_range           | 0.2         |
|    entropy_loss         | -2.86       |
|    explained_variance   | 0.916       |
|    learning_rate        | 0.0001      |
|    loss                 | -0.019      |
|    n_updates            | 1570        |
|    policy_gradient_loss | -0.0172     |
|    std                  | 0.631       |
|    value_loss           | 0.0758      |
-----------------------------------------
[E2] ~5.4h remaining (118592 steps left @ 0.16s/step)
-----------------------------------------
| rollout/                |             |
|    ep_len_mean          | 7.49        |
|    ep_rew_mean          | 0.916       |
| time/                   |             |
|    eta_hours            | 5.38        |
|    fps                  | 6           |
|    iterations           | 159         |
|    sec_per_step         | 0.163       |
|    time_elapsed         | 12536       |
|    total_timesteps      | 81408       |
| train/                  |             |
|    approx_kl            | 0.016320713 |
|    clip_fraction        | 0.16        |
|    clip_range           | 0.2         |
|    entropy_loss         | -2.85       |
|    explained_variance   | 0.814       |
|    learning_rate        | 0.0001      |
|    loss                 | 0.0264      |
|    n_updates            | 1580        |
|    policy_gradient_loss | -0.0248     |
|    std                  | 0.629       |
|    value_loss           | 0.177       |
-----------------------------------------
[E2] ~5.2h remaining (118080 steps left @ 0.16s/step)
-----------------------------------------
| rollout/                |             |
|    ep_len_mean          | 7.46        |
|    ep_rew_mean          | 0.907       |
| time/                   |             |
|    eta_hours            | 5.23        |
|    fps                  | 6           |
|    iterations           | 160         |
|    sec_per_step         | 0.16        |
|    time_elapsed         | 12613       |
|    total_timesteps      | 81920       |
| train/                  |             |
|    approx_kl            | 0.015355995 |
|    clip_fraction        | 0.158       |
|    clip_range           | 0.2         |
|    entropy_loss         | -2.84       |
|    explained_variance   | 0.87        |
|    learning_rate        | 0.0001      |
|    loss                 | -0.0299     |
|    n_updates            | 1590        |
|    policy_gradient_loss | -0.0245     |
|    std                  | 0.628       |
|    value_loss           | 0.115       |
-----------------------------------------
[E2] ~5.1h remaining (117568 steps left @ 0.16s/step)
-----------------------------------------
| rollout/                |             |
|    ep_len_mean          | 7.51        |
|    ep_rew_mean          | 0.93        |
| time/                   |             |
|    eta_hours            | 5.13        |
|    fps                  | 6           |
|    iterations           | 161         |
|    sec_per_step         | 0.157       |
|    time_elapsed         | 12691       |
|    total_timesteps      | 82432       |
| train/                  |             |
|    approx_kl            | 0.013594602 |
|    clip_fraction        | 0.137       |
|    clip_range           | 0.2         |
|    entropy_loss         | -2.84       |
|    explained_variance   | 0.808       |
|    learning_rate        | 0.0001      |
|    loss                 | 0.0274      |
|    n_updates            | 1600        |
|    policy_gradient_loss | -0.0226     |
|    std                  | 0.628       |
|    value_loss           | 0.176       |
-----------------------------------------
[E2] ~5.0h remaining (117056 steps left @ 0.16s/step)
-----------------------------------------
| rollout/                |             |
|    ep_len_mean          | 7.49        |
|    ep_rew_mean          | 0.877       |
| time/                   |             |
|    eta_hours            | 5.04        |
|    fps                  | 6           |
|    iterations           | 162         |
|    sec_per_step         | 0.155       |
|    time_elapsed         | 12768       |
|    total_timesteps      | 82944       |
| train/                  |             |
|    approx_kl            | 0.008963175 |
|    clip_fraction        | 0.0934      |
|    clip_range           | 0.2         |
|    entropy_loss         | -2.84       |
|    explained_variance   | 0.894       |
|    learning_rate        | 0.0001      |
|    loss                 | 0.0167      |
|    n_updates            | 1610        |
|    policy_gradient_loss | -0.0135     |
|    std                  | 0.626       |
|    value_loss           | 0.104       |
-----------------------------------------
[E2] ~5.0h remaining (116544 steps left @ 0.15s/step)
-----------------------------------------
| rollout/                |             |
|    ep_len_mean          | 7.23        |
|    ep_rew_mean          | 0.844       |
| time/                   |             |
|    eta_hours            | 4.98        |
|    fps                  | 6           |
|    iterations           | 163         |
|    sec_per_step         | 0.154       |
|    time_elapsed         | 12845       |
|    total_timesteps      | 83456       |
| train/                  |             |
|    approx_kl            | 0.016456174 |
|    clip_fraction        | 0.201       |
|    clip_range           | 0.2         |
|    entropy_loss         | -2.83       |
|    explained_variance   | 0.735       |
|    learning_rate        | 0.0001      |
|    loss                 | 0.0584      |
|    n_updates            | 1620        |
|    policy_gradient_loss | -0.0285     |
|    std                  | 0.625       |
|    value_loss           | 0.248       |
-----------------------------------------
[E2] ~4.9h remaining (116032 steps left @ 0.15s/step)
-----------------------------------------
| rollout/                |             |
|    ep_len_mean          | 7.65        |
|    ep_rew_mean          | 0.9         |
| time/                   |             |
|    eta_hours            | 4.94        |
|    fps                  | 6           |
|    iterations           | 164         |
|    sec_per_step         | 0.153       |
|    time_elapsed         | 12923       |
|    total_timesteps      | 83968       |
| train/                  |             |
|    approx_kl            | 0.014095581 |
|    clip_fraction        | 0.123       |
|    clip_range           | 0.2         |
|    entropy_loss         | -2.82       |
|    explained_variance   | 0.751       |
|    learning_rate        | 0.0001      |
|    loss                 | 0.0799      |
|    n_updates            | 1630        |
|    policy_gradient_loss | -0.0195     |
|    std                  | 0.623       |
|    value_loss           | 0.216       |
-----------------------------------------
[E2] ~4.9h remaining (115520 steps left @ 0.15s/step)
-----------------------------------------
| rollout/                |             |
|    ep_len_mean          | 7.63        |
|    ep_rew_mean          | 0.953       |
| time/                   |             |
|    eta_hours            | 4.91        |
|    fps                  | 6           |
|    iterations           | 165         |
|    sec_per_step         | 0.153       |
|    time_elapsed         | 13000       |
|    total_timesteps      | 84480       |
| train/                  |             |
|    approx_kl            | 0.014487085 |
|    clip_fraction        | 0.164       |
|    clip_range           | 0.2         |
|    entropy_loss         | -2.81       |
|    explained_variance   | 0.852       |
|    learning_rate        | 0.0001      |
|    loss                 | 0.0108      |
|    n_updates            | 1640        |
|    policy_gradient_loss | -0.0254     |
|    std                  | 0.622       |
|    value_loss           | 0.131       |
-----------------------------------------
[E2] ~4.9h remaining (115008 steps left @ 0.15s/step)
-----------------------------------------
| rollout/                |             |
|    ep_len_mean          | 7.68        |
|    ep_rew_mean          | 0.933       |
| time/                   |             |
|    eta_hours            | 4.86        |
|    fps                  | 6           |
|    iterations           | 166         |
|    sec_per_step         | 0.152       |
|    time_elapsed         | 13078       |
|    total_timesteps      | 84992       |
| train/                  |             |
|    approx_kl            | 0.010679632 |
|    clip_fraction        | 0.118       |
|    clip_range           | 0.2         |
|    entropy_loss         | -2.81       |
|    explained_variance   | 0.913       |
|    learning_rate        | 0.0001      |
|    loss                 | -0.0125     |
|    n_updates            | 1650        |
|    policy_gradient_loss | -0.0195     |
|    std                  | 0.621       |
|    value_loss           | 0.0779      |
-----------------------------------------
[E2] ~4.8h remaining (114496 steps left @ 0.15s/step)
-----------------------------------------
| rollout/                |             |
|    ep_len_mean          | 7.92        |
|    ep_rew_mean          | 0.925       |
| time/                   |             |
|    eta_hours            | 4.84        |
|    fps                  | 6           |
|    iterations           | 167         |
|    sec_per_step         | 0.152       |
|    time_elapsed         | 13155       |
|    total_timesteps      | 85504       |
| train/                  |             |
|    approx_kl            | 0.010438864 |
|    clip_fraction        | 0.1         |
|    clip_range           | 0.2         |
|    entropy_loss         | -2.8        |
|    explained_variance   | 0.89        |
|    learning_rate        | 0.0001      |
|    loss                 | 0.0084      |
|    n_updates            | 1660        |
|    policy_gradient_loss | -0.0208     |
|    std                  | 0.62        |
|    value_loss           | 0.103       |
-----------------------------------------
[E2] ~4.8h remaining (113984 steps left @ 0.15s/step)
-----------------------------------------
| rollout/                |             |
|    ep_len_mean          | 7.93        |
|    ep_rew_mean          | 0.929       |
| time/                   |             |
|    eta_hours            | 4.8         |
|    fps                  | 6           |
|    iterations           | 168         |
|    sec_per_step         | 0.152       |
|    time_elapsed         | 13232       |
|    total_timesteps      | 86016       |
| train/                  |             |
|    approx_kl            | 0.014628206 |
|    clip_fraction        | 0.174       |
|    clip_range           | 0.2         |
|    entropy_loss         | -2.8        |
|    explained_variance   | 0.895       |
|    learning_rate        | 0.0001      |
|    loss                 | -0.0149     |
|    n_updates            | 1670        |
|    policy_gradient_loss | -0.0265     |
|    std                  | 0.618       |
|    value_loss           | 0.108       |
-----------------------------------------
[E2] ~4.8h remaining (113472 steps left @ 0.15s/step)
----------------------------------------
| rollout/                |            |
|    ep_len_mean          | 7.66       |
|    ep_rew_mean          | 0.94       |
| time/                   |            |
|    eta_hours            | 4.8        |
|    fps                  | 6          |
|    iterations           | 169        |
|    sec_per_step         | 0.152      |
|    time_elapsed         | 13311      |
|    total_timesteps      | 86528      |
| train/                  |            |
|    approx_kl            | 0.00844098 |
|    clip_fraction        | 0.111      |
|    clip_range           | 0.2        |
|    entropy_loss         | -2.79      |
|    explained_variance   | 0.899      |
|    learning_rate        | 0.0001     |
|    loss                 | 0.00278    |
|    n_updates            | 1680       |
|    policy_gradient_loss | -0.0139    |
|    std                  | 0.616      |
|    value_loss           | 0.1        |
----------------------------------------
[E2] ~4.8h remaining (112960 steps left @ 0.15s/step)
-----------------------------------------
| rollout/                |             |
|    ep_len_mean          | 7.56        |
|    ep_rew_mean          | 0.927       |
| time/                   |             |
|    eta_hours            | 4.81        |
|    fps                  | 6           |
|    iterations           | 170         |
|    sec_per_step         | 0.153       |
|    time_elapsed         | 13391       |
|    total_timesteps      | 87040       |
| train/                  |             |
|    approx_kl            | 0.014044273 |
|    clip_fraction        | 0.147       |
|    clip_range           | 0.2         |
|    entropy_loss         | -2.78       |
|    explained_variance   | 0.813       |
|    learning_rate        | 0.0001      |
|    loss                 | 0.0744      |
|    n_updates            | 1690        |
|    policy_gradient_loss | -0.0218     |
|    std                  | 0.615       |
|    value_loss           | 0.192       |
-----------------------------------------
[E2] ~4.8h remaining (112448 steps left @ 0.15s/step)
-----------------------------------------
| rollout/                |             |
|    ep_len_mean          | 7.63        |
|    ep_rew_mean          | 0.936       |
| time/                   |             |
|    eta_hours            | 4.79        |
|    fps                  | 6           |
|    iterations           | 171         |
|    sec_per_step         | 0.153       |
|    time_elapsed         | 13470       |
|    total_timesteps      | 87552       |
| train/                  |             |
|    approx_kl            | 0.017082365 |
|    clip_fraction        | 0.199       |
|    clip_range           | 0.2         |
|    entropy_loss         | -2.77       |
|    explained_variance   | 0.832       |
|    learning_rate        | 0.0001      |
|    loss                 | 0.0584      |
|    n_updates            | 1700        |
|    policy_gradient_loss | -0.0276     |
|    std                  | 0.615       |
|    value_loss           | 0.163       |
-----------------------------------------
[E2] ~4.8h remaining (111936 steps left @ 0.15s/step)
-----------------------------------------
| rollout/                |             |
|    ep_len_mean          | 7.95        |
|    ep_rew_mean          | 0.932       |
| time/                   |             |
|    eta_hours            | 4.77        |
|    fps                  | 6           |
|    iterations           | 172         |
|    sec_per_step         | 0.154       |
|    time_elapsed         | 13548       |
|    total_timesteps      | 88064       |
| train/                  |             |
|    approx_kl            | 0.011747293 |
|    clip_fraction        | 0.166       |
|    clip_range           | 0.2         |
|    entropy_loss         | -2.77       |
|    explained_variance   | 0.859       |
|    learning_rate        | 0.0001      |
|    loss                 | 0.00874     |
|    n_updates            | 1710        |
|    policy_gradient_loss | -0.0259     |
|    std                  | 0.614       |
|    value_loss           | 0.133       |
-----------------------------------------
[E2] ~4.7h remaining (111424 steps left @ 0.15s/step)
-----------------------------------------
| rollout/                |             |
|    ep_len_mean          | 7.91        |
|    ep_rew_mean          | 0.915       |
| time/                   |             |
|    eta_hours            | 4.74        |
|    fps                  | 6           |
|    iterations           | 173         |
|    sec_per_step         | 0.153       |
|    time_elapsed         | 13626       |
|    total_timesteps      | 88576       |
| train/                  |             |
|    approx_kl            | 0.016799048 |
|    clip_fraction        | 0.201       |
|    clip_range           | 0.2         |
|    entropy_loss         | -2.77       |
|    explained_variance   | 0.882       |
|    learning_rate        | 0.0001      |
|    loss                 | 0.0137      |
|    n_updates            | 1720        |
|    policy_gradient_loss | -0.0247     |
|    std                  | 0.614       |
|    value_loss           | 0.109       |
-----------------------------------------
[E2] ~4.7h remaining (110912 steps left @ 0.15s/step)
-----------------------------------------
| rollout/                |             |
|    ep_len_mean          | 8.2         |
|    ep_rew_mean          | 0.912       |
| time/                   |             |
|    eta_hours            | 4.71        |
|    fps                  | 6           |
|    iterations           | 174         |
|    sec_per_step         | 0.153       |
|    time_elapsed         | 13704       |
|    total_timesteps      | 89088       |
| train/                  |             |
|    approx_kl            | 0.009319441 |
|    clip_fraction        | 0.0852      |
|    clip_range           | 0.2         |
|    entropy_loss         | -2.76       |
|    explained_variance   | 0.882       |
|    learning_rate        | 0.0001      |
|    loss                 | 0.0465      |
|    n_updates            | 1730        |
|    policy_gradient_loss | -0.0144     |
|    std                  | 0.612       |
|    value_loss           | 0.11        |
-----------------------------------------
[E2] ~4.7h remaining (110400 steps left @ 0.15s/step)
-----------------------------------------
| rollout/                |             |
|    ep_len_mean          | 8.14        |
|    ep_rew_mean          | 0.934       |
| time/                   |             |
|    eta_hours            | 4.69        |
|    fps                  | 6           |
|    iterations           | 175         |
|    sec_per_step         | 0.153       |
|    time_elapsed         | 13783       |
|    total_timesteps      | 89600       |
| train/                  |             |
|    approx_kl            | 0.011969168 |
|    clip_fraction        | 0.152       |
|    clip_range           | 0.2         |
|    entropy_loss         | -2.75       |
|    explained_variance   | 0.833       |
|    learning_rate        | 0.0001      |
|    loss                 | 0.0204      |
|    n_updates            | 1740        |
|    policy_gradient_loss | -0.0214     |
|    std                  | 0.611       |
|    value_loss           | 0.155       |
-----------------------------------------
[E2 eval @ step 90000]  MAPE=10.16%  p90=13.50%  success(<5%)=0.0%  mean_scan_time=223.5s
[E2] ~5.6h remaining (109888 steps left @ 0.18s/step)
-----------------------------------------
| rollout/                |             |
|    ep_len_mean          | 8.2         |
|    ep_rew_mean          | 0.946       |
| time/                   |             |
|    eta_hours            | 5.59        |
|    fps                  | 6           |
|    iterations           | 176         |
|    sec_per_step         | 0.183       |
|    time_elapsed         | 13912       |
|    total_timesteps      | 90112       |
| train/                  |             |
|    approx_kl            | 0.014375658 |
|    clip_fraction        | 0.134       |
|    clip_range           | 0.2         |
|    entropy_loss         | -2.75       |
|    explained_variance   | 0.895       |
|    learning_rate        | 0.0001      |
|    loss                 | 0.00569     |
|    n_updates            | 1750        |
|    policy_gradient_loss | -0.0219     |
|    std                  | 0.609       |
|    value_loss           | 0.103       |
-----------------------------------------
[E2] ~5.3h remaining (109376 steps left @ 0.17s/step)
-----------------------------------------
| rollout/                |             |
|    ep_len_mean          | 8.12        |
|    ep_rew_mean          | 0.957       |
| time/                   |             |
|    eta_hours            | 5.27        |
|    fps                  | 6           |
|    iterations           | 177         |
|    sec_per_step         | 0.173       |
|    time_elapsed         | 13990       |
|    total_timesteps      | 90624       |
| train/                  |             |
|    approx_kl            | 0.012465856 |
|    clip_fraction        | 0.149       |
|    clip_range           | 0.2         |
|    entropy_loss         | -2.74       |
|    explained_variance   | 0.894       |
|    learning_rate        | 0.0001      |
|    loss                 | 0.026       |
|    n_updates            | 1760        |
|    policy_gradient_loss | -0.0217     |
|    std                  | 0.608       |
|    value_loss           | 0.0947      |
-----------------------------------------
[E2] ~5.1h remaining (108864 steps left @ 0.17s/step)
-----------------------------------------
| rollout/                |             |
|    ep_len_mean          | 7.84        |
|    ep_rew_mean          | 0.927       |
| time/                   |             |
|    eta_hours            | 5.05        |
|    fps                  | 6           |
|    iterations           | 178         |
|    sec_per_step         | 0.167       |
|    time_elapsed         | 14067       |
|    total_timesteps      | 91136       |
| train/                  |             |
|    approx_kl            | 0.016635256 |
|    clip_fraction        | 0.159       |
|    clip_range           | 0.2         |
|    entropy_loss         | -2.73       |
|    explained_variance   | 0.886       |
|    learning_rate        | 0.0001      |
|    loss                 | 0.0291      |
|    n_updates            | 1770        |
|    policy_gradient_loss | -0.0219     |
|    std                  | 0.606       |
|    value_loss           | 0.0994      |
-----------------------------------------
[E2] ~4.9h remaining (108352 steps left @ 0.16s/step)
-----------------------------------------
| rollout/                |             |
|    ep_len_mean          | 7.89        |
|    ep_rew_mean          | 0.938       |
| time/                   |             |
|    eta_hours            | 4.91        |
|    fps                  | 6           |
|    iterations           | 179         |
|    sec_per_step         | 0.163       |
|    time_elapsed         | 14146       |
|    total_timesteps      | 91648       |
| train/                  |             |
|    approx_kl            | 0.011614958 |
|    clip_fraction        | 0.103       |
|    clip_range           | 0.2         |
|    entropy_loss         | -2.72       |
|    explained_variance   | 0.831       |
|    learning_rate        | 0.0001      |
|    loss                 | 0.0354      |
|    n_updates            | 1780        |
|    policy_gradient_loss | -0.019      |
|    std                  | 0.605       |
|    value_loss           | 0.156       |
-----------------------------------------
[E2] ~4.8h remaining (107840 steps left @ 0.16s/step)
-----------------------------------------
| rollout/                |             |
|    ep_len_mean          | 8.25        |
|    ep_rew_mean          | 0.958       |
| time/                   |             |
|    eta_hours            | 4.78        |
|    fps                  | 6           |
|    iterations           | 180         |
|    sec_per_step         | 0.16        |
|    time_elapsed         | 14224       |
|    total_timesteps      | 92160       |
| train/                  |             |
|    approx_kl            | 0.012722144 |
|    clip_fraction        | 0.142       |
|    clip_range           | 0.2         |
|    entropy_loss         | -2.72       |
|    explained_variance   | 0.87        |
|    learning_rate        | 0.0001      |
|    loss                 | 0.000419    |
|    n_updates            | 1790        |
|    policy_gradient_loss | -0.0196     |
|    std                  | 0.604       |
|    value_loss           | 0.118       |
-----------------------------------------
[E2] ~4.7h remaining (107328 steps left @ 0.16s/step)
-----------------------------------------
| rollout/                |             |
|    ep_len_mean          | 8.27        |
|    ep_rew_mean          | 0.953       |
| time/                   |             |
|    eta_hours            | 4.68        |
|    fps                  | 6           |
|    iterations           | 181         |
|    sec_per_step         | 0.157       |
|    time_elapsed         | 14301       |
|    total_timesteps      | 92672       |
| train/                  |             |
|    approx_kl            | 0.013427962 |
|    clip_fraction        | 0.203       |
|    clip_range           | 0.2         |
|    entropy_loss         | -2.72       |
|    explained_variance   | 0.843       |
|    learning_rate        | 0.0001      |
|    loss                 | -0.0154     |
|    n_updates            | 1800        |
|    policy_gradient_loss | -0.0214     |
|    std                  | 0.604       |
|    value_loss           | 0.144       |
-----------------------------------------
[E2] ~4.6h remaining (106816 steps left @ 0.16s/step)
-----------------------------------------
| rollout/                |             |
|    ep_len_mean          | 8.14        |
|    ep_rew_mean          | 0.955       |
| time/                   |             |
|    eta_hours            | 4.62        |
|    fps                  | 6           |
|    iterations           | 182         |
|    sec_per_step         | 0.156       |
|    time_elapsed         | 14379       |
|    total_timesteps      | 93184       |
| train/                  |             |
|    approx_kl            | 0.012461882 |
|    clip_fraction        | 0.143       |
|    clip_range           | 0.2         |
|    entropy_loss         | -2.71       |
|    explained_variance   | 0.91        |
|    learning_rate        | 0.0001      |
|    loss                 | 0.000563    |
|    n_updates            | 1810        |
|    policy_gradient_loss | -0.0243     |
|    std                  | 0.603       |
|    value_loss           | 0.0901      |
-----------------------------------------
[E2] ~4.6h remaining (106304 steps left @ 0.15s/step)
-----------------------------------------
| rollout/                |             |
|    ep_len_mean          | 7.63        |
|    ep_rew_mean          | 0.936       |
| time/                   |             |
|    eta_hours            | 4.57        |
|    fps                  | 6           |
|    iterations           | 183         |
|    sec_per_step         | 0.155       |
|    time_elapsed         | 14457       |
|    total_timesteps      | 93696       |
| train/                  |             |
|    approx_kl            | 0.015518087 |
|    clip_fraction        | 0.162       |
|    clip_range           | 0.2         |
|    entropy_loss         | -2.71       |
|    explained_variance   | 0.894       |
|    learning_rate        | 0.0001      |
|    loss                 | 0.0195      |
|    n_updates            | 1820        |
|    policy_gradient_loss | -0.0202     |
|    std                  | 0.602       |
|    value_loss           | 0.105       |
-----------------------------------------
[E2] ~4.5h remaining (105792 steps left @ 0.15s/step)
----------------------------------------
| rollout/                |            |
|    ep_len_mean          | 7.69       |
|    ep_rew_mean          | 0.952      |
| time/                   |            |
|    eta_hours            | 4.53       |
|    fps                  | 6          |
|    iterations           | 184        |
|    sec_per_step         | 0.154      |
|    time_elapsed         | 14535      |
|    total_timesteps      | 94208      |
| train/                  |            |
|    approx_kl            | 0.01540811 |
|    clip_fraction        | 0.162      |
|    clip_range           | 0.2        |
|    entropy_loss         | -2.7       |
|    explained_variance   | 0.866      |
|    learning_rate        | 0.0001     |
|    loss                 | 0.0184     |
|    n_updates            | 1830       |
|    policy_gradient_loss | -0.0216    |
|    std                  | 0.601      |
|    value_loss           | 0.143      |
----------------------------------------
[E2] ~4.5h remaining (105280 steps left @ 0.15s/step)
-----------------------------------------
| rollout/                |             |
|    ep_len_mean          | 7.78        |
|    ep_rew_mean          | 0.965       |
| time/                   |             |
|    eta_hours            | 4.48        |
|    fps                  | 6           |
|    iterations           | 185         |
|    sec_per_step         | 0.153       |
|    time_elapsed         | 14613       |
|    total_timesteps      | 94720       |
| train/                  |             |
|    approx_kl            | 0.015788112 |
|    clip_fraction        | 0.124       |
|    clip_range           | 0.2         |
|    entropy_loss         | -2.7        |
|    explained_variance   | 0.91        |
|    learning_rate        | 0.0001      |
|    loss                 | -0.00862    |
|    n_updates            | 1840        |
|    policy_gradient_loss | -0.0198     |
|    std                  | 0.6         |
|    value_loss           | 0.0855      |
-----------------------------------------
[E2] ~4.5h remaining (104768 steps left @ 0.15s/step)
-----------------------------------------
| rollout/                |             |
|    ep_len_mean          | 7.68        |
|    ep_rew_mean          | 0.952       |
| time/                   |             |
|    eta_hours            | 4.46        |
|    fps                  | 6           |
|    iterations           | 186         |
|    sec_per_step         | 0.153       |
|    time_elapsed         | 14691       |
|    total_timesteps      | 95232       |
| train/                  |             |
|    approx_kl            | 0.011054566 |
|    clip_fraction        | 0.142       |
|    clip_range           | 0.2         |
|    entropy_loss         | -2.69       |
|    explained_variance   | 0.925       |
|    learning_rate        | 0.0001      |
|    loss                 | -0.0438     |
|    n_updates            | 1850        |
|    policy_gradient_loss | -0.0206     |
|    std                  | 0.598       |
|    value_loss           | 0.0718      |
-----------------------------------------
[E2] ~4.4h remaining (104256 steps left @ 0.15s/step)
-----------------------------------------
| rollout/                |             |
|    ep_len_mean          | 7.81        |
|    ep_rew_mean          | 0.953       |
| time/                   |             |
|    eta_hours            | 4.42        |
|    fps                  | 6           |
|    iterations           | 187         |
|    sec_per_step         | 0.153       |
|    time_elapsed         | 14768       |
|    total_timesteps      | 95744       |
| train/                  |             |
|    approx_kl            | 0.016689936 |
|    clip_fraction        | 0.212       |
|    clip_range           | 0.2         |
|    entropy_loss         | -2.68       |
|    explained_variance   | 0.906       |
|    learning_rate        | 0.0001      |
|    loss                 | -0.00665    |
|    n_updates            | 1860        |
|    policy_gradient_loss | -0.0267     |
|    std                  | 0.597       |
|    value_loss           | 0.101       |
-----------------------------------------
[E2] ~4.4h remaining (103744 steps left @ 0.15s/step)
-----------------------------------------
| rollout/                |             |
|    ep_len_mean          | 7.61        |
|    ep_rew_mean          | 0.937       |
| time/                   |             |
|    eta_hours            | 4.39        |
|    fps                  | 6           |
|    iterations           | 188         |
|    sec_per_step         | 0.153       |
|    time_elapsed         | 14846       |
|    total_timesteps      | 96256       |
| train/                  |             |
|    approx_kl            | 0.018267814 |
|    clip_fraction        | 0.191       |
|    clip_range           | 0.2         |
|    entropy_loss         | -2.68       |
|    explained_variance   | 0.849       |
|    learning_rate        | 0.0001      |
|    loss                 | 0.0237      |
|    n_updates            | 1870        |
|    policy_gradient_loss | -0.0269     |
|    std                  | 0.596       |
|    value_loss           | 0.122       |
-----------------------------------------
[E2] ~4.4h remaining (103232 steps left @ 0.15s/step)
-----------------------------------------
| rollout/                |             |
|    ep_len_mean          | 7.35        |
|    ep_rew_mean          | 0.878       |
| time/                   |             |
|    eta_hours            | 4.37        |
|    fps                  | 6           |
|    iterations           | 189         |
|    sec_per_step         | 0.152       |
|    time_elapsed         | 14924       |
|    total_timesteps      | 96768       |
| train/                  |             |
|    approx_kl            | 0.012859725 |
|    clip_fraction        | 0.145       |
|    clip_range           | 0.2         |
|    entropy_loss         | -2.67       |
|    explained_variance   | 0.813       |
|    learning_rate        | 0.0001      |
|    loss                 | 0.0216      |
|    n_updates            | 1880        |
|    policy_gradient_loss | -0.0218     |
|    std                  | 0.594       |
|    value_loss           | 0.171       |
-----------------------------------------
[E2] ~4.3h remaining (102720 steps left @ 0.15s/step)
-----------------------------------------
| rollout/                |             |
|    ep_len_mean          | 7.4         |
|    ep_rew_mean          | 0.912       |
| time/                   |             |
|    eta_hours            | 4.35        |
|    fps                  | 6           |
|    iterations           | 190         |
|    sec_per_step         | 0.152       |
|    time_elapsed         | 15002       |
|    total_timesteps      | 97280       |
| train/                  |             |
|    approx_kl            | 0.012372289 |
|    clip_fraction        | 0.115       |
|    clip_range           | 0.2         |
|    entropy_loss         | -2.66       |
|    explained_variance   | 0.774       |
|    learning_rate        | 0.0001      |
|    loss                 | 0.085       |
|    n_updates            | 1890        |
|    policy_gradient_loss | -0.0244     |
|    std                  | 0.593       |
|    value_loss           | 0.221       |
-----------------------------------------
[E2] ~4.3h remaining (102208 steps left @ 0.15s/step)
-----------------------------------------
| rollout/                |             |
|    ep_len_mean          | 7.45        |
|    ep_rew_mean          | 0.942       |
| time/                   |             |
|    eta_hours            | 4.31        |
|    fps                  | 6           |
|    iterations           | 191         |
|    sec_per_step         | 0.152       |
|    time_elapsed         | 15079       |
|    total_timesteps      | 97792       |
| train/                  |             |
|    approx_kl            | 0.015671048 |
|    clip_fraction        | 0.155       |
|    clip_range           | 0.2         |
|    entropy_loss         | -2.65       |
|    explained_variance   | 0.851       |
|    learning_rate        | 0.0001      |
|    loss                 | 0.0162      |
|    n_updates            | 1900        |
|    policy_gradient_loss | -0.0248     |
|    std                  | 0.591       |
|    value_loss           | 0.148       |
-----------------------------------------
[E2] ~4.3h remaining (101696 steps left @ 0.15s/step)
----------------------------------------
| rollout/                |            |
|    ep_len_mean          | 7.6        |
|    ep_rew_mean          | 0.966      |
| time/                   |            |
|    eta_hours            | 4.29       |
|    fps                  | 6          |
|    iterations           | 192        |
|    sec_per_step         | 0.152      |
|    time_elapsed         | 15157      |
|    total_timesteps      | 98304      |
| train/                  |            |
|    approx_kl            | 0.01647695 |
|    clip_fraction        | 0.148      |
|    clip_range           | 0.2        |
|    entropy_loss         | -2.64      |
|    explained_variance   | 0.88       |
|    learning_rate        | 0.0001     |
|    loss                 | -0.0274    |
|    n_updates            | 1910       |
|    policy_gradient_loss | -0.0256    |
|    std                  | 0.589      |
|    value_loss           | 0.123      |
----------------------------------------
[E2] ~4.3h remaining (101184 steps left @ 0.15s/step)
-----------------------------------------
| rollout/                |             |
|    ep_len_mean          | 7.82        |
|    ep_rew_mean          | 0.951       |
| time/                   |             |
|    eta_hours            | 4.27        |
|    fps                  | 6           |
|    iterations           | 193         |
|    sec_per_step         | 0.152       |
|    time_elapsed         | 15235       |
|    total_timesteps      | 98816       |
| train/                  |             |
|    approx_kl            | 0.013502517 |
|    clip_fraction        | 0.137       |
|    clip_range           | 0.2         |
|    entropy_loss         | -2.64       |
|    explained_variance   | 0.899       |
|    learning_rate        | 0.0001      |
|    loss                 | 0.0361      |
|    n_updates            | 1920        |
|    policy_gradient_loss | -0.0194     |
|    std                  | 0.588       |
|    value_loss           | 0.111       |
-----------------------------------------
[E2] ~4.3h remaining (100672 steps left @ 0.15s/step)
-----------------------------------------
| rollout/                |             |
|    ep_len_mean          | 7.86        |
|    ep_rew_mean          | 0.925       |
| time/                   |             |
|    eta_hours            | 4.27        |
|    fps                  | 6           |
|    iterations           | 194         |
|    sec_per_step         | 0.153       |
|    time_elapsed         | 15314       |
|    total_timesteps      | 99328       |
| train/                  |             |
|    approx_kl            | 0.018976165 |
|    clip_fraction        | 0.16        |
|    clip_range           | 0.2         |
|    entropy_loss         | -2.63       |
|    explained_variance   | 0.888       |
|    learning_rate        | 0.0001      |
|    loss                 | 0.00753     |
|    n_updates            | 1930        |
|    policy_gradient_loss | -0.0247     |
|    std                  | 0.587       |
|    value_loss           | 0.105       |
-----------------------------------------
[E2] ~4.2h remaining (100160 steps left @ 0.15s/step)
-----------------------------------------
| rollout/                |             |
|    ep_len_mean          | 7.71        |
|    ep_rew_mean          | 0.921       |
| time/                   |             |
|    eta_hours            | 4.23        |
|    fps                  | 6           |
|    iterations           | 195         |
|    sec_per_step         | 0.152       |
|    time_elapsed         | 15391       |
|    total_timesteps      | 99840       |
| train/                  |             |
|    approx_kl            | 0.012170703 |
|    clip_fraction        | 0.131       |
|    clip_range           | 0.2         |
|    entropy_loss         | -2.62       |
|    explained_variance   | 0.822       |
|    learning_rate        | 0.0001      |
|    loss                 | 0.0424      |
|    n_updates            | 1940        |
|    policy_gradient_loss | -0.025      |
|    std                  | 0.586       |
|    value_loss           | 0.179       |
-----------------------------------------
[E2 eval @ step 100000]  MAPE=10.79%  p90=14.12%  success(<5%)=0.0%  mean_scan_time=227.8s
[E2] ~5.0h remaining (99648 steps left @ 0.18s/step)
-----------------------------------------
| rollout/                |             |
|    ep_len_mean          | 7.82        |
|    ep_rew_mean          | 0.954       |
| time/                   |             |
|    eta_hours            | 5.02        |
|    fps                  | 6           |
|    iterations           | 196         |
|    sec_per_step         | 0.181       |
|    time_elapsed         | 15519       |
|    total_timesteps      | 100352      |
| train/                  |             |
|    approx_kl            | 0.018432721 |
|    clip_fraction        | 0.187       |
|    clip_range           | 0.2         |
|    entropy_loss         | -2.62       |
|    explained_variance   | 0.825       |
|    learning_rate        | 0.0001      |
|    loss                 | 0.0523      |
|    n_updates            | 1950        |
|    policy_gradient_loss | -0.0233     |
|    std                  | 0.585       |
|    value_loss           | 0.158       |
-----------------------------------------
[E2] ~4.7h remaining (99136 steps left @ 0.17s/step)
-----------------------------------------
| rollout/                |             |
|    ep_len_mean          | 7.92        |
|    ep_rew_mean          | 0.962       |
| time/                   |             |
|    eta_hours            | 4.74        |
|    fps                  | 6           |
|    iterations           | 197         |
|    sec_per_step         | 0.172       |
|    time_elapsed         | 15596       |
|    total_timesteps      | 100864      |
| train/                  |             |
|    approx_kl            | 0.011833581 |
|    clip_fraction        | 0.124       |
|    clip_range           | 0.2         |
|    entropy_loss         | -2.61       |
|    explained_variance   | 0.92        |
|    learning_rate        | 0.0001      |
|    loss                 | 0.00319     |
|    n_updates            | 1960        |
|    policy_gradient_loss | -0.0198     |
|    std                  | 0.583       |
|    value_loss           | 0.0756      |
-----------------------------------------
[E2] ~4.6h remaining (98624 steps left @ 0.17s/step)
-----------------------------------------
| rollout/                |             |
|    ep_len_mean          | 7.88        |
|    ep_rew_mean          | 0.985       |
| time/                   |             |
|    eta_hours            | 4.57        |
|    fps                  | 6           |
|    iterations           | 198         |
|    sec_per_step         | 0.167       |
|    time_elapsed         | 15675       |
|    total_timesteps      | 101376      |
| train/                  |             |
|    approx_kl            | 0.014055448 |
|    clip_fraction        | 0.157       |
|    clip_range           | 0.2         |
|    entropy_loss         | -2.6        |
|    explained_variance   | 0.935       |
|    learning_rate        | 0.0001      |
|    loss                 | -0.00491    |
|    n_updates            | 1970        |
|    policy_gradient_loss | -0.0212     |
|    std                  | 0.581       |
|    value_loss           | 0.0678      |
-----------------------------------------
[E2] ~4.4h remaining (98112 steps left @ 0.16s/step)
-----------------------------------------
| rollout/                |             |
|    ep_len_mean          | 7.89        |
|    ep_rew_mean          | 0.972       |
| time/                   |             |
|    eta_hours            | 4.43        |
|    fps                  | 6           |
|    iterations           | 199         |
|    sec_per_step         | 0.163       |
|    time_elapsed         | 15753       |
|    total_timesteps      | 101888      |
| train/                  |             |
|    approx_kl            | 0.009862375 |
|    clip_fraction        | 0.112       |
|    clip_range           | 0.2         |
|    entropy_loss         | -2.59       |
|    explained_variance   | 0.933       |
|    learning_rate        | 0.0001      |
|    loss                 | -0.00735    |
|    n_updates            | 1980        |
|    policy_gradient_loss | -0.0174     |
|    std                  | 0.581       |
|    value_loss           | 0.0705      |
-----------------------------------------
[E2] ~4.3h remaining (97600 steps left @ 0.16s/step)
--------------------------------------
| rollout/                |          |
|    ep_len_mean          | 7.96     |
|    ep_rew_mean          | 0.982    |
| time/                   |          |
|    eta_hours            | 4.32     |
|    fps                  | 6        |
|    iterations           | 200      |
|    sec_per_step         | 0.159    |
|    time_elapsed         | 15831    |
|    total_timesteps      | 102400   |
| train/                  |          |
|    approx_kl            | 0.012772 |
|    clip_fraction        | 0.128    |
|    clip_range           | 0.2      |
|    entropy_loss         | -2.59    |
|    explained_variance   | 0.93     |
|    learning_rate        | 0.0001   |
|    loss                 | -0.0165  |
|    n_updates            | 1990     |
|    policy_gradient_loss | -0.0206  |
|    std                  | 0.58     |
|    value_loss           | 0.0719   |
--------------------------------------
[E2] ~4.2h remaining (97088 steps left @ 0.16s/step)
-----------------------------------------
| rollout/                |             |
|    ep_len_mean          | 7.68        |
|    ep_rew_mean          | 0.928       |
| time/                   |             |
|    eta_hours            | 4.23        |
|    fps                  | 6           |
|    iterations           | 201         |
|    sec_per_step         | 0.157       |
|    time_elapsed         | 15908       |
|    total_timesteps      | 102912      |
| train/                  |             |
|    approx_kl            | 0.012696985 |
|    clip_fraction        | 0.148       |
|    clip_range           | 0.2         |
|    entropy_loss         | -2.59       |
|    explained_variance   | 0.913       |
|    learning_rate        | 0.0001      |
|    loss                 | -0.00973    |
|    n_updates            | 2000        |
|    policy_gradient_loss | -0.0219     |
|    std                  | 0.58        |
|    value_loss           | 0.0903      |
-----------------------------------------
[E2] ~4.2h remaining (96576 steps left @ 0.16s/step)
-----------------------------------------
| rollout/                |             |
|    ep_len_mean          | 8.05        |
|    ep_rew_mean          | 0.938       |
| time/                   |             |
|    eta_hours            | 4.18        |
|    fps                  | 6           |
|    iterations           | 202         |
|    sec_per_step         | 0.156       |
|    time_elapsed         | 15987       |
|    total_timesteps      | 103424      |
| train/                  |             |
|    approx_kl            | 0.015787385 |
|    clip_fraction        | 0.147       |
|    clip_range           | 0.2         |
|    entropy_loss         | -2.58       |
|    explained_variance   | 0.785       |
|    learning_rate        | 0.0001      |
|    loss                 | 0.0287      |
|    n_updates            | 2010        |
|    policy_gradient_loss | -0.0246     |
|    std                  | 0.579       |
|    value_loss           | 0.203       |
-----------------------------------------
[E2] ~4.1h remaining (96064 steps left @ 0.16s/step)
----------------------------------------
| rollout/                |            |
|    ep_len_mean          | 7.9        |
|    ep_rew_mean          | 0.941      |
| time/                   |            |
|    eta_hours            | 4.14       |
|    fps                  | 6          |
|    iterations           | 203        |
|    sec_per_step         | 0.155      |
|    time_elapsed         | 16065      |
|    total_timesteps      | 103936     |
| train/                  |            |
|    approx_kl            | 0.01375643 |
|    clip_fraction        | 0.129      |
|    clip_range           | 0.2        |
|    entropy_loss         | -2.57      |
|    explained_variance   | 0.887      |
|    learning_rate        | 0.0001     |
|    loss                 | 0.00475    |
|    n_updates            | 2020       |
|    policy_gradient_loss | -0.0198    |
|    std                  | 0.578      |
|    value_loss           | 0.0969     |
----------------------------------------
[E2] ~4.1h remaining (95552 steps left @ 0.15s/step)
-----------------------------------------
| rollout/                |             |
|    ep_len_mean          | 7.7         |
|    ep_rew_mean          | 0.951       |
| time/                   |             |
|    eta_hours            | 4.1         |
|    fps                  | 6           |
|    iterations           | 204         |
|    sec_per_step         | 0.154       |
|    time_elapsed         | 16143       |
|    total_timesteps      | 104448      |
| train/                  |             |
|    approx_kl            | 0.011274593 |
|    clip_fraction        | 0.158       |
|    clip_range           | 0.2         |
|    entropy_loss         | -2.57       |
|    explained_variance   | 0.848       |
|    learning_rate        | 0.0001      |
|    loss                 | 0.0207      |
|    n_updates            | 2030        |
|    policy_gradient_loss | -0.0215     |
|    std                  | 0.577       |
|    value_loss           | 0.152       |
-----------------------------------------
[E2] ~4.0h remaining (95040 steps left @ 0.15s/step)
-----------------------------------------
| rollout/                |             |
|    ep_len_mean          | 7.45        |
|    ep_rew_mean          | 0.925       |
| time/                   |             |
|    eta_hours            | 4.04        |
|    fps                  | 6           |
|    iterations           | 205         |
|    sec_per_step         | 0.153       |
|    time_elapsed         | 16220       |
|    total_timesteps      | 104960      |
| train/                  |             |
|    approx_kl            | 0.015560072 |
|    clip_fraction        | 0.155       |
|    clip_range           | 0.2         |
|    entropy_loss         | -2.56       |
|    explained_variance   | 0.878       |
|    learning_rate        | 0.0001      |
|    loss                 | 0.0521      |
|    n_updates            | 2040        |
|    policy_gradient_loss | -0.024      |
|    std                  | 0.576       |
|    value_loss           | 0.117       |
-----------------------------------------
[E2] ~4.0h remaining (94528 steps left @ 0.15s/step)
-----------------------------------------
| rollout/                |             |
|    ep_len_mean          | 7.64        |
|    ep_rew_mean          | 0.931       |
| time/                   |             |
|    eta_hours            | 4.03        |
|    fps                  | 6           |
|    iterations           | 206         |
|    sec_per_step         | 0.154       |
|    time_elapsed         | 16300       |
|    total_timesteps      | 105472      |
| train/                  |             |
|    approx_kl            | 0.017894045 |
|    clip_fraction        | 0.209       |
|    clip_range           | 0.2         |
|    entropy_loss         | -2.56       |
|    explained_variance   | 0.833       |
|    learning_rate        | 0.0001      |
|    loss                 | 0.0372      |
|    n_updates            | 2050        |
|    policy_gradient_loss | -0.0308     |
|    std                  | 0.575       |
|    value_loss           | 0.159       |
-----------------------------------------
[E2] ~4.0h remaining (94016 steps left @ 0.15s/step)
-----------------------------------------
| rollout/                |             |
|    ep_len_mean          | 7.68        |
|    ep_rew_mean          | 0.962       |
| time/                   |             |
|    eta_hours            | 4           |
|    fps                  | 6           |
|    iterations           | 207         |
|    sec_per_step         | 0.153       |
|    time_elapsed         | 16378       |
|    total_timesteps      | 105984      |
| train/                  |             |
|    approx_kl            | 0.012167617 |
|    clip_fraction        | 0.145       |
|    clip_range           | 0.2         |
|    entropy_loss         | -2.55       |
|    explained_variance   | 0.886       |
|    learning_rate        | 0.0001      |
|    loss                 | 0.0103      |
|    n_updates            | 2060        |
|    policy_gradient_loss | -0.0223     |
|    std                  | 0.573       |
|    value_loss           | 0.106       |
-----------------------------------------
[E2] ~4.0h remaining (93504 steps left @ 0.15s/step)
-----------------------------------------
| rollout/                |             |
|    ep_len_mean          | 7.79        |
|    ep_rew_mean          | 0.952       |
| time/                   |             |
|    eta_hours            | 3.98        |
|    fps                  | 6           |
|    iterations           | 208         |
|    sec_per_step         | 0.153       |
|    time_elapsed         | 16456       |
|    total_timesteps      | 106496      |
| train/                  |             |
|    approx_kl            | 0.015652295 |
|    clip_fraction        | 0.156       |
|    clip_range           | 0.2         |
|    entropy_loss         | -2.54       |
|    explained_variance   | 0.882       |
|    learning_rate        | 0.0001      |
|    loss                 | -0.0107     |
|    n_updates            | 2070        |
|    policy_gradient_loss | -0.0242     |
|    std                  | 0.571       |
|    value_loss           | 0.117       |
-----------------------------------------
[E2] ~3.9h remaining (92992 steps left @ 0.15s/step)
-----------------------------------------
| rollout/                |             |
|    ep_len_mean          | 7.69        |
|    ep_rew_mean          | 0.969       |
| time/                   |             |
|    eta_hours            | 3.95        |
|    fps                  | 6           |
|    iterations           | 209         |
|    sec_per_step         | 0.153       |
|    time_elapsed         | 16534       |
|    total_timesteps      | 107008      |
| train/                  |             |
|    approx_kl            | 0.010147181 |
|    clip_fraction        | 0.12        |
|    clip_range           | 0.2         |
|    entropy_loss         | -2.53       |
|    explained_variance   | 0.881       |
|    learning_rate        | 0.0001      |
|    loss                 | 0.0257      |
|    n_updates            | 2080        |
|    policy_gradient_loss | -0.0227     |
|    std                  | 0.569       |
|    value_loss           | 0.119       |
-----------------------------------------
[E2] ~3.9h remaining (92480 steps left @ 0.15s/step)
-----------------------------------------
| rollout/                |             |
|    ep_len_mean          | 7.88        |
|    ep_rew_mean          | 0.969       |
| time/                   |             |
|    eta_hours            | 3.91        |
|    fps                  | 6           |
|    iterations           | 210         |
|    sec_per_step         | 0.152       |
|    time_elapsed         | 16611       |
|    total_timesteps      | 107520      |
| train/                  |             |
|    approx_kl            | 0.010525341 |
|    clip_fraction        | 0.176       |
|    clip_range           | 0.2         |
|    entropy_loss         | -2.52       |
|    explained_variance   | 0.865       |
|    learning_rate        | 0.0001      |
|    loss                 | 0.00751     |
|    n_updates            | 2090        |
|    policy_gradient_loss | -0.0196     |
|    std                  | 0.567       |
|    value_loss           | 0.127       |
-----------------------------------------
[E2] ~3.9h remaining (91968 steps left @ 0.15s/step)
-----------------------------------------
| rollout/                |             |
|    ep_len_mean          | 7.9         |
|    ep_rew_mean          | 0.968       |
| time/                   |             |
|    eta_hours            | 3.87        |
|    fps                  | 6           |
|    iterations           | 211         |
|    sec_per_step         | 0.152       |
|    time_elapsed         | 16688       |
|    total_timesteps      | 108032      |
| train/                  |             |
|    approx_kl            | 0.015033694 |
|    clip_fraction        | 0.143       |
|    clip_range           | 0.2         |
|    entropy_loss         | -2.51       |
|    explained_variance   | 0.874       |
|    learning_rate        | 0.0001      |
|    loss                 | -0.0131     |
|    n_updates            | 2100        |
|    policy_gradient_loss | -0.0254     |
|    std                  | 0.566       |
|    value_loss           | 0.115       |
-----------------------------------------
[E2] ~3.9h remaining (91456 steps left @ 0.15s/step)
-----------------------------------------
| rollout/                |             |
|    ep_len_mean          | 7.88        |
|    ep_rew_mean          | 0.954       |
| time/                   |             |
|    eta_hours            | 3.85        |
|    fps                  | 6           |
|    iterations           | 212         |
|    sec_per_step         | 0.152       |
|    time_elapsed         | 16766       |
|    total_timesteps      | 108544      |
| train/                  |             |
|    approx_kl            | 0.012224984 |
|    clip_fraction        | 0.133       |
|    clip_range           | 0.2         |
|    entropy_loss         | -2.5        |
|    explained_variance   | 0.887       |
|    learning_rate        | 0.0001      |
|    loss                 | 0.00984     |
|    n_updates            | 2110        |
|    policy_gradient_loss | -0.0188     |
|    std                  | 0.566       |
|    value_loss           | 0.121       |
-----------------------------------------
[E2] ~3.8h remaining (90944 steps left @ 0.15s/step)
-----------------------------------------
| rollout/                |             |
|    ep_len_mean          | 7.81        |
|    ep_rew_mean          | 0.933       |
| time/                   |             |
|    eta_hours            | 3.81        |
|    fps                  | 6           |
|    iterations           | 213         |
|    sec_per_step         | 0.151       |
|    time_elapsed         | 16842       |
|    total_timesteps      | 109056      |
| train/                  |             |
|    approx_kl            | 0.011457933 |
|    clip_fraction        | 0.123       |
|    clip_range           | 0.2         |
|    entropy_loss         | -2.5        |
|    explained_variance   | 0.918       |
|    learning_rate        | 0.0001      |
|    loss                 | 0.018       |
|    n_updates            | 2120        |
|    policy_gradient_loss | -0.0185     |
|    std                  | 0.566       |
|    value_loss           | 0.0786      |
-----------------------------------------
[E2] ~3.8h remaining (90432 steps left @ 0.15s/step)
----------------------------------------
| rollout/                |            |
|    ep_len_mean          | 7.99       |
|    ep_rew_mean          | 0.918      |
| time/                   |            |
|    eta_hours            | 3.8        |
|    fps                  | 6          |
|    iterations           | 214        |
|    sec_per_step         | 0.151      |
|    time_elapsed         | 16920      |
|    total_timesteps      | 109568     |
| train/                  |            |
|    approx_kl            | 0.01594169 |
|    clip_fraction        | 0.179      |
|    clip_range           | 0.2        |
|    entropy_loss         | -2.5       |
|    explained_variance   | 0.877      |
|    learning_rate        | 0.0001     |
|    loss                 | -0.00452   |
|    n_updates            | 2130       |
|    policy_gradient_loss | -0.021     |
|    std                  | 0.565      |
|    value_loss           | 0.121      |
----------------------------------------
[E2 eval @ step 110000]  MAPE=10.64%  p90=13.46%  success(<5%)=0.0%  mean_scan_time=225.0s
[E2] ~4.5h remaining (89920 steps left @ 0.18s/step)
-----------------------------------------
| rollout/                |             |
|    ep_len_mean          | 8.06        |
|    ep_rew_mean          | 0.958       |
| time/                   |             |
|    eta_hours            | 4.47        |
|    fps                  | 6           |
|    iterations           | 215         |
|    sec_per_step         | 0.179       |
|    time_elapsed         | 17044       |
|    total_timesteps      | 110080      |
| train/                  |             |
|    approx_kl            | 0.012441819 |
|    clip_fraction        | 0.131       |
|    clip_range           | 0.2         |
|    entropy_loss         | -2.49       |
|    explained_variance   | 0.836       |
|    learning_rate        | 0.0001      |
|    loss                 | 0.00161     |
|    n_updates            | 2140        |
|    policy_gradient_loss | -0.0239     |
|    std                  | 0.563       |
|    value_loss           | 0.153       |
-----------------------------------------
[E2] ~4.3h remaining (89408 steps left @ 0.17s/step)
-----------------------------------------
| rollout/                |             |
|    ep_len_mean          | 8.1         |
|    ep_rew_mean          | 0.968       |
| time/                   |             |
|    eta_hours            | 4.25        |
|    fps                  | 6           |
|    iterations           | 216         |
|    sec_per_step         | 0.171       |
|    time_elapsed         | 17123       |
|    total_timesteps      | 110592      |
| train/                  |             |
|    approx_kl            | 0.018596042 |
|    clip_fraction        | 0.178       |
|    clip_range           | 0.2         |
|    entropy_loss         | -2.49       |
|    explained_variance   | 0.903       |
|    learning_rate        | 0.0001      |
|    loss                 | -0.0168     |
|    n_updates            | 2150        |
|    policy_gradient_loss | -0.0218     |
|    std                  | 0.564       |
|    value_loss           | 0.0915      |
-----------------------------------------
[E2] ~4.1h remaining (88896 steps left @ 0.17s/step)
-----------------------------------------
| rollout/                |             |
|    ep_len_mean          | 7.92        |
|    ep_rew_mean          | 0.962       |
| time/                   |             |
|    eta_hours            | 4.11        |
|    fps                  | 6           |
|    iterations           | 217         |
|    sec_per_step         | 0.166       |
|    time_elapsed         | 17202       |
|    total_timesteps      | 111104      |
| train/                  |             |
|    approx_kl            | 0.008030783 |
|    clip_fraction        | 0.103       |
|    clip_range           | 0.2         |
|    entropy_loss         | -2.49       |
|    explained_variance   | 0.925       |
|    learning_rate        | 0.0001      |
|    loss                 | -0.0204     |
|    n_updates            | 2160        |
|    policy_gradient_loss | -0.018      |
|    std                  | 0.563       |
|    value_loss           | 0.0713      |
-----------------------------------------
[E2] ~4.0h remaining (88384 steps left @ 0.16s/step)
----------------------------------------
| rollout/                |            |
|    ep_len_mean          | 7.99       |
|    ep_rew_mean          | 0.963      |
| time/                   |            |
|    eta_hours            | 3.97       |
|    fps                  | 6          |
|    iterations           | 218        |
|    sec_per_step         | 0.162      |
|    time_elapsed         | 17280      |
|    total_timesteps      | 111616     |
| train/                  |            |
|    approx_kl            | 0.01504731 |
|    clip_fraction        | 0.164      |
|    clip_range           | 0.2        |
|    entropy_loss         | -2.48      |
|    explained_variance   | 0.918      |
|    learning_rate        | 0.0001     |
|    loss                 | -0.0011    |
|    n_updates            | 2170       |
|    policy_gradient_loss | -0.0211    |
|    std                  | 0.562      |
|    value_loss           | 0.0809     |
----------------------------------------
[E2] ~3.9h remaining (87872 steps left @ 0.16s/step)
-----------------------------------------
| rollout/                |             |
|    ep_len_mean          | 8.06        |
|    ep_rew_mean          | 0.956       |
| time/                   |             |
|    eta_hours            | 3.87        |
|    fps                  | 6           |
|    iterations           | 219         |
|    sec_per_step         | 0.159       |
|    time_elapsed         | 17357       |
|    total_timesteps      | 112128      |
| train/                  |             |
|    approx_kl            | 0.012513975 |
|    clip_fraction        | 0.148       |
|    clip_range           | 0.2         |
|    entropy_loss         | -2.48       |
|    explained_variance   | 0.883       |
|    learning_rate        | 0.0001      |
|    loss                 | -0.0169     |
|    n_updates            | 2180        |
|    policy_gradient_loss | -0.018      |
|    std                  | 0.561       |
|    value_loss           | 0.117       |
-----------------------------------------
[E2] ~3.8h remaining (87360 steps left @ 0.16s/step)
-----------------------------------------
| rollout/                |             |
|    ep_len_mean          | 8.15        |
|    ep_rew_mean          | 0.959       |
| time/                   |             |
|    eta_hours            | 3.8         |
|    fps                  | 6           |
|    iterations           | 220         |
|    sec_per_step         | 0.157       |
|    time_elapsed         | 17435       |
|    total_timesteps      | 112640      |
| train/                  |             |
|    approx_kl            | 0.017426781 |
|    clip_fraction        | 0.171       |
|    clip_range           | 0.2         |
|    entropy_loss         | -2.47       |
|    explained_variance   | 0.914       |
|    learning_rate        | 0.0001      |
|    loss                 | -0.0122     |
|    n_updates            | 2190        |
|    policy_gradient_loss | -0.0251     |
|    std                  | 0.561       |
|    value_loss           | 0.0798      |
-----------------------------------------
[E2] ~3.7h remaining (86848 steps left @ 0.16s/step)
-----------------------------------------
| rollout/                |             |
|    ep_len_mean          | 8.13        |
|    ep_rew_mean          | 0.98        |
| time/                   |             |
|    eta_hours            | 3.74        |
|    fps                  | 6           |
|    iterations           | 221         |
|    sec_per_step         | 0.155       |
|    time_elapsed         | 17512       |
|    total_timesteps      | 113152      |
| train/                  |             |
|    approx_kl            | 0.012529272 |
|    clip_fraction        | 0.112       |
|    clip_range           | 0.2         |
|    entropy_loss         | -2.47       |
|    explained_variance   | 0.913       |
|    learning_rate        | 0.0001      |
|    loss                 | 0.0191      |
|    n_updates            | 2200        |
|    policy_gradient_loss | -0.0156     |
|    std                  | 0.56        |
|    value_loss           | 0.0803      |
-----------------------------------------
[E2] ~3.7h remaining (86336 steps left @ 0.15s/step)
-----------------------------------------
| rollout/                |             |
|    ep_len_mean          | 7.86        |
|    ep_rew_mean          | 0.968       |
| time/                   |             |
|    eta_hours            | 3.71        |
|    fps                  | 6           |
|    iterations           | 222         |
|    sec_per_step         | 0.155       |
|    time_elapsed         | 17591       |
|    total_timesteps      | 113664      |
| train/                  |             |
|    approx_kl            | 0.017229216 |
|    clip_fraction        | 0.196       |
|    clip_range           | 0.2         |
|    entropy_loss         | -2.46       |
|    explained_variance   | 0.934       |
|    learning_rate        | 0.0001      |
|    loss                 | -0.0301     |
|    n_updates            | 2210        |
|    policy_gradient_loss | -0.0277     |
|    std                  | 0.558       |
|    value_loss           | 0.0692      |
-----------------------------------------
[E2] ~3.7h remaining (85824 steps left @ 0.15s/step)
-----------------------------------------
| rollout/                |             |
|    ep_len_mean          | 7.69        |
|    ep_rew_mean          | 0.959       |
| time/                   |             |
|    eta_hours            | 3.66        |
|    fps                  | 6           |
|    iterations           | 223         |
|    sec_per_step         | 0.154       |
|    time_elapsed         | 17668       |
|    total_timesteps      | 114176      |
| train/                  |             |
|    approx_kl            | 0.013577793 |
|    clip_fraction        | 0.148       |
|    clip_range           | 0.2         |
|    entropy_loss         | -2.45       |
|    explained_variance   | 0.913       |
|    learning_rate        | 0.0001      |
|    loss                 | -0.0175     |
|    n_updates            | 2220        |
|    policy_gradient_loss | -0.0254     |
|    std                  | 0.557       |
|    value_loss           | 0.0899      |
-----------------------------------------
[E2] ~3.6h remaining (85312 steps left @ 0.15s/step)
-----------------------------------------
| rollout/                |             |
|    ep_len_mean          | 7.75        |
|    ep_rew_mean          | 0.945       |
| time/                   |             |
|    eta_hours            | 3.63        |
|    fps                  | 6           |
|    iterations           | 224         |
|    sec_per_step         | 0.153       |
|    time_elapsed         | 17746       |
|    total_timesteps      | 114688      |
| train/                  |             |
|    approx_kl            | 0.012969303 |
|    clip_fraction        | 0.121       |
|    clip_range           | 0.2         |
|    entropy_loss         | -2.44       |
|    explained_variance   | 0.904       |
|    learning_rate        | 0.0001      |
|    loss                 | 0.0222      |
|    n_updates            | 2230        |
|    policy_gradient_loss | -0.0169     |
|    std                  | 0.555       |
|    value_loss           | 0.104       |
-----------------------------------------
[E2] ~3.6h remaining (84800 steps left @ 0.15s/step)
-----------------------------------------
| rollout/                |             |
|    ep_len_mean          | 7.66        |
|    ep_rew_mean          | 0.932       |
| time/                   |             |
|    eta_hours            | 3.6         |
|    fps                  | 6           |
|    iterations           | 225         |
|    sec_per_step         | 0.153       |
|    time_elapsed         | 17824       |
|    total_timesteps      | 115200      |
| train/                  |             |
|    approx_kl            | 0.015283519 |
|    clip_fraction        | 0.147       |
|    clip_range           | 0.2         |
|    entropy_loss         | -2.43       |
|    explained_variance   | 0.835       |
|    learning_rate        | 0.0001      |
|    loss                 | 0.0466      |
|    n_updates            | 2240        |
|    policy_gradient_loss | -0.0232     |
|    std                  | 0.554       |
|    value_loss           | 0.145       |
-----------------------------------------
[E2] ~3.6h remaining (84288 steps left @ 0.15s/step)
-----------------------------------------
| rollout/                |             |
|    ep_len_mean          | 7.91        |
|    ep_rew_mean          | 0.938       |
| time/                   |             |
|    eta_hours            | 3.58        |
|    fps                  | 6           |
|    iterations           | 226         |
|    sec_per_step         | 0.153       |
|    time_elapsed         | 17903       |
|    total_timesteps      | 115712      |
| train/                  |             |
|    approx_kl            | 0.012399787 |
|    clip_fraction        | 0.158       |
|    clip_range           | 0.2         |
|    entropy_loss         | -2.42       |
|    explained_variance   | 0.902       |
|    learning_rate        | 0.0001      |
|    loss                 | -0.00533    |
|    n_updates            | 2250        |
|    policy_gradient_loss | -0.0226     |
|    std                  | 0.552       |
|    value_loss           | 0.0947      |
-----------------------------------------
[E2] ~3.5h remaining (83776 steps left @ 0.15s/step)
-----------------------------------------
| rollout/                |             |
|    ep_len_mean          | 7.53        |
|    ep_rew_mean          | 0.957       |
| time/                   |             |
|    eta_hours            | 3.55        |
|    fps                  | 6           |
|    iterations           | 227         |
|    sec_per_step         | 0.152       |
|    time_elapsed         | 17980       |
|    total_timesteps      | 116224      |
| train/                  |             |
|    approx_kl            | 0.013765768 |
|    clip_fraction        | 0.134       |
|    clip_range           | 0.2         |
|    entropy_loss         | -2.41       |
|    explained_variance   | 0.896       |
|    learning_rate        | 0.0001      |
|    loss                 | -0.0136     |
|    n_updates            | 2260        |
|    policy_gradient_loss | -0.0198     |
|    std                  | 0.551       |
|    value_loss           | 0.11        |
-----------------------------------------
[E2] ~3.5h remaining (83264 steps left @ 0.15s/step)
-----------------------------------------
| rollout/                |             |
|    ep_len_mean          | 7.69        |
|    ep_rew_mean          | 0.968       |
| time/                   |             |
|    eta_hours            | 3.53        |
|    fps                  | 6           |
|    iterations           | 228         |
|    sec_per_step         | 0.153       |
|    time_elapsed         | 18058       |
|    total_timesteps      | 116736      |
| train/                  |             |
|    approx_kl            | 0.013677906 |
|    clip_fraction        | 0.163       |
|    clip_range           | 0.2         |
|    entropy_loss         | -2.41       |
|    explained_variance   | 0.893       |
|    learning_rate        | 0.0001      |
|    loss                 | -0.0219     |
|    n_updates            | 2270        |
|    policy_gradient_loss | -0.0214     |
|    std                  | 0.551       |
|    value_loss           | 0.096       |
-----------------------------------------
[E2] ~3.5h remaining (82752 steps left @ 0.15s/step)
-----------------------------------------
| rollout/                |             |
|    ep_len_mean          | 7.72        |
|    ep_rew_mean          | 0.982       |
| time/                   |             |
|    eta_hours            | 3.5         |
|    fps                  | 6           |
|    iterations           | 229         |
|    sec_per_step         | 0.152       |
|    time_elapsed         | 18136       |
|    total_timesteps      | 117248      |
| train/                  |             |
|    approx_kl            | 0.014673668 |
|    clip_fraction        | 0.147       |
|    clip_range           | 0.2         |
|    entropy_loss         | -2.41       |
|    explained_variance   | 0.902       |
|    learning_rate        | 0.0001      |
|    loss                 | 0.0341      |
|    n_updates            | 2280        |
|    policy_gradient_loss | -0.0244     |
|    std                  | 0.55        |
|    value_loss           | 0.098       |
-----------------------------------------
[E2] ~3.5h remaining (82240 steps left @ 0.15s/step)
-----------------------------------------
| rollout/                |             |
|    ep_len_mean          | 7.64        |
|    ep_rew_mean          | 0.961       |
| time/                   |             |
|    eta_hours            | 3.49        |
|    fps                  | 6           |
|    iterations           | 230         |
|    sec_per_step         | 0.153       |
|    time_elapsed         | 18215       |
|    total_timesteps      | 117760      |
| train/                  |             |
|    approx_kl            | 0.015844323 |
|    clip_fraction        | 0.187       |
|    clip_range           | 0.2         |
|    entropy_loss         | -2.4        |
|    explained_variance   | 0.923       |
|    learning_rate        | 0.0001      |
|    loss                 | -0.0217     |
|    n_updates            | 2290        |
|    policy_gradient_loss | -0.0248     |
|    std                  | 0.549       |
|    value_loss           | 0.071       |
-----------------------------------------
[E2] ~3.5h remaining (81728 steps left @ 0.15s/step)
-----------------------------------------
| rollout/                |             |
|    ep_len_mean          | 7.89        |
|    ep_rew_mean          | 0.971       |
| time/                   |             |
|    eta_hours            | 3.47        |
|    fps                  | 6           |
|    iterations           | 231         |
|    sec_per_step         | 0.153       |
|    time_elapsed         | 18293       |
|    total_timesteps      | 118272      |
| train/                  |             |
|    approx_kl            | 0.014653757 |
|    clip_fraction        | 0.126       |
|    clip_range           | 0.2         |
|    entropy_loss         | -2.4        |
|    explained_variance   | 0.898       |
|    learning_rate        | 0.0001      |
|    loss                 | 0.00152     |
|    n_updates            | 2300        |
|    policy_gradient_loss | -0.0255     |
|    std                  | 0.548       |
|    value_loss           | 0.0987      |
-----------------------------------------
[E2] ~3.4h remaining (81216 steps left @ 0.15s/step)
----------------------------------------
| rollout/                |            |
|    ep_len_mean          | 7.89       |
|    ep_rew_mean          | 0.988      |
| time/                   |            |
|    eta_hours            | 3.45       |
|    fps                  | 6          |
|    iterations           | 232        |
|    sec_per_step         | 0.153      |
|    time_elapsed         | 18371      |
|    total_timesteps      | 118784     |
| train/                  |            |
|    approx_kl            | 0.01101236 |
|    clip_fraction        | 0.092      |
|    clip_range           | 0.2        |
|    entropy_loss         | -2.39      |
|    explained_variance   | 0.88       |
|    learning_rate        | 0.0001     |
|    loss                 | -0.0287    |
|    n_updates            | 2310       |
|    policy_gradient_loss | -0.0209    |
|    std                  | 0.549      |
|    value_loss           | 0.101      |
----------------------------------------
[E2] ~3.4h remaining (80704 steps left @ 0.15s/step)
-----------------------------------------
| rollout/                |             |
|    ep_len_mean          | 7.75        |
|    ep_rew_mean          | 0.968       |
| time/                   |             |
|    eta_hours            | 3.43        |
|    fps                  | 6           |
|    iterations           | 233         |
|    sec_per_step         | 0.153       |
|    time_elapsed         | 18450       |
|    total_timesteps      | 119296      |
| train/                  |             |
|    approx_kl            | 0.011582775 |
|    clip_fraction        | 0.144       |
|    clip_range           | 0.2         |
|    entropy_loss         | -2.39       |
|    explained_variance   | 0.881       |
|    learning_rate        | 0.0001      |
|    loss                 | -0.0138     |
|    n_updates            | 2320        |
|    policy_gradient_loss | -0.0204     |
|    std                  | 0.547       |
|    value_loss           | 0.124       |
-----------------------------------------
[E2] ~3.4h remaining (80192 steps left @ 0.15s/step)
-----------------------------------------
| rollout/                |             |
|    ep_len_mean          | 7.73        |
|    ep_rew_mean          | 0.968       |
| time/                   |             |
|    eta_hours            | 3.41        |
|    fps                  | 6           |
|    iterations           | 234         |
|    sec_per_step         | 0.153       |
|    time_elapsed         | 18529       |
|    total_timesteps      | 119808      |
| train/                  |             |
|    approx_kl            | 0.010974063 |
|    clip_fraction        | 0.104       |
|    clip_range           | 0.2         |
|    entropy_loss         | -2.39       |
|    explained_variance   | 0.876       |
|    learning_rate        | 0.0001      |
|    loss                 | 0.0996      |
|    n_updates            | 2330        |
|    policy_gradient_loss | -0.0179     |
|    std                  | 0.547       |
|    value_loss           | 0.13        |
-----------------------------------------
[E2 eval @ step 120000]  MAPE=12.99%  p90=14.73%  success(<5%)=0.0%  mean_scan_time=225.5s
[E2] ~4.0h remaining (79680 steps left @ 0.18s/step)
-----------------------------------------
| rollout/                |             |
|    ep_len_mean          | 7.93        |
|    ep_rew_mean          | 0.99        |
| time/                   |             |
|    eta_hours            | 3.98        |
|    fps                  | 6           |
|    iterations           | 235         |
|    sec_per_step         | 0.18        |
|    time_elapsed         | 18653       |
|    total_timesteps      | 120320      |
| train/                  |             |
|    approx_kl            | 0.009903278 |
|    clip_fraction        | 0.121       |
|    clip_range           | 0.2         |
|    entropy_loss         | -2.38       |
|    explained_variance   | 0.926       |
|    learning_rate        | 0.0001      |
|    loss                 | -0.00752    |
|    n_updates            | 2340        |
|    policy_gradient_loss | -0.0219     |
|    std                  | 0.546       |
|    value_loss           | 0.0705      |
-----------------------------------------
[E2] ~3.8h remaining (79168 steps left @ 0.17s/step)
-----------------------------------------
| rollout/                |             |
|    ep_len_mean          | 8.08        |
|    ep_rew_mean          | 0.981       |
| time/                   |             |
|    eta_hours            | 3.77        |
|    fps                  | 6           |
|    iterations           | 236         |
|    sec_per_step         | 0.171       |
|    time_elapsed         | 18730       |
|    total_timesteps      | 120832      |
| train/                  |             |
|    approx_kl            | 0.015104763 |
|    clip_fraction        | 0.145       |
|    clip_range           | 0.2         |
|    entropy_loss         | -2.38       |
|    explained_variance   | 0.912       |
|    learning_rate        | 0.0001      |
|    loss                 | 0.0142      |
|    n_updates            | 2350        |
|    policy_gradient_loss | -0.0232     |
|    std                  | 0.545       |
|    value_loss           | 0.0893      |
-----------------------------------------
[E2] ~3.6h remaining (78656 steps left @ 0.17s/step)
-----------------------------------------
| rollout/                |             |
|    ep_len_mean          | 7.94        |
|    ep_rew_mean          | 0.978       |
| time/                   |             |
|    eta_hours            | 3.63        |
|    fps                  | 6           |
|    iterations           | 237         |
|    sec_per_step         | 0.166       |
|    time_elapsed         | 18809       |
|    total_timesteps      | 121344      |
| train/                  |             |
|    approx_kl            | 0.016909184 |
|    clip_fraction        | 0.157       |
|    clip_range           | 0.2         |
|    entropy_loss         | -2.37       |
|    explained_variance   | 0.899       |
|    learning_rate        | 0.0001      |
|    loss                 | -0.000705   |
|    n_updates            | 2360        |
|    policy_gradient_loss | -0.027      |
|    std                  | 0.545       |
|    value_loss           | 0.0992      |
-----------------------------------------
[E2] ~3.5h remaining (78144 steps left @ 0.16s/step)
-----------------------------------------
| rollout/                |             |
|    ep_len_mean          | 8.01        |
|    ep_rew_mean          | 0.977       |
| time/                   |             |
|    eta_hours            | 3.53        |
|    fps                  | 6           |
|    iterations           | 238         |
|    sec_per_step         | 0.163       |
|    time_elapsed         | 18888       |
|    total_timesteps      | 121856      |
| train/                  |             |
|    approx_kl            | 0.014891917 |
|    clip_fraction        | 0.199       |
|    clip_range           | 0.2         |
|    entropy_loss         | -2.36       |
|    explained_variance   | 0.866       |
|    learning_rate        | 0.0001      |
|    loss                 | 0.0314      |
|    n_updates            | 2370        |
|    policy_gradient_loss | -0.0317     |
|    std                  | 0.542       |
|    value_loss           | 0.135       |
-----------------------------------------
[E2] ~3.4h remaining (77632 steps left @ 0.16s/step)
-----------------------------------------
| rollout/                |             |
|    ep_len_mean          | 8.04        |
|    ep_rew_mean          | 0.988       |
| time/                   |             |
|    eta_hours            | 3.44        |
|    fps                  | 6           |
|    iterations           | 239         |
|    sec_per_step         | 0.16        |
|    time_elapsed         | 18966       |
|    total_timesteps      | 122368      |
| train/                  |             |
|    approx_kl            | 0.010511702 |
|    clip_fraction        | 0.139       |
|    clip_range           | 0.2         |
|    entropy_loss         | -2.35       |
|    explained_variance   | 0.921       |
|    learning_rate        | 0.0001      |
|    loss                 | -0.0021     |
|    n_updates            | 2380        |
|    policy_gradient_loss | -0.0203     |
|    std                  | 0.541       |
|    value_loss           | 0.0738      |
-----------------------------------------
[E2] ~3.4h remaining (77120 steps left @ 0.16s/step)
------------------------------------------
| rollout/                |              |
|    ep_len_mean          | 7.7          |
|    ep_rew_mean          | 0.963        |
| time/                   |              |
|    eta_hours            | 3.36         |
|    fps                  | 6            |
|    iterations           | 240          |
|    sec_per_step         | 0.157        |
|    time_elapsed         | 19043        |
|    total_timesteps      | 122880       |
| train/                  |              |
|    approx_kl            | 0.0133379055 |
|    clip_fraction        | 0.13         |
|    clip_range           | 0.2          |
|    entropy_loss         | -2.34        |
|    explained_variance   | 0.848        |
|    learning_rate        | 0.0001       |
|    loss                 | 0.0388       |
|    n_updates            | 2390         |
|    policy_gradient_loss | -0.0192      |
|    std                  | 0.538        |
|    value_loss           | 0.124        |
------------------------------------------
[E2] ~3.3h remaining (76608 steps left @ 0.15s/step)
-----------------------------------------
| rollout/                |             |
|    ep_len_mean          | 8.04        |
|    ep_rew_mean          | 0.96        |
| time/                   |             |
|    eta_hours            | 3.29        |
|    fps                  | 6           |
|    iterations           | 241         |
|    sec_per_step         | 0.155       |
|    time_elapsed         | 19120       |
|    total_timesteps      | 123392      |
| train/                  |             |
|    approx_kl            | 0.015996767 |
|    clip_fraction        | 0.179       |
|    clip_range           | 0.2         |
|    entropy_loss         | -2.33       |
|    explained_variance   | 0.82        |
|    learning_rate        | 0.0001      |
|    loss                 | -0.00798    |
|    n_updates            | 2400        |
|    policy_gradient_loss | -0.0262     |
|    std                  | 0.537       |
|    value_loss           | 0.152       |
-----------------------------------------
[E2] ~3.3h remaining (76096 steps left @ 0.15s/step)
----------------------------------------
| rollout/                |            |
|    ep_len_mean          | 8.14       |
|    ep_rew_mean          | 0.985      |
| time/                   |            |
|    eta_hours            | 3.27       |
|    fps                  | 6          |
|    iterations           | 242        |
|    sec_per_step         | 0.155      |
|    time_elapsed         | 19199      |
|    total_timesteps      | 123904     |
| train/                  |            |
|    approx_kl            | 0.01645419 |
|    clip_fraction        | 0.174      |
|    clip_range           | 0.2        |
|    entropy_loss         | -2.32      |
|    explained_variance   | 0.939      |
|    learning_rate        | 0.0001     |
|    loss                 | -0.00967   |
|    n_updates            | 2410       |
|    policy_gradient_loss | -0.0238    |
|    std                  | 0.535      |
|    value_loss           | 0.0623     |
----------------------------------------
[E2] ~3.2h remaining (75584 steps left @ 0.15s/step)
-----------------------------------------
| rollout/                |             |
|    ep_len_mean          | 8.05        |
|    ep_rew_mean          | 0.973       |
| time/                   |             |
|    eta_hours            | 3.23        |
|    fps                  | 6           |
|    iterations           | 243         |
|    sec_per_step         | 0.154       |
|    time_elapsed         | 19277       |
|    total_timesteps      | 124416      |
| train/                  |             |
|    approx_kl            | 0.012741304 |
|    clip_fraction        | 0.142       |
|    clip_range           | 0.2         |
|    entropy_loss         | -2.31       |
|    explained_variance   | 0.925       |
|    learning_rate        | 0.0001      |
|    loss                 | 0.0152      |
|    n_updates            | 2420        |
|    policy_gradient_loss | -0.0206     |
|    std                  | 0.536       |
|    value_loss           | 0.0758      |
-----------------------------------------
[E2] ~3.2h remaining (75072 steps left @ 0.15s/step)
-----------------------------------------
| rollout/                |             |
|    ep_len_mean          | 8.15        |
|    ep_rew_mean          | 0.974       |
| time/                   |             |
|    eta_hours            | 3.2         |
|    fps                  | 6           |
|    iterations           | 244         |
|    sec_per_step         | 0.153       |
|    time_elapsed         | 19354       |
|    total_timesteps      | 124928      |
| train/                  |             |
|    approx_kl            | 0.012613332 |
|    clip_fraction        | 0.161       |
|    clip_range           | 0.2         |
|    entropy_loss         | -2.31       |
|    explained_variance   | 0.922       |
|    learning_rate        | 0.0001      |
|    loss                 | 0.012       |
|    n_updates            | 2430        |
|    policy_gradient_loss | -0.0226     |
|    std                  | 0.534       |
|    value_loss           | 0.0802      |
-----------------------------------------
[E2] ~3.2h remaining (74560 steps left @ 0.15s/step)
-----------------------------------------
| rollout/                |             |
|    ep_len_mean          | 8.33        |
|    ep_rew_mean          | 0.962       |
| time/                   |             |
|    eta_hours            | 3.16        |
|    fps                  | 6           |
|    iterations           | 245         |
|    sec_per_step         | 0.153       |
|    time_elapsed         | 19432       |
|    total_timesteps      | 125440      |
| train/                  |             |
|    approx_kl            | 0.015254359 |
|    clip_fraction        | 0.183       |
|    clip_range           | 0.2         |
|    entropy_loss         | -2.3        |
|    explained_variance   | 0.933       |
|    learning_rate        | 0.0001      |
|    loss                 | -0.038      |
|    n_updates            | 2440        |
|    policy_gradient_loss | -0.0249     |
|    std                  | 0.533       |
|    value_loss           | 0.0689      |
-----------------------------------------
[E2] ~3.1h remaining (74048 steps left @ 0.15s/step)
-----------------------------------------
| rollout/                |             |
|    ep_len_mean          | 8.04        |
|    ep_rew_mean          | 0.956       |
| time/                   |             |
|    eta_hours            | 3.13        |
|    fps                  | 6           |
|    iterations           | 246         |
|    sec_per_step         | 0.152       |
|    time_elapsed         | 19510       |
|    total_timesteps      | 125952      |
| train/                  |             |
|    approx_kl            | 0.011989678 |
|    clip_fraction        | 0.134       |
|    clip_range           | 0.2         |
|    entropy_loss         | -2.3        |
|    explained_variance   | 0.867       |
|    learning_rate        | 0.0001      |
|    loss                 | 0.0175      |
|    n_updates            | 2450        |
|    policy_gradient_loss | -0.0214     |
|    std                  | 0.531       |
|    value_loss           | 0.128       |
-----------------------------------------
[E2] ~3.1h remaining (73536 steps left @ 0.15s/step)
---------------------------------------
| rollout/                |           |
|    ep_len_mean          | 8.15      |
|    ep_rew_mean          | 0.957     |
| time/                   |           |
|    eta_hours            | 3.13      |
|    fps                  | 6         |
|    iterations           | 247       |
|    sec_per_step         | 0.153     |
|    time_elapsed         | 19589     |
|    total_timesteps      | 126464    |
| train/                  |           |
|    approx_kl            | 0.0148212 |
|    clip_fraction        | 0.128     |
|    clip_range           | 0.2       |
|    entropy_loss         | -2.29     |
|    explained_variance   | 0.795     |
|    learning_rate        | 0.0001    |
|    loss                 | 0.0491    |
|    n_updates            | 2460      |
|    policy_gradient_loss | -0.0205   |
|    std                  | 0.532     |
|    value_loss           | 0.202     |
---------------------------------------
[E2] ~3.1h remaining (73024 steps left @ 0.15s/step)
-----------------------------------------
| rollout/                |             |
|    ep_len_mean          | 8.13        |
|    ep_rew_mean          | 0.982       |
| time/                   |             |
|    eta_hours            | 3.12        |
|    fps                  | 6           |
|    iterations           | 248         |
|    sec_per_step         | 0.154       |
|    time_elapsed         | 19668       |
|    total_timesteps      | 126976      |
| train/                  |             |
|    approx_kl            | 0.010026856 |
|    clip_fraction        | 0.108       |
|    clip_range           | 0.2         |
|    entropy_loss         | -2.29       |
|    explained_variance   | 0.904       |
|    learning_rate        | 0.0001      |
|    loss                 | -0.00116    |
|    n_updates            | 2470        |
|    policy_gradient_loss | -0.0176     |
|    std                  | 0.531       |
|    value_loss           | 0.0878      |
-----------------------------------------
[E2] ~3.1h remaining (72512 steps left @ 0.15s/step)
----------------------------------------
| rollout/                |            |
|    ep_len_mean          | 8.15       |
|    ep_rew_mean          | 0.991      |
| time/                   |            |
|    eta_hours            | 3.09       |
|    fps                  | 6          |
|    iterations           | 249        |
|    sec_per_step         | 0.154      |
|    time_elapsed         | 19747      |
|    total_timesteps      | 127488     |
| train/                  |            |
|    approx_kl            | 0.01295357 |
|    clip_fraction        | 0.133      |
|    clip_range           | 0.2        |
|    entropy_loss         | -2.28      |
|    explained_variance   | 0.917      |
|    learning_rate        | 0.0001     |
|    loss                 | -0.0122    |
|    n_updates            | 2480       |
|    policy_gradient_loss | -0.0178    |
|    std                  | 0.53       |
|    value_loss           | 0.0769     |
----------------------------------------
[E2] ~3.1h remaining (72000 steps left @ 0.15s/step)
-----------------------------------------
| rollout/                |             |
|    ep_len_mean          | 7.87        |
|    ep_rew_mean          | 0.978       |
| time/                   |             |
|    eta_hours            | 3.06        |
|    fps                  | 6           |
|    iterations           | 250         |
|    sec_per_step         | 0.153       |
|    time_elapsed         | 19825       |
|    total_timesteps      | 128000      |
| train/                  |             |
|    approx_kl            | 0.009715938 |
|    clip_fraction        | 0.111       |
|    clip_range           | 0.2         |
|    entropy_loss         | -2.28       |
|    explained_variance   | 0.92        |
|    learning_rate        | 0.0001      |
|    loss                 | 0.0421      |
|    n_updates            | 2490        |
|    policy_gradient_loss | -0.0175     |
|    std                  | 0.53        |
|    value_loss           | 0.0839      |
-----------------------------------------
[E2] ~3.0h remaining (71488 steps left @ 0.15s/step)
-----------------------------------------
| rollout/                |             |
|    ep_len_mean          | 7.81        |
|    ep_rew_mean          | 0.994       |
| time/                   |             |
|    eta_hours            | 3.04        |
|    fps                  | 6           |
|    iterations           | 251         |
|    sec_per_step         | 0.153       |
|    time_elapsed         | 19903       |
|    total_timesteps      | 128512      |
| train/                  |             |
|    approx_kl            | 0.010729598 |
|    clip_fraction        | 0.0865      |
|    clip_range           | 0.2         |
|    entropy_loss         | -2.27       |
|    explained_variance   | 0.864       |
|    learning_rate        | 0.0001      |
|    loss                 | 0.0362      |
|    n_updates            | 2500        |
|    policy_gradient_loss | -0.0141     |
|    std                  | 0.529       |
|    value_loss           | 0.144       |
-----------------------------------------
[E2] ~3.0h remaining (70976 steps left @ 0.15s/step)
-----------------------------------------
| rollout/                |             |
|    ep_len_mean          | 7.87        |
|    ep_rew_mean          | 0.968       |
| time/                   |             |
|    eta_hours            | 3.02        |
|    fps                  | 6           |
|    iterations           | 252         |
|    sec_per_step         | 0.153       |
|    time_elapsed         | 19982       |
|    total_timesteps      | 129024      |
| train/                  |             |
|    approx_kl            | 0.013505755 |
|    clip_fraction        | 0.134       |
|    clip_range           | 0.2         |
|    entropy_loss         | -2.27       |
|    explained_variance   | 0.915       |
|    learning_rate        | 0.0001      |
|    loss                 | 0.0111      |
|    n_updates            | 2510        |
|    policy_gradient_loss | -0.0194     |
|    std                  | 0.528       |
|    value_loss           | 0.0891      |
-----------------------------------------
[E2] ~3.0h remaining (70464 steps left @ 0.15s/step)
----------------------------------------
| rollout/                |            |
|    ep_len_mean          | 7.75       |
|    ep_rew_mean          | 0.953      |
| time/                   |            |
|    eta_hours            | 3.01       |
|    fps                  | 6          |
|    iterations           | 253        |
|    sec_per_step         | 0.154      |
|    time_elapsed         | 20061      |
|    total_timesteps      | 129536     |
| train/                  |            |
|    approx_kl            | 0.02485982 |
|    clip_fraction        | 0.174      |
|    clip_range           | 0.2        |
|    entropy_loss         | -2.26      |
|    explained_variance   | 0.824      |
|    learning_rate        | 0.0001     |
|    loss                 | 0.0315     |
|    n_updates            | 2520       |
|    policy_gradient_loss | -0.0277    |
|    std                  | 0.529      |
|    value_loss           | 0.179      |
----------------------------------------
[E2 eval @ step 130000]  MAPE=10.59%  p90=13.49%  success(<5%)=0.0%  mean_scan_time=227.1s
[E2] ~3.5h remaining (69952 steps left @ 0.18s/step)
-----------------------------------------
| rollout/                |             |
|    ep_len_mean          | 7.67        |
|    ep_rew_mean          | 0.972       |
| time/                   |             |
|    eta_hours            | 3.53        |
|    fps                  | 6           |
|    iterations           | 254         |
|    sec_per_step         | 0.182       |
|    time_elapsed         | 20187       |
|    total_timesteps      | 130048      |
| train/                  |             |
|    approx_kl            | 0.012216894 |
|    clip_fraction        | 0.163       |
|    clip_range           | 0.2         |
|    entropy_loss         | -2.26       |
|    explained_variance   | 0.911       |
|    learning_rate        | 0.0001      |
|    loss                 | 0.0147      |
|    n_updates            | 2530        |
|    policy_gradient_loss | -0.0251     |
|    std                  | 0.527       |
|    value_loss           | 0.0991      |
-----------------------------------------
[E2] ~3.3h remaining (69440 steps left @ 0.17s/step)
-----------------------------------------
| rollout/                |             |
|    ep_len_mean          | 7.7         |
|    ep_rew_mean          | 0.947       |
| time/                   |             |
|    eta_hours            | 3.34        |
|    fps                  | 6           |
|    iterations           | 255         |
|    sec_per_step         | 0.173       |
|    time_elapsed         | 20266       |
|    total_timesteps      | 130560      |
| train/                  |             |
|    approx_kl            | 0.012358258 |
|    clip_fraction        | 0.132       |
|    clip_range           | 0.2         |
|    entropy_loss         | -2.25       |
|    explained_variance   | 0.916       |
|    learning_rate        | 0.0001      |
|    loss                 | 0.0338      |
|    n_updates            | 2540        |
|    policy_gradient_loss | -0.0246     |
|    std                  | 0.526       |
|    value_loss           | 0.0891      |
-----------------------------------------
[E2] ~3.2h remaining (68928 steps left @ 0.17s/step)
-----------------------------------------
| rollout/                |             |
|    ep_len_mean          | 7.8         |
|    ep_rew_mean          | 0.951       |
| time/                   |             |
|    eta_hours            | 3.2         |
|    fps                  | 6           |
|    iterations           | 256         |
|    sec_per_step         | 0.167       |
|    time_elapsed         | 20344       |
|    total_timesteps      | 131072      |
| train/                  |             |
|    approx_kl            | 0.012142299 |
|    clip_fraction        | 0.144       |
|    clip_range           | 0.2         |
|    entropy_loss         | -2.24       |
|    explained_variance   | 0.858       |
|    learning_rate        | 0.0001      |
|    loss                 | 0.00435     |
|    n_updates            | 2550        |
|    policy_gradient_loss | -0.0208     |
|    std                  | 0.526       |
|    value_loss           | 0.133       |
-----------------------------------------
[E2] ~3.1h remaining (68416 steps left @ 0.16s/step)
-----------------------------------------
| rollout/                |             |
|    ep_len_mean          | 7.85        |
|    ep_rew_mean          | 0.969       |
| time/                   |             |
|    eta_hours            | 3.11        |
|    fps                  | 6           |
|    iterations           | 257         |
|    sec_per_step         | 0.163       |
|    time_elapsed         | 20424       |
|    total_timesteps      | 131584      |
| train/                  |             |
|    approx_kl            | 0.017265255 |
|    clip_fraction        | 0.123       |
|    clip_range           | 0.2         |
|    entropy_loss         | -2.24       |
|    explained_variance   | 0.904       |
|    learning_rate        | 0.0001      |
|    loss                 | -0.00217    |
|    n_updates            | 2560        |
|    policy_gradient_loss | -0.0212     |
|    std                  | 0.525       |
|    value_loss           | 0.0956      |
-----------------------------------------
[E2] ~3.0h remaining (67904 steps left @ 0.16s/step)
-----------------------------------------
| rollout/                |             |
|    ep_len_mean          | 7.72        |
|    ep_rew_mean          | 0.967       |
| time/                   |             |
|    eta_hours            | 3.02        |
|    fps                  | 6           |
|    iterations           | 258         |
|    sec_per_step         | 0.16        |
|    time_elapsed         | 20502       |
|    total_timesteps      | 132096      |
| train/                  |             |
|    approx_kl            | 0.014098976 |
|    clip_fraction        | 0.152       |
|    clip_range           | 0.2         |
|    entropy_loss         | -2.23       |
|    explained_variance   | 0.882       |
|    learning_rate        | 0.0001      |
|    loss                 | -0.00891    |
|    n_updates            | 2570        |
|    policy_gradient_loss | -0.0276     |
|    std                  | 0.523       |
|    value_loss           | 0.12        |
-----------------------------------------
[E2] ~3.0h remaining (67392 steps left @ 0.16s/step)
-----------------------------------------
| rollout/                |             |
|    ep_len_mean          | 7.91        |
|    ep_rew_mean          | 0.979       |
| time/                   |             |
|    eta_hours            | 2.96        |
|    fps                  | 6           |
|    iterations           | 259         |
|    sec_per_step         | 0.158       |
|    time_elapsed         | 20580       |
|    total_timesteps      | 132608      |
| train/                  |             |
|    approx_kl            | 0.010624924 |
|    clip_fraction        | 0.129       |
|    clip_range           | 0.2         |
|    entropy_loss         | -2.22       |
|    explained_variance   | 0.901       |
|    learning_rate        | 0.0001      |
|    loss                 | -0.0233     |
|    n_updates            | 2580        |
|    policy_gradient_loss | -0.0231     |
|    std                  | 0.522       |
|    value_loss           | 0.103       |
-----------------------------------------
[E2] ~2.9h remaining (66880 steps left @ 0.16s/step)
-----------------------------------------
| rollout/                |             |
|    ep_len_mean          | 7.86        |
|    ep_rew_mean          | 0.954       |
| time/                   |             |
|    eta_hours            | 2.92        |
|    fps                  | 6           |
|    iterations           | 260         |
|    sec_per_step         | 0.157       |
|    time_elapsed         | 20660       |
|    total_timesteps      | 133120      |
| train/                  |             |
|    approx_kl            | 0.015748601 |
|    clip_fraction        | 0.157       |
|    clip_range           | 0.2         |
|    entropy_loss         | -2.22       |
|    explained_variance   | 0.886       |
|    learning_rate        | 0.0001      |
|    loss                 | 0.0218      |
|    n_updates            | 2590        |
|    policy_gradient_loss | -0.02       |
|    std                  | 0.521       |
|    value_loss           | 0.119       |
-----------------------------------------
[E2] ~2.9h remaining (66368 steps left @ 0.16s/step)
----------------------------------------
| rollout/                |            |
|    ep_len_mean          | 8.05       |
|    ep_rew_mean          | 0.965      |
| time/                   |            |
|    eta_hours            | 2.87       |
|    fps                  | 6          |
|    iterations           | 261        |
|    sec_per_step         | 0.156      |
|    time_elapsed         | 20738      |
|    total_timesteps      | 133632     |
| train/                  |            |
|    approx_kl            | 0.01663474 |
|    clip_fraction        | 0.198      |
|    clip_range           | 0.2        |
|    entropy_loss         | -2.21      |
|    explained_variance   | 0.843      |
|    learning_rate        | 0.0001     |
|    loss                 | -0.00362   |
|    n_updates            | 2600       |
|    policy_gradient_loss | -0.0248    |
|    std                  | 0.521      |
|    value_loss           | 0.165      |
----------------------------------------
[E2] ~2.8h remaining (65856 steps left @ 0.15s/step)
-----------------------------------------
| rollout/                |             |
|    ep_len_mean          | 7.88        |
|    ep_rew_mean          | 0.986       |
| time/                   |             |
|    eta_hours            | 2.83        |
|    fps                  | 6           |
|    iterations           | 262         |
|    sec_per_step         | 0.155       |
|    time_elapsed         | 20816       |
|    total_timesteps      | 134144      |
| train/                  |             |
|    approx_kl            | 0.016597863 |
|    clip_fraction        | 0.196       |
|    clip_range           | 0.2         |
|    entropy_loss         | -2.21       |
|    explained_variance   | 0.921       |
|    learning_rate        | 0.0001      |
|    loss                 | 0.00718     |
|    n_updates            | 2610        |
|    policy_gradient_loss | -0.024      |
|    std                  | 0.52        |
|    value_loss           | 0.0738      |
-----------------------------------------
[E2] ~2.8h remaining (65344 steps left @ 0.15s/step)
-----------------------------------------
| rollout/                |             |
|    ep_len_mean          | 7.82        |
|    ep_rew_mean          | 0.986       |
| time/                   |             |
|    eta_hours            | 2.81        |
|    fps                  | 6           |
|    iterations           | 263         |
|    sec_per_step         | 0.155       |
|    time_elapsed         | 20895       |
|    total_timesteps      | 134656      |
| train/                  |             |
|    approx_kl            | 0.016068604 |
|    clip_fraction        | 0.206       |
|    clip_range           | 0.2         |
|    entropy_loss         | -2.2        |
|    explained_variance   | 0.918       |
|    learning_rate        | 0.0001      |
|    loss                 | -0.0242     |
|    n_updates            | 2620        |
|    policy_gradient_loss | -0.0262     |
|    std                  | 0.519       |
|    value_loss           | 0.0818      |
-----------------------------------------
[E2] ~2.8h remaining (64832 steps left @ 0.15s/step)
-----------------------------------------
| rollout/                |             |
|    ep_len_mean          | 7.99        |
|    ep_rew_mean          | 0.976       |
| time/                   |             |
|    eta_hours            | 2.77        |
|    fps                  | 6           |
|    iterations           | 264         |
|    sec_per_step         | 0.154       |
|    time_elapsed         | 20973       |
|    total_timesteps      | 135168      |
| train/                  |             |
|    approx_kl            | 0.015355398 |
|    clip_fraction        | 0.137       |
|    clip_range           | 0.2         |
|    entropy_loss         | -2.19       |
|    explained_variance   | 0.878       |
|    learning_rate        | 0.0001      |
|    loss                 | 0.0664      |
|    n_updates            | 2630        |
|    policy_gradient_loss | -0.0235     |
|    std                  | 0.518       |
|    value_loss           | 0.118       |
-----------------------------------------
[E2] ~2.7h remaining (64320 steps left @ 0.15s/step)
------------------------------------------
| rollout/                |              |
|    ep_len_mean          | 7.89         |
|    ep_rew_mean          | 0.986        |
| time/                   |              |
|    eta_hours            | 2.73         |
|    fps                  | 6            |
|    iterations           | 265          |
|    sec_per_step         | 0.153        |
|    time_elapsed         | 21050        |
|    total_timesteps      | 135680       |
| train/                  |              |
|    approx_kl            | 0.0132984165 |
|    clip_fraction        | 0.123        |
|    clip_range           | 0.2          |
|    entropy_loss         | -2.18        |
|    explained_variance   | 0.894        |
|    learning_rate        | 0.0001       |
|    loss                 | -0.0135      |
|    n_updates            | 2640         |
|    policy_gradient_loss | -0.0231      |
|    std                  | 0.516        |
|    value_loss           | 0.112        |
------------------------------------------
[E2] ~2.7h remaining (63808 steps left @ 0.15s/step)
-----------------------------------------
| rollout/                |             |
|    ep_len_mean          | 7.67        |
|    ep_rew_mean          | 0.96        |
| time/                   |             |
|    eta_hours            | 2.7         |
|    fps                  | 6           |
|    iterations           | 266         |
|    sec_per_step         | 0.153       |
|    time_elapsed         | 21128       |
|    total_timesteps      | 136192      |
| train/                  |             |
|    approx_kl            | 0.016143499 |
|    clip_fraction        | 0.137       |
|    clip_range           | 0.2         |
|    entropy_loss         | -2.18       |
|    explained_variance   | 0.895       |
|    learning_rate        | 0.0001      |
|    loss                 | 0.0319      |
|    n_updates            | 2650        |
|    policy_gradient_loss | -0.0241     |
|    std                  | 0.515       |
|    value_loss           | 0.115       |
-----------------------------------------
[E2] ~2.7h remaining (63296 steps left @ 0.15s/step)
-----------------------------------------
| rollout/                |             |
|    ep_len_mean          | 7.9         |
|    ep_rew_mean          | 0.989       |
| time/                   |             |
|    eta_hours            | 2.69        |
|    fps                  | 6           |
|    iterations           | 267         |
|    sec_per_step         | 0.153       |
|    time_elapsed         | 21207       |
|    total_timesteps      | 136704      |
| train/                  |             |
|    approx_kl            | 0.015026601 |
|    clip_fraction        | 0.175       |
|    clip_range           | 0.2         |
|    entropy_loss         | -2.17       |
|    explained_variance   | 0.892       |
|    learning_rate        | 0.0001      |
|    loss                 | -0.0111     |
|    n_updates            | 2660        |
|    policy_gradient_loss | -0.024      |
|    std                  | 0.515       |
|    value_loss           | 0.107       |
-----------------------------------------
[E2] ~2.7h remaining (62784 steps left @ 0.15s/step)
-----------------------------------------
| rollout/                |             |
|    ep_len_mean          | 7.66        |
|    ep_rew_mean          | 0.967       |
| time/                   |             |
|    eta_hours            | 2.69        |
|    fps                  | 6           |
|    iterations           | 268         |
|    sec_per_step         | 0.154       |
|    time_elapsed         | 21287       |
|    total_timesteps      | 137216      |
| train/                  |             |
|    approx_kl            | 0.015266338 |
|    clip_fraction        | 0.218       |
|    clip_range           | 0.2         |
|    entropy_loss         | -2.17       |
|    explained_variance   | 0.915       |
|    learning_rate        | 0.0001      |
|    loss                 | -0.0228     |
|    n_updates            | 2670        |
|    policy_gradient_loss | -0.0264     |
|    std                  | 0.514       |
|    value_loss           | 0.0846      |
-----------------------------------------
[E2] ~2.7h remaining (62272 steps left @ 0.15s/step)
-----------------------------------------
| rollout/                |             |
|    ep_len_mean          | 7.91        |
|    ep_rew_mean          | 0.963       |
| time/                   |             |
|    eta_hours            | 2.67        |
|    fps                  | 6           |
|    iterations           | 269         |
|    sec_per_step         | 0.155       |
|    time_elapsed         | 21367       |
|    total_timesteps      | 137728      |
| train/                  |             |
|    approx_kl            | 0.014446963 |
|    clip_fraction        | 0.152       |
|    clip_range           | 0.2         |
|    entropy_loss         | -2.16       |
|    explained_variance   | 0.835       |
|    learning_rate        | 0.0001      |
|    loss                 | 0.0308      |
|    n_updates            | 2680        |
|    policy_gradient_loss | -0.0261     |
|    std                  | 0.513       |
|    value_loss           | 0.173       |
-----------------------------------------
[E2] ~2.7h remaining (61760 steps left @ 0.16s/step)
-----------------------------------------
| rollout/                |             |
|    ep_len_mean          | 8.14        |
|    ep_rew_mean          | 0.981       |
| time/                   |             |
|    eta_hours            | 2.66        |
|    fps                  | 6           |
|    iterations           | 270         |
|    sec_per_step         | 0.155       |
|    time_elapsed         | 21447       |
|    total_timesteps      | 138240      |
| train/                  |             |
|    approx_kl            | 0.009340189 |
|    clip_fraction        | 0.115       |
|    clip_range           | 0.2         |
|    entropy_loss         | -2.15       |
|    explained_variance   | 0.924       |
|    learning_rate        | 0.0001      |
|    loss                 | 0.0274      |
|    n_updates            | 2690        |
|    policy_gradient_loss | -0.0174     |
|    std                  | 0.511       |
|    value_loss           | 0.0718      |
-----------------------------------------
[E2] ~2.6h remaining (61248 steps left @ 0.16s/step)
-----------------------------------------
| rollout/                |             |
|    ep_len_mean          | 7.85        |
|    ep_rew_mean          | 0.992       |
| time/                   |             |
|    eta_hours            | 2.64        |
|    fps                  | 6           |
|    iterations           | 271         |
|    sec_per_step         | 0.155       |
|    time_elapsed         | 21527       |
|    total_timesteps      | 138752      |
| train/                  |             |
|    approx_kl            | 0.016918126 |
|    clip_fraction        | 0.177       |
|    clip_range           | 0.2         |
|    entropy_loss         | -2.15       |
|    explained_variance   | 0.909       |
|    learning_rate        | 0.0001      |
|    loss                 | -0.0215     |
|    n_updates            | 2700        |
|    policy_gradient_loss | -0.0278     |
|    std                  | 0.511       |
|    value_loss           | 0.0859      |
-----------------------------------------
[E2] ~2.6h remaining (60736 steps left @ 0.16s/step)
-----------------------------------------
| rollout/                |             |
|    ep_len_mean          | 7.95        |
|    ep_rew_mean          | 1           |
| time/                   |             |
|    eta_hours            | 2.62        |
|    fps                  | 6           |
|    iterations           | 272         |
|    sec_per_step         | 0.155       |
|    time_elapsed         | 21606       |
|    total_timesteps      | 139264      |
| train/                  |             |
|    approx_kl            | 0.016006375 |
|    clip_fraction        | 0.152       |
|    clip_range           | 0.2         |
|    entropy_loss         | -2.14       |
|    explained_variance   | 0.872       |
|    learning_rate        | 0.0001      |
|    loss                 | 0.0222      |
|    n_updates            | 2710        |
|    policy_gradient_loss | -0.0237     |
|    std                  | 0.51        |
|    value_loss           | 0.136       |
-----------------------------------------
[E2] ~2.6h remaining (60224 steps left @ 0.16s/step)
-----------------------------------------
| rollout/                |             |
|    ep_len_mean          | 8.27        |
|    ep_rew_mean          | 0.977       |
| time/                   |             |
|    eta_hours            | 2.6         |
|    fps                  | 6           |
|    iterations           | 273         |
|    sec_per_step         | 0.155       |
|    time_elapsed         | 21686       |
|    total_timesteps      | 139776      |
| train/                  |             |
|    approx_kl            | 0.012310836 |
|    clip_fraction        | 0.167       |
|    clip_range           | 0.2         |
|    entropy_loss         | -2.14       |
|    explained_variance   | 0.924       |
|    learning_rate        | 0.0001      |
|    loss                 | -0.0147     |
|    n_updates            | 2720        |
|    policy_gradient_loss | -0.0221     |
|    std                  | 0.51        |
|    value_loss           | 0.0822      |
-----------------------------------------
[E2 eval @ step 140000]  MAPE=7.49%  p90=10.20%  success(<5%)=16.7%  mean_scan_time=232.5s
[E2 eval]  → new best MAPE 7.49% saved to runs/e2/ppo_runA_deltamape/best
[E2] ~2.9h remaining (59712 steps left @ 0.18s/step)
-----------------------------------------
| rollout/                |             |
|    ep_len_mean          | 8.07        |
|    ep_rew_mean          | 0.931       |
| time/                   |             |
|    eta_hours            | 2.93        |
|    fps                  | 6           |
|    iterations           | 274         |
|    sec_per_step         | 0.176       |
|    time_elapsed         | 21801       |
|    total_timesteps      | 140288      |
| train/                  |             |
|    approx_kl            | 0.012146414 |
|    clip_fraction        | 0.129       |
|    clip_range           | 0.2         |
|    entropy_loss         | -2.14       |
|    explained_variance   | 0.937       |
|    learning_rate        | 0.0001      |
|    loss                 | -0.00627    |
|    n_updates            | 2730        |
|    policy_gradient_loss | -0.0241     |
|    std                  | 0.509       |
|    value_loss           | 0.0633      |
-----------------------------------------
[E2] ~2.8h remaining (59200 steps left @ 0.17s/step)
-----------------------------------------
| rollout/                |             |
|    ep_len_mean          | 7.96        |
|    ep_rew_mean          | 0.92        |
| time/                   |             |
|    eta_hours            | 2.79        |
|    fps                  | 6           |
|    iterations           | 275         |
|    sec_per_step         | 0.17        |
|    time_elapsed         | 21880       |
|    total_timesteps      | 140800      |
| train/                  |             |
|    approx_kl            | 0.017797887 |
|    clip_fraction        | 0.173       |
|    clip_range           | 0.2         |
|    entropy_loss         | -2.13       |
|    explained_variance   | 0.875       |
|    learning_rate        | 0.0001      |
|    loss                 | 0.01        |
|    n_updates            | 2740        |
|    policy_gradient_loss | -0.0256     |
|    std                  | 0.508       |
|    value_loss           | 0.134       |
-----------------------------------------
[E2] ~2.7h remaining (58688 steps left @ 0.17s/step)
-----------------------------------------
| rollout/                |             |
|    ep_len_mean          | 7.9         |
|    ep_rew_mean          | 0.955       |
| time/                   |             |
|    eta_hours            | 2.69        |
|    fps                  | 6           |
|    iterations           | 276         |
|    sec_per_step         | 0.165       |
|    time_elapsed         | 21959       |
|    total_timesteps      | 141312      |
| train/                  |             |
|    approx_kl            | 0.011783747 |
|    clip_fraction        | 0.135       |
|    clip_range           | 0.2         |
|    entropy_loss         | -2.13       |
|    explained_variance   | 0.864       |
|    learning_rate        | 0.0001      |
|    loss                 | 0.00069     |
|    n_updates            | 2750        |
|    policy_gradient_loss | -0.025      |
|    std                  | 0.508       |
|    value_loss           | 0.124       |
-----------------------------------------
[E2] ~2.6h remaining (58176 steps left @ 0.16s/step)
-----------------------------------------
| rollout/                |             |
|    ep_len_mean          | 7.91        |
|    ep_rew_mean          | 1.01        |
| time/                   |             |
|    eta_hours            | 2.61        |
|    fps                  | 6           |
|    iterations           | 277         |
|    sec_per_step         | 0.162       |
|    time_elapsed         | 22037       |
|    total_timesteps      | 141824      |
| train/                  |             |
|    approx_kl            | 0.013775254 |
|    clip_fraction        | 0.171       |
|    clip_range           | 0.2         |
|    entropy_loss         | -2.12       |
|    explained_variance   | 0.896       |
|    learning_rate        | 0.0001      |
|    loss                 | 0.0244      |
|    n_updates            | 2760        |
|    policy_gradient_loss | -0.0214     |
|    std                  | 0.508       |
|    value_loss           | 0.109       |
-----------------------------------------
[E2] ~2.6h remaining (57664 steps left @ 0.16s/step)
-----------------------------------------
| rollout/                |             |
|    ep_len_mean          | 8.05        |
|    ep_rew_mean          | 1.02        |
| time/                   |             |
|    eta_hours            | 2.56        |
|    fps                  | 6           |
|    iterations           | 278         |
|    sec_per_step         | 0.16        |
|    time_elapsed         | 22117       |
|    total_timesteps      | 142336      |
| train/                  |             |
|    approx_kl            | 0.017122356 |
|    clip_fraction        | 0.193       |
|    clip_range           | 0.2         |
|    entropy_loss         | -2.12       |
|    explained_variance   | 0.905       |
|    learning_rate        | 0.0001      |
|    loss                 | -0.00597    |
|    n_updates            | 2770        |
|    policy_gradient_loss | -0.0263     |
|    std                  | 0.507       |
|    value_loss           | 0.103       |
-----------------------------------------
[E2] ~2.5h remaining (57152 steps left @ 0.16s/step)
-----------------------------------------
| rollout/                |             |
|    ep_len_mean          | 8.31        |
|    ep_rew_mean          | 1.01        |
| time/                   |             |
|    eta_hours            | 2.5         |
|    fps                  | 6           |
|    iterations           | 279         |
|    sec_per_step         | 0.157       |
|    time_elapsed         | 22195       |
|    total_timesteps      | 142848      |
| train/                  |             |
|    approx_kl            | 0.016475966 |
|    clip_fraction        | 0.179       |
|    clip_range           | 0.2         |
|    entropy_loss         | -2.12       |
|    explained_variance   | 0.931       |
|    learning_rate        | 0.0001      |
|    loss                 | -0.00925    |
|    n_updates            | 2780        |
|    policy_gradient_loss | -0.0208     |
|    std                  | 0.507       |
|    value_loss           | 0.073       |
-----------------------------------------
[E2] ~2.5h remaining (56640 steps left @ 0.16s/step)
-----------------------------------------
| rollout/                |             |
|    ep_len_mean          | 7.85        |
|    ep_rew_mean          | 0.989       |
| time/                   |             |
|    eta_hours            | 2.47        |
|    fps                  | 6           |
|    iterations           | 280         |
|    sec_per_step         | 0.157       |
|    time_elapsed         | 22274       |
|    total_timesteps      | 143360      |
| train/                  |             |
|    approx_kl            | 0.014168344 |
|    clip_fraction        | 0.143       |
|    clip_range           | 0.2         |
|    entropy_loss         | -2.11       |
|    explained_variance   | 0.942       |
|    learning_rate        | 0.0001      |
|    loss                 | -0.00883    |
|    n_updates            | 2790        |
|    policy_gradient_loss | -0.0229     |
|    std                  | 0.506       |
|    value_loss           | 0.0606      |
-----------------------------------------
[E2] ~2.4h remaining (56128 steps left @ 0.16s/step)
-----------------------------------------
| rollout/                |             |
|    ep_len_mean          | 8.1         |
|    ep_rew_mean          | 0.992       |
| time/                   |             |
|    eta_hours            | 2.43        |
|    fps                  | 6           |
|    iterations           | 281         |
|    sec_per_step         | 0.156       |
|    time_elapsed         | 22353       |
|    total_timesteps      | 143872      |
| train/                  |             |
|    approx_kl            | 0.012755105 |
|    clip_fraction        | 0.166       |
|    clip_range           | 0.2         |
|    entropy_loss         | -2.11       |
|    explained_variance   | 0.86        |
|    learning_rate        | 0.0001      |
|    loss                 | 0.0783      |
|    n_updates            | 2800        |
|    policy_gradient_loss | -0.0208     |
|    std                  | 0.505       |
|    value_loss           | 0.161       |
-----------------------------------------
[E2] ~2.4h remaining (55616 steps left @ 0.16s/step)
---------------------------------------
| rollout/                |           |
|    ep_len_mean          | 8.28      |
|    ep_rew_mean          | 1.01      |
| time/                   |           |
|    eta_hours            | 2.41      |
|    fps                  | 6         |
|    iterations           | 282       |
|    sec_per_step         | 0.156     |
|    time_elapsed         | 22433     |
|    total_timesteps      | 144384    |
| train/                  |           |
|    approx_kl            | 0.0128775 |
|    clip_fraction        | 0.1       |
|    clip_range           | 0.2       |
|    entropy_loss         | -2.1      |
|    explained_variance   | 0.918     |
|    learning_rate        | 0.0001    |
|    loss                 | 0.0187    |
|    n_updates            | 2810      |
|    policy_gradient_loss | -0.0244   |
|    std                  | 0.504     |
|    value_loss           | 0.0889    |
---------------------------------------
[E2] ~2.4h remaining (55104 steps left @ 0.16s/step)
-----------------------------------------
| rollout/                |             |
|    ep_len_mean          | 7.89        |
|    ep_rew_mean          | 1.01        |
| time/                   |             |
|    eta_hours            | 2.4         |
|    fps                  | 6           |
|    iterations           | 283         |
|    sec_per_step         | 0.157       |
|    time_elapsed         | 22514       |
|    total_timesteps      | 144896      |
| train/                  |             |
|    approx_kl            | 0.011007961 |
|    clip_fraction        | 0.133       |
|    clip_range           | 0.2         |
|    entropy_loss         | -2.09       |
|    explained_variance   | 0.938       |
|    learning_rate        | 0.0001      |
|    loss                 | -0.0118     |
|    n_updates            | 2820        |
|    policy_gradient_loss | -0.0207     |
|    std                  | 0.503       |
|    value_loss           | 0.0692      |
-----------------------------------------
[E2] ~2.4h remaining (54592 steps left @ 0.16s/step)
-----------------------------------------
| rollout/                |             |
|    ep_len_mean          | 8.12        |
|    ep_rew_mean          | 0.983       |
| time/                   |             |
|    eta_hours            | 2.36        |
|    fps                  | 6           |
|    iterations           | 284         |
|    sec_per_step         | 0.155       |
|    time_elapsed         | 22592       |
|    total_timesteps      | 145408      |
| train/                  |             |
|    approx_kl            | 0.012045699 |
|    clip_fraction        | 0.123       |
|    clip_range           | 0.2         |
|    entropy_loss         | -2.08       |
|    explained_variance   | 0.904       |
|    learning_rate        | 0.0001      |
|    loss                 | -0.0443     |
|    n_updates            | 2830        |
|    policy_gradient_loss | -0.0185     |
|    std                  | 0.501       |
|    value_loss           | 0.103       |
-----------------------------------------
[E2] ~2.3h remaining (54080 steps left @ 0.16s/step)
-----------------------------------------
| rollout/                |             |
|    ep_len_mean          | 8.07        |
|    ep_rew_mean          | 0.961       |
| time/                   |             |
|    eta_hours            | 2.34        |
|    fps                  | 6           |
|    iterations           | 285         |
|    sec_per_step         | 0.156       |
|    time_elapsed         | 22673       |
|    total_timesteps      | 145920      |
| train/                  |             |
|    approx_kl            | 0.014103906 |
|    clip_fraction        | 0.156       |
|    clip_range           | 0.2         |
|    entropy_loss         | -2.07       |
|    explained_variance   | 0.881       |
|    learning_rate        | 0.0001      |
|    loss                 | 0.055       |
|    n_updates            | 2840        |
|    policy_gradient_loss | -0.0221     |
|    std                  | 0.501       |
|    value_loss           | 0.122       |
-----------------------------------------
[E2] ~2.3h remaining (53568 steps left @ 0.16s/step)
----------------------------------------
| rollout/                |            |
|    ep_len_mean          | 8.37       |
|    ep_rew_mean          | 1          |
| time/                   |            |
|    eta_hours            | 2.33       |
|    fps                  | 6          |
|    iterations           | 286        |
|    sec_per_step         | 0.157      |
|    time_elapsed         | 22754      |
|    total_timesteps      | 146432     |
| train/                  |            |
|    approx_kl            | 0.01597336 |
|    clip_fraction        | 0.176      |
|    clip_range           | 0.2        |
|    entropy_loss         | -2.07      |
|    explained_variance   | 0.886      |
|    learning_rate        | 0.0001     |
|    loss                 | 0.0401     |
|    n_updates            | 2850       |
|    policy_gradient_loss | -0.0242    |
|    std                  | 0.5        |
|    value_loss           | 0.125      |
----------------------------------------
[E2] ~2.3h remaining (53056 steps left @ 0.16s/step)
-----------------------------------------
| rollout/                |             |
|    ep_len_mean          | 8.42        |
|    ep_rew_mean          | 0.996       |
| time/                   |             |
|    eta_hours            | 2.31        |
|    fps                  | 6           |
|    iterations           | 287         |
|    sec_per_step         | 0.157       |
|    time_elapsed         | 22834       |
|    total_timesteps      | 146944      |
| train/                  |             |
|    approx_kl            | 0.011717029 |
|    clip_fraction        | 0.137       |
|    clip_range           | 0.2         |
|    entropy_loss         | -2.06       |
|    explained_variance   | 0.944       |
|    learning_rate        | 0.0001      |
|    loss                 | -0.0425     |
|    n_updates            | 2860        |
|    policy_gradient_loss | -0.0204     |
|    std                  | 0.498       |
|    value_loss           | 0.06        |
-----------------------------------------
[E2] ~2.3h remaining (52544 steps left @ 0.16s/step)
-----------------------------------------
| rollout/                |             |
|    ep_len_mean          | 8.32        |
|    ep_rew_mean          | 0.991       |
| time/                   |             |
|    eta_hours            | 2.28        |
|    fps                  | 6           |
|    iterations           | 288         |
|    sec_per_step         | 0.156       |
|    time_elapsed         | 22914       |
|    total_timesteps      | 147456      |
| train/                  |             |
|    approx_kl            | 0.012226831 |
|    clip_fraction        | 0.118       |
|    clip_range           | 0.2         |
|    entropy_loss         | -2.05       |
|    explained_variance   | 0.928       |
|    learning_rate        | 0.0001      |
|    loss                 | -0.0195     |
|    n_updates            | 2870        |
|    policy_gradient_loss | -0.0179     |
|    std                  | 0.497       |
|    value_loss           | 0.066       |
-----------------------------------------
[E2] ~2.3h remaining (52032 steps left @ 0.16s/step)
-----------------------------------------
| rollout/                |             |
|    ep_len_mean          | 8.49        |
|    ep_rew_mean          | 1.02        |
| time/                   |             |
|    eta_hours            | 2.26        |
|    fps                  | 6           |
|    iterations           | 289         |
|    sec_per_step         | 0.156       |
|    time_elapsed         | 22993       |
|    total_timesteps      | 147968      |
| train/                  |             |
|    approx_kl            | 0.011100454 |
|    clip_fraction        | 0.138       |
|    clip_range           | 0.2         |
|    entropy_loss         | -2.04       |
|    explained_variance   | 0.934       |
|    learning_rate        | 0.0001      |
|    loss                 | -0.00103    |
|    n_updates            | 2880        |
|    policy_gradient_loss | -0.0217     |
|    std                  | 0.496       |
|    value_loss           | 0.0756      |
-----------------------------------------
[E2] ~2.2h remaining (51520 steps left @ 0.16s/step)
-----------------------------------------
| rollout/                |             |
|    ep_len_mean          | 8.51        |
|    ep_rew_mean          | 1           |
| time/                   |             |
|    eta_hours            | 2.23        |
|    fps                  | 6           |
|    iterations           | 290         |
|    sec_per_step         | 0.156       |
|    time_elapsed         | 23072       |
|    total_timesteps      | 148480      |
| train/                  |             |
|    approx_kl            | 0.014260653 |
|    clip_fraction        | 0.187       |
|    clip_range           | 0.2         |
|    entropy_loss         | -2.03       |
|    explained_variance   | 0.931       |
|    learning_rate        | 0.0001      |
|    loss                 | -0.0146     |
|    n_updates            | 2890        |
|    policy_gradient_loss | -0.0264     |
|    std                  | 0.495       |
|    value_loss           | 0.0788      |
-----------------------------------------
[E2] ~2.2h remaining (51008 steps left @ 0.16s/step)
------------------------------------------
| rollout/                |              |
|    ep_len_mean          | 8.3          |
|    ep_rew_mean          | 0.971        |
| time/                   |              |
|    eta_hours            | 2.2          |
|    fps                  | 6            |
|    iterations           | 291          |
|    sec_per_step         | 0.155        |
|    time_elapsed         | 23151        |
|    total_timesteps      | 148992       |
| train/                  |              |
|    approx_kl            | 0.0145265665 |
|    clip_fraction        | 0.146        |
|    clip_range           | 0.2          |
|    entropy_loss         | -2.03        |
|    explained_variance   | 0.894        |
|    learning_rate        | 0.0001       |
|    loss                 | -0.014       |
|    n_updates            | 2900         |
|    policy_gradient_loss | -0.0184      |
|    std                  | 0.495        |
|    value_loss           | 0.11         |
------------------------------------------
[E2] ~2.2h remaining (50496 steps left @ 0.16s/step)
-----------------------------------------
| rollout/                |             |
|    ep_len_mean          | 8.61        |
|    ep_rew_mean          | 1.01        |
| time/                   |             |
|    eta_hours            | 2.18        |
|    fps                  | 6           |
|    iterations           | 292         |
|    sec_per_step         | 0.156       |
|    time_elapsed         | 23231       |
|    total_timesteps      | 149504      |
| train/                  |             |
|    approx_kl            | 0.015440676 |
|    clip_fraction        | 0.193       |
|    clip_range           | 0.2         |
|    entropy_loss         | -2.03       |
|    explained_variance   | 0.934       |
|    learning_rate        | 0.0001      |
|    loss                 | -0.00803    |
|    n_updates            | 2910        |
|    policy_gradient_loss | -0.0243     |
|    std                  | 0.495       |
|    value_loss           | 0.0696      |
-----------------------------------------
[E2 eval @ step 150000]  MAPE=8.29%  p90=10.20%  success(<5%)=3.3%  mean_scan_time=231.9s
[E2] ~2.5h remaining (49984 steps left @ 0.18s/step)
-----------------------------------------
| rollout/                |             |
|    ep_len_mean          | 8.57        |
|    ep_rew_mean          | 1           |
| time/                   |             |
|    eta_hours            | 2.55        |
|    fps                  | 6           |
|    iterations           | 293         |
|    sec_per_step         | 0.183       |
|    time_elapsed         | 23358       |
|    total_timesteps      | 150016      |
| train/                  |             |
|    approx_kl            | 0.014229313 |
|    clip_fraction        | 0.158       |
|    clip_range           | 0.2         |
|    entropy_loss         | -2.03       |
|    explained_variance   | 0.917       |
|    learning_rate        | 0.0001      |
|    loss                 | 0.015       |
|    n_updates            | 2920        |
|    policy_gradient_loss | -0.0229     |
|    std                  | 0.495       |
|    value_loss           | 0.0854      |
-----------------------------------------
[E2] ~2.4h remaining (49472 steps left @ 0.17s/step)
-----------------------------------------
| rollout/                |             |
|    ep_len_mean          | 8.5         |
|    ep_rew_mean          | 1           |
| time/                   |             |
|    eta_hours            | 2.4         |
|    fps                  | 6           |
|    iterations           | 294         |
|    sec_per_step         | 0.174       |
|    time_elapsed         | 23437       |
|    total_timesteps      | 150528      |
| train/                  |             |
|    approx_kl            | 0.014149928 |
|    clip_fraction        | 0.154       |
|    clip_range           | 0.2         |
|    entropy_loss         | -2.03       |
|    explained_variance   | 0.898       |
|    learning_rate        | 0.0001      |
|    loss                 | 0.0696      |
|    n_updates            | 2930        |
|    policy_gradient_loss | -0.0218     |
|    std                  | 0.495       |
|    value_loss           | 0.106       |
-----------------------------------------
[E2] ~2.3h remaining (48960 steps left @ 0.17s/step)
----------------------------------------
| rollout/                |            |
|    ep_len_mean          | 8.58       |
|    ep_rew_mean          | 1.03       |
| time/                   |            |
|    eta_hours            | 2.29       |
|    fps                  | 6          |
|    iterations           | 295        |
|    sec_per_step         | 0.168      |
|    time_elapsed         | 23516      |
|    total_timesteps      | 151040     |
| train/                  |            |
|    approx_kl            | 0.02261433 |
|    clip_fraction        | 0.189      |
|    clip_range           | 0.2        |
|    entropy_loss         | -2.02      |
|    explained_variance   | 0.922      |
|    learning_rate        | 0.0001     |
|    loss                 | -0.00727   |
|    n_updates            | 2940       |
|    policy_gradient_loss | -0.0277    |
|    std                  | 0.494      |
|    value_loss           | 0.0791     |
----------------------------------------
[E2] ~2.2h remaining (48448 steps left @ 0.16s/step)
-----------------------------------------
| rollout/                |             |
|    ep_len_mean          | 8.51        |
|    ep_rew_mean          | 1.03        |
| time/                   |             |
|    eta_hours            | 2.2         |
|    fps                  | 6           |
|    iterations           | 296         |
|    sec_per_step         | 0.163       |
|    time_elapsed         | 23594       |
|    total_timesteps      | 151552      |
| train/                  |             |
|    approx_kl            | 0.015223745 |
|    clip_fraction        | 0.111       |
|    clip_range           | 0.2         |
|    entropy_loss         | -2.01       |
|    explained_variance   | 0.926       |
|    learning_rate        | 0.0001      |
|    loss                 | 0.0173      |
|    n_updates            | 2950        |
|    policy_gradient_loss | -0.0169     |
|    std                  | 0.492       |
|    value_loss           | 0.0845      |
-----------------------------------------
[E2] ~2.1h remaining (47936 steps left @ 0.16s/step)
----------------------------------------
| rollout/                |            |
|    ep_len_mean          | 8.56       |
|    ep_rew_mean          | 1.01       |
| time/                   |            |
|    eta_hours            | 2.14       |
|    fps                  | 6          |
|    iterations           | 297        |
|    sec_per_step         | 0.161      |
|    time_elapsed         | 23673      |
|    total_timesteps      | 152064     |
| train/                  |            |
|    approx_kl            | 0.01358356 |
|    clip_fraction        | 0.169      |
|    clip_range           | 0.2        |
|    entropy_loss         | -2         |
|    explained_variance   | 0.949      |
|    learning_rate        | 0.0001     |
|    loss                 | -0.00365   |
|    n_updates            | 2960       |
|    policy_gradient_loss | -0.0186    |
|    std                  | 0.492      |
|    value_loss           | 0.0568     |
----------------------------------------
[E2] ~2.1h remaining (47424 steps left @ 0.16s/step)
-----------------------------------------
| rollout/                |             |
|    ep_len_mean          | 8.63        |
|    ep_rew_mean          | 1.01        |
| time/                   |             |
|    eta_hours            | 2.1         |
|    fps                  | 6           |
|    iterations           | 298         |
|    sec_per_step         | 0.159       |
|    time_elapsed         | 23752       |
|    total_timesteps      | 152576      |
| train/                  |             |
|    approx_kl            | 0.021062335 |
|    clip_fraction        | 0.202       |
|    clip_range           | 0.2         |
|    entropy_loss         | -2          |
|    explained_variance   | 0.922       |
|    learning_rate        | 0.0001      |
|    loss                 | -0.0329     |
|    n_updates            | 2970        |
|    policy_gradient_loss | -0.0268     |
|    std                  | 0.491       |
|    value_loss           | 0.0858      |
-----------------------------------------
[E2] ~2.1h remaining (46912 steps left @ 0.16s/step)
-----------------------------------------
| rollout/                |             |
|    ep_len_mean          | 8.39        |
|    ep_rew_mean          | 0.999       |
| time/                   |             |
|    eta_hours            | 2.05        |
|    fps                  | 6           |
|    iterations           | 299         |
|    sec_per_step         | 0.158       |
|    time_elapsed         | 23831       |
|    total_timesteps      | 153088      |
| train/                  |             |
|    approx_kl            | 0.013536841 |
|    clip_fraction        | 0.154       |
|    clip_range           | 0.2         |
|    entropy_loss         | -1.99       |
|    explained_variance   | 0.925       |
|    learning_rate        | 0.0001      |
|    loss                 | -0.00478    |
|    n_updates            | 2980        |
|    policy_gradient_loss | -0.0251     |
|    std                  | 0.491       |
|    value_loss           | 0.0791      |
-----------------------------------------
[E2] ~2.0h remaining (46400 steps left @ 0.16s/step)
-----------------------------------------
| rollout/                |             |
|    ep_len_mean          | 8.06        |
|    ep_rew_mean          | 1           |
| time/                   |             |
|    eta_hours            | 2.02        |
|    fps                  | 6           |
|    iterations           | 300         |
|    sec_per_step         | 0.156       |
|    time_elapsed         | 23910       |
|    total_timesteps      | 153600      |
| train/                  |             |
|    approx_kl            | 0.019237528 |
|    clip_fraction        | 0.187       |
|    clip_range           | 0.2         |
|    entropy_loss         | -1.99       |
|    explained_variance   | 0.91        |
|    learning_rate        | 0.0001      |
|    loss                 | -0.0221     |
|    n_updates            | 2990        |
|    policy_gradient_loss | -0.0227     |
|    std                  | 0.49        |
|    value_loss           | 0.1         |
-----------------------------------------
[E2] ~2.0h remaining (45888 steps left @ 0.16s/step)
------------------------------------------
| rollout/                |              |
|    ep_len_mean          | 8.15         |
|    ep_rew_mean          | 1.01         |
| time/                   |              |
|    eta_hours            | 2            |
|    fps                  | 6            |
|    iterations           | 301          |
|    sec_per_step         | 0.157        |
|    time_elapsed         | 23991        |
|    total_timesteps      | 154112       |
| train/                  |              |
|    approx_kl            | 0.0149641745 |
|    clip_fraction        | 0.173        |
|    clip_range           | 0.2          |
|    entropy_loss         | -1.98        |
|    explained_variance   | 0.894        |
|    learning_rate        | 0.0001       |
|    loss                 | 0.00924      |
|    n_updates            | 3000         |
|    policy_gradient_loss | -0.0229      |
|    std                  | 0.489        |
|    value_loss           | 0.119        |
------------------------------------------
[E2] ~2.0h remaining (45376 steps left @ 0.16s/step)
----------------------------------------
| rollout/                |            |
|    ep_len_mean          | 8.35       |
|    ep_rew_mean          | 0.978      |
| time/                   |            |
|    eta_hours            | 1.97       |
|    fps                  | 6          |
|    iterations           | 302        |
|    sec_per_step         | 0.157      |
|    time_elapsed         | 24071      |
|    total_timesteps      | 154624     |
| train/                  |            |
|    approx_kl            | 0.01586789 |
|    clip_fraction        | 0.222      |
|    clip_range           | 0.2        |
|    entropy_loss         | -1.98      |
|    explained_variance   | 0.903      |
|    learning_rate        | 0.0001     |
|    loss                 | 0.00992    |
|    n_updates            | 3010       |
|    policy_gradient_loss | -0.0264    |
|    std                  | 0.488      |
|    value_loss           | 0.0978     |
----------------------------------------
[E2] ~1.9h remaining (44864 steps left @ 0.16s/step)
-----------------------------------------
| rollout/                |             |
|    ep_len_mean          | 8.47        |
|    ep_rew_mean          | 0.977       |
| time/                   |             |
|    eta_hours            | 1.95        |
|    fps                  | 6           |
|    iterations           | 303         |
|    sec_per_step         | 0.156       |
|    time_elapsed         | 24150       |
|    total_timesteps      | 155136      |
| train/                  |             |
|    approx_kl            | 0.017687343 |
|    clip_fraction        | 0.194       |
|    clip_range           | 0.2         |
|    entropy_loss         | -1.98       |
|    explained_variance   | 0.878       |
|    learning_rate        | 0.0001      |
|    loss                 | 0.00279     |
|    n_updates            | 3020        |
|    policy_gradient_loss | -0.0257     |
|    std                  | 0.488       |
|    value_loss           | 0.112       |
-----------------------------------------
[E2] ~1.9h remaining (44352 steps left @ 0.16s/step)
-----------------------------------------
| rollout/                |             |
|    ep_len_mean          | 8.36        |
|    ep_rew_mean          | 1           |
| time/                   |             |
|    eta_hours            | 1.92        |
|    fps                  | 6           |
|    iterations           | 304         |
|    sec_per_step         | 0.156       |
|    time_elapsed         | 24229       |
|    total_timesteps      | 155648      |
| train/                  |             |
|    approx_kl            | 0.012851592 |
|    clip_fraction        | 0.143       |
|    clip_range           | 0.2         |
|    entropy_loss         | -1.97       |
|    explained_variance   | 0.928       |
|    learning_rate        | 0.0001      |
|    loss                 | -0.0128     |
|    n_updates            | 3030        |
|    policy_gradient_loss | -0.0217     |
|    std                  | 0.488       |
|    value_loss           | 0.0657      |
-----------------------------------------
[E2] ~1.9h remaining (43840 steps left @ 0.16s/step)
-----------------------------------------
| rollout/                |             |
|    ep_len_mean          | 8.33        |
|    ep_rew_mean          | 1           |
| time/                   |             |
|    eta_hours            | 1.9         |
|    fps                  | 6           |
|    iterations           | 305         |
|    sec_per_step         | 0.156       |
|    time_elapsed         | 24309       |
|    total_timesteps      | 156160      |
| train/                  |             |
|    approx_kl            | 0.019437185 |
|    clip_fraction        | 0.188       |
|    clip_range           | 0.2         |
|    entropy_loss         | -1.97       |
|    explained_variance   | 0.934       |
|    learning_rate        | 0.0001      |
|    loss                 | -0.00134    |
|    n_updates            | 3040        |
|    policy_gradient_loss | -0.0278     |
|    std                  | 0.488       |
|    value_loss           | 0.0675      |
-----------------------------------------
[E2] ~1.9h remaining (43328 steps left @ 0.16s/step)
-----------------------------------------
| rollout/                |             |
|    ep_len_mean          | 8.14        |
|    ep_rew_mean          | 0.995       |
| time/                   |             |
|    eta_hours            | 1.87        |
|    fps                  | 6           |
|    iterations           | 306         |
|    sec_per_step         | 0.156       |
|    time_elapsed         | 24389       |
|    total_timesteps      | 156672      |
| train/                  |             |
|    approx_kl            | 0.017835084 |
|    clip_fraction        | 0.151       |
|    clip_range           | 0.2         |
|    entropy_loss         | -1.97       |
|    explained_variance   | 0.921       |
|    learning_rate        | 0.0001      |
|    loss                 | -0.0229     |
|    n_updates            | 3050        |
|    policy_gradient_loss | -0.0238     |
|    std                  | 0.488       |
|    value_loss           | 0.0868      |
-----------------------------------------
[E2] ~1.9h remaining (42816 steps left @ 0.16s/step)
-----------------------------------------
| rollout/                |             |
|    ep_len_mean          | 8.12        |
|    ep_rew_mean          | 1           |
| time/                   |             |
|    eta_hours            | 1.85        |
|    fps                  | 6           |
|    iterations           | 307         |
|    sec_per_step         | 0.156       |
|    time_elapsed         | 24468       |
|    total_timesteps      | 157184      |
| train/                  |             |
|    approx_kl            | 0.013460487 |
|    clip_fraction        | 0.113       |
|    clip_range           | 0.2         |
|    entropy_loss         | -1.97       |
|    explained_variance   | 0.907       |
|    learning_rate        | 0.0001      |
|    loss                 | 0.0368      |
|    n_updates            | 3060        |
|    policy_gradient_loss | -0.017      |
|    std                  | 0.487       |
|    value_loss           | 0.0973      |
-----------------------------------------
[E2] ~1.8h remaining (42304 steps left @ 0.16s/step)
----------------------------------------
| rollout/                |            |
|    ep_len_mean          | 8.07       |
|    ep_rew_mean          | 0.984      |
| time/                   |            |
|    eta_hours            | 1.83       |
|    fps                  | 6          |
|    iterations           | 308        |
|    sec_per_step         | 0.156      |
|    time_elapsed         | 24549      |
|    total_timesteps      | 157696     |
| train/                  |            |
|    approx_kl            | 0.01311435 |
|    clip_fraction        | 0.165      |
|    clip_range           | 0.2        |
|    entropy_loss         | -1.96      |
|    explained_variance   | 0.913      |
|    learning_rate        | 0.0001     |
|    loss                 | 0.0273     |
|    n_updates            | 3070       |
|    policy_gradient_loss | -0.0197    |
|    std                  | 0.485      |
|    value_loss           | 0.0939     |
----------------------------------------
[E2] ~1.8h remaining (41792 steps left @ 0.16s/step)
-----------------------------------------
| rollout/                |             |
|    ep_len_mean          | 8.4         |
|    ep_rew_mean          | 0.999       |
| time/                   |             |
|    eta_hours            | 1.82        |
|    fps                  | 6           |
|    iterations           | 309         |
|    sec_per_step         | 0.157       |
|    time_elapsed         | 24630       |
|    total_timesteps      | 158208      |
| train/                  |             |
|    approx_kl            | 0.014063565 |
|    clip_fraction        | 0.172       |
|    clip_range           | 0.2         |
|    entropy_loss         | -1.95       |
|    explained_variance   | 0.911       |
|    learning_rate        | 0.0001      |
|    loss                 | -0.00674    |
|    n_updates            | 3080        |
|    policy_gradient_loss | -0.0286     |
|    std                  | 0.484       |
|    value_loss           | 0.0919      |
-----------------------------------------
[E2] ~1.8h remaining (41280 steps left @ 0.16s/step)
-----------------------------------------
| rollout/                |             |
|    ep_len_mean          | 8.47        |
|    ep_rew_mean          | 1.01        |
| time/                   |             |
|    eta_hours            | 1.79        |
|    fps                  | 6           |
|    iterations           | 310         |
|    sec_per_step         | 0.157       |
|    time_elapsed         | 24710       |
|    total_timesteps      | 158720      |
| train/                  |             |
|    approx_kl            | 0.015779568 |
|    clip_fraction        | 0.149       |
|    clip_range           | 0.2         |
|    entropy_loss         | -1.93       |
|    explained_variance   | 0.944       |
|    learning_rate        | 0.0001      |
|    loss                 | 0.00928     |
|    n_updates            | 3090        |
|    policy_gradient_loss | -0.0219     |
|    std                  | 0.482       |
|    value_loss           | 0.0611      |
-----------------------------------------
[E2] ~1.8h remaining (40768 steps left @ 0.16s/step)
-----------------------------------------
| rollout/                |             |
|    ep_len_mean          | 8.3         |
|    ep_rew_mean          | 1.01        |
| time/                   |             |
|    eta_hours            | 1.78        |
|    fps                  | 6           |
|    iterations           | 311         |
|    sec_per_step         | 0.157       |
|    time_elapsed         | 24790       |
|    total_timesteps      | 159232      |
| train/                  |             |
|    approx_kl            | 0.014337026 |
|    clip_fraction        | 0.159       |
|    clip_range           | 0.2         |
|    entropy_loss         | -1.93       |
|    explained_variance   | 0.924       |
|    learning_rate        | 0.0001      |
|    loss                 | 0.0106      |
|    n_updates            | 3100        |
|    policy_gradient_loss | -0.0197     |
|    std                  | 0.481       |
|    value_loss           | 0.0834      |
-----------------------------------------
[E2] ~1.8h remaining (40256 steps left @ 0.16s/step)
----------------------------------------
| rollout/                |            |
|    ep_len_mean          | 8.19       |
|    ep_rew_mean          | 1          |
| time/                   |            |
|    eta_hours            | 1.76       |
|    fps                  | 6          |
|    iterations           | 312        |
|    sec_per_step         | 0.157      |
|    time_elapsed         | 24871      |
|    total_timesteps      | 159744     |
| train/                  |            |
|    approx_kl            | 0.01044785 |
|    clip_fraction        | 0.138      |
|    clip_range           | 0.2        |
|    entropy_loss         | -1.92      |
|    explained_variance   | 0.917      |
|    learning_rate        | 0.0001     |
|    loss                 | 0.0131     |
|    n_updates            | 3110       |
|    policy_gradient_loss | -0.0191    |
|    std                  | 0.48       |
|    value_loss           | 0.0907     |
----------------------------------------
[E2 eval @ step 160000]  MAPE=7.21%  p90=9.04%  success(<5%)=10.0%  mean_scan_time=231.9s
[E2 eval]  → new best MAPE 7.21% saved to runs/e2/ppo_runA_deltamape/best
[E2] ~1.9h remaining (39744 steps left @ 0.18s/step)
-----------------------------------------
| rollout/                |             |
|    ep_len_mean          | 8.3         |
|    ep_rew_mean          | 0.984       |
| time/                   |             |
|    eta_hours            | 1.93        |
|    fps                  | 6           |
|    iterations           | 313         |
|    sec_per_step         | 0.175       |
|    time_elapsed         | 24982       |
|    total_timesteps      | 160256      |
| train/                  |             |
|    approx_kl            | 0.013044592 |
|    clip_fraction        | 0.174       |
|    clip_range           | 0.2         |
|    entropy_loss         | -1.91       |
|    explained_variance   | 0.935       |
|    learning_rate        | 0.0001      |
|    loss                 | -0.000693   |
|    n_updates            | 3120        |
|    policy_gradient_loss | -0.0243     |
|    std                  | 0.479       |
|    value_loss           | 0.0684      |
-----------------------------------------
[E2] ~1.8h remaining (39232 steps left @ 0.17s/step)
-----------------------------------------
| rollout/                |             |
|    ep_len_mean          | 8.41        |
|    ep_rew_mean          | 0.986       |
| time/                   |             |
|    eta_hours            | 1.85        |
|    fps                  | 6           |
|    iterations           | 314         |
|    sec_per_step         | 0.17        |
|    time_elapsed         | 25063       |
|    total_timesteps      | 160768      |
| train/                  |             |
|    approx_kl            | 0.020103108 |
|    clip_fraction        | 0.17        |
|    clip_range           | 0.2         |
|    entropy_loss         | -1.91       |
|    explained_variance   | 0.89        |
|    learning_rate        | 0.0001      |
|    loss                 | 0.011       |
|    n_updates            | 3130        |
|    policy_gradient_loss | -0.025      |
|    std                  | 0.48        |
|    value_loss           | 0.117       |
-----------------------------------------
[E2] ~1.8h remaining (38720 steps left @ 0.17s/step)
----------------------------------------
| rollout/                |            |
|    ep_len_mean          | 8.48       |
|    ep_rew_mean          | 1.01       |
| time/                   |            |
|    eta_hours            | 1.78       |
|    fps                  | 6          |
|    iterations           | 315        |
|    sec_per_step         | 0.166      |
|    time_elapsed         | 25143      |
|    total_timesteps      | 161280     |
| train/                  |            |
|    approx_kl            | 0.01713445 |
|    clip_fraction        | 0.23       |
|    clip_range           | 0.2        |
|    entropy_loss         | -1.9       |
|    explained_variance   | 0.941      |
|    learning_rate        | 0.0001     |
|    loss                 | -0.0186    |
|    n_updates            | 3140       |
|    policy_gradient_loss | -0.0295    |
|    std                  | 0.478      |
|    value_loss           | 0.0638     |
----------------------------------------
[E2] ~1.7h remaining (38208 steps left @ 0.16s/step)
-----------------------------------------
| rollout/                |             |
|    ep_len_mean          | 8.18        |
|    ep_rew_mean          | 1.02        |
| time/                   |             |
|    eta_hours            | 1.73        |
|    fps                  | 6           |
|    iterations           | 316         |
|    sec_per_step         | 0.163       |
|    time_elapsed         | 25223       |
|    total_timesteps      | 161792      |
| train/                  |             |
|    approx_kl            | 0.022034783 |
|    clip_fraction        | 0.199       |
|    clip_range           | 0.2         |
|    entropy_loss         | -1.9        |
|    explained_variance   | 0.934       |
|    learning_rate        | 0.0001      |
|    loss                 | -0.0282     |
|    n_updates            | 3150        |
|    policy_gradient_loss | -0.0327     |
|    std                  | 0.477       |
|    value_loss           | 0.0668      |
-----------------------------------------
[E2] ~1.7h remaining (37696 steps left @ 0.16s/step)
----------------------------------------
| rollout/                |            |
|    ep_len_mean          | 8.61       |
|    ep_rew_mean          | 1.01       |
| time/                   |            |
|    eta_hours            | 1.68       |
|    fps                  | 6          |
|    iterations           | 317        |
|    sec_per_step         | 0.16       |
|    time_elapsed         | 25302      |
|    total_timesteps      | 162304     |
| train/                  |            |
|    approx_kl            | 0.01658057 |
|    clip_fraction        | 0.164      |
|    clip_range           | 0.2        |
|    entropy_loss         | -1.89      |
|    explained_variance   | 0.925      |
|    learning_rate        | 0.0001     |
|    loss                 | 0.00315    |
|    n_updates            | 3160       |
|    policy_gradient_loss | -0.0253    |
|    std                  | 0.476      |
|    value_loss           | 0.0822     |
----------------------------------------
[E2] ~1.7h remaining (37184 steps left @ 0.16s/step)
-----------------------------------------
| rollout/                |             |
|    ep_len_mean          | 8.36        |
|    ep_rew_mean          | 1.01        |
| time/                   |             |
|    eta_hours            | 1.65        |
|    fps                  | 6           |
|    iterations           | 318         |
|    sec_per_step         | 0.16        |
|    time_elapsed         | 25383       |
|    total_timesteps      | 162816      |
| train/                  |             |
|    approx_kl            | 0.015243737 |
|    clip_fraction        | 0.156       |
|    clip_range           | 0.2         |
|    entropy_loss         | -1.89       |
|    explained_variance   | 0.934       |
|    learning_rate        | 0.0001      |
|    loss                 | -0.00567    |
|    n_updates            | 3170        |
|    policy_gradient_loss | -0.0254     |
|    std                  | 0.476       |
|    value_loss           | 0.064       |
-----------------------------------------
[E2] ~1.6h remaining (36672 steps left @ 0.16s/step)
-----------------------------------------
| rollout/                |             |
|    ep_len_mean          | 8.14        |
|    ep_rew_mean          | 0.972       |
| time/                   |             |
|    eta_hours            | 1.61        |
|    fps                  | 6           |
|    iterations           | 319         |
|    sec_per_step         | 0.159       |
|    time_elapsed         | 25463       |
|    total_timesteps      | 163328      |
| train/                  |             |
|    approx_kl            | 0.015798086 |
|    clip_fraction        | 0.181       |
|    clip_range           | 0.2         |
|    entropy_loss         | -1.89       |
|    explained_variance   | 0.946       |
|    learning_rate        | 0.0001      |
|    loss                 | -0.0201     |
|    n_updates            | 3180        |
|    policy_gradient_loss | -0.0289     |
|    std                  | 0.476       |
|    value_loss           | 0.0535      |
-----------------------------------------
[E2] ~1.6h remaining (36160 steps left @ 0.16s/step)
-----------------------------------------
| rollout/                |             |
|    ep_len_mean          | 8.11        |
|    ep_rew_mean          | 0.992       |
| time/                   |             |
|    eta_hours            | 1.59        |
|    fps                  | 6           |
|    iterations           | 320         |
|    sec_per_step         | 0.158       |
|    time_elapsed         | 25543       |
|    total_timesteps      | 163840      |
| train/                  |             |
|    approx_kl            | 0.021426713 |
|    clip_fraction        | 0.208       |
|    clip_range           | 0.2         |
|    entropy_loss         | -1.88       |
|    explained_variance   | 0.876       |
|    learning_rate        | 0.0001      |
|    loss                 | 0.0574      |
|    n_updates            | 3190        |
|    policy_gradient_loss | -0.0258     |
|    std                  | 0.475       |
|    value_loss           | 0.126       |
-----------------------------------------
[E2] ~1.6h remaining (35648 steps left @ 0.16s/step)
-----------------------------------------
| rollout/                |             |
|    ep_len_mean          | 8.44        |
|    ep_rew_mean          | 1.03        |
| time/                   |             |
|    eta_hours            | 1.56        |
|    fps                  | 6           |
|    iterations           | 321         |
|    sec_per_step         | 0.157       |
|    time_elapsed         | 25623       |
|    total_timesteps      | 164352      |
| train/                  |             |
|    approx_kl            | 0.012518799 |
|    clip_fraction        | 0.108       |
|    clip_range           | 0.2         |
|    entropy_loss         | -1.88       |
|    explained_variance   | 0.898       |
|    learning_rate        | 0.0001      |
|    loss                 | 0.0318      |
|    n_updates            | 3200        |
|    policy_gradient_loss | -0.0182     |
|    std                  | 0.475       |
|    value_loss           | 0.108       |
-----------------------------------------
[E2] ~1.5h remaining (35136 steps left @ 0.16s/step)
----------------------------------------
| rollout/                |            |
|    ep_len_mean          | 8.64       |
|    ep_rew_mean          | 1.01       |
| time/                   |            |
|    eta_hours            | 1.54       |
|    fps                  | 6          |
|    iterations           | 322        |
|    sec_per_step         | 0.157      |
|    time_elapsed         | 25703      |
|    total_timesteps      | 164864     |
| train/                  |            |
|    approx_kl            | 0.00759203 |
|    clip_fraction        | 0.115      |
|    clip_range           | 0.2        |
|    entropy_loss         | -1.88      |
|    explained_variance   | 0.949      |
|    learning_rate        | 0.0001     |
|    loss                 | -0.00606   |
|    n_updates            | 3210       |
|    policy_gradient_loss | -0.0167    |
|    std                  | 0.475      |
|    value_loss           | 0.0598     |
----------------------------------------
[E2] ~1.5h remaining (34624 steps left @ 0.16s/step)
----------------------------------------
| rollout/                |            |
|    ep_len_mean          | 8.54       |
|    ep_rew_mean          | 0.99       |
| time/                   |            |
|    eta_hours            | 1.51       |
|    fps                  | 6          |
|    iterations           | 323        |
|    sec_per_step         | 0.157      |
|    time_elapsed         | 25784      |
|    total_timesteps      | 165376     |
| train/                  |            |
|    approx_kl            | 0.02375292 |
|    clip_fraction        | 0.191      |
|    clip_range           | 0.2        |
|    entropy_loss         | -1.88      |
|    explained_variance   | 0.901      |
|    learning_rate        | 0.0001     |
|    loss                 | 0.00323    |
|    n_updates            | 3220       |
|    policy_gradient_loss | -0.0261    |
|    std                  | 0.475      |
|    value_loss           | 0.0963     |
----------------------------------------
[E2] ~1.5h remaining (34112 steps left @ 0.16s/step)
-----------------------------------------
| rollout/                |             |
|    ep_len_mean          | 8.27        |
|    ep_rew_mean          | 0.957       |
| time/                   |             |
|    eta_hours            | 1.49        |
|    fps                  | 6           |
|    iterations           | 324         |
|    sec_per_step         | 0.158       |
|    time_elapsed         | 25865       |
|    total_timesteps      | 165888      |
| train/                  |             |
|    approx_kl            | 0.011100327 |
|    clip_fraction        | 0.135       |
|    clip_range           | 0.2         |
|    entropy_loss         | -1.87       |
|    explained_variance   | 0.93        |
|    learning_rate        | 0.0001      |
|    loss                 | -0.0287     |
|    n_updates            | 3230        |
|    policy_gradient_loss | -0.0197     |
|    std                  | 0.474       |
|    value_loss           | 0.0687      |
-----------------------------------------
[E2] ~1.5h remaining (33600 steps left @ 0.16s/step)
-----------------------------------------
| rollout/                |             |
|    ep_len_mean          | 8.52        |
|    ep_rew_mean          | 0.987       |
| time/                   |             |
|    eta_hours            | 1.47        |
|    fps                  | 6           |
|    iterations           | 325         |
|    sec_per_step         | 0.157       |
|    time_elapsed         | 25945       |
|    total_timesteps      | 166400      |
| train/                  |             |
|    approx_kl            | 0.019442117 |
|    clip_fraction        | 0.219       |
|    clip_range           | 0.2         |
|    entropy_loss         | -1.86       |
|    explained_variance   | 0.88        |
|    learning_rate        | 0.0001      |
|    loss                 | -0.00423    |
|    n_updates            | 3240        |
|    policy_gradient_loss | -0.0247     |
|    std                  | 0.473       |
|    value_loss           | 0.122       |
-----------------------------------------
[E2] ~1.4h remaining (33088 steps left @ 0.16s/step)
-----------------------------------------
| rollout/                |             |
|    ep_len_mean          | 8.68        |
|    ep_rew_mean          | 1.01        |
| time/                   |             |
|    eta_hours            | 1.44        |
|    fps                  | 6           |
|    iterations           | 326         |
|    sec_per_step         | 0.157       |
|    time_elapsed         | 26025       |
|    total_timesteps      | 166912      |
| train/                  |             |
|    approx_kl            | 0.017580226 |
|    clip_fraction        | 0.186       |
|    clip_range           | 0.2         |
|    entropy_loss         | -1.86       |
|    explained_variance   | 0.939       |
|    learning_rate        | 0.0001      |
|    loss                 | 0.00161     |
|    n_updates            | 3250        |
|    policy_gradient_loss | -0.0204     |
|    std                  | 0.472       |
|    value_loss           | 0.059       |
-----------------------------------------
[E2] ~1.4h remaining (32576 steps left @ 0.16s/step)
-----------------------------------------
| rollout/                |             |
|    ep_len_mean          | 8.29        |
|    ep_rew_mean          | 1.02        |
| time/                   |             |
|    eta_hours            | 1.42        |
|    fps                  | 6           |
|    iterations           | 327         |
|    sec_per_step         | 0.157       |
|    time_elapsed         | 26106       |
|    total_timesteps      | 167424      |
| train/                  |             |
|    approx_kl            | 0.017384224 |
|    clip_fraction        | 0.164       |
|    clip_range           | 0.2         |
|    entropy_loss         | -1.85       |
|    explained_variance   | 0.931       |
|    learning_rate        | 0.0001      |
|    loss                 | -0.0112     |
|    n_updates            | 3260        |
|    policy_gradient_loss | -0.0202     |
|    std                  | 0.471       |
|    value_loss           | 0.0728      |
-----------------------------------------
[E2] ~1.4h remaining (32064 steps left @ 0.16s/step)
------------------------------------------
| rollout/                |              |
|    ep_len_mean          | 8.4          |
|    ep_rew_mean          | 1            |
| time/                   |              |
|    eta_hours            | 1.4          |
|    fps                  | 6            |
|    iterations           | 328          |
|    sec_per_step         | 0.157        |
|    time_elapsed         | 26186        |
|    total_timesteps      | 167936       |
| train/                  |              |
|    approx_kl            | 0.0144698005 |
|    clip_fraction        | 0.166        |
|    clip_range           | 0.2          |
|    entropy_loss         | -1.85        |
|    explained_variance   | 0.912        |
|    learning_rate        | 0.0001       |
|    loss                 | 0.0272       |
|    n_updates            | 3270         |
|    policy_gradient_loss | -0.0203      |
|    std                  | 0.472        |
|    value_loss           | 0.0916       |
------------------------------------------
[E2] ~1.4h remaining (31552 steps left @ 0.16s/step)
-----------------------------------------
| rollout/                |             |
|    ep_len_mean          | 8.38        |
|    ep_rew_mean          | 1           |
| time/                   |             |
|    eta_hours            | 1.38        |
|    fps                  | 6           |
|    iterations           | 329         |
|    sec_per_step         | 0.157       |
|    time_elapsed         | 26266       |
|    total_timesteps      | 168448      |
| train/                  |             |
|    approx_kl            | 0.019069359 |
|    clip_fraction        | 0.197       |
|    clip_range           | 0.2         |
|    entropy_loss         | -1.85       |
|    explained_variance   | 0.878       |
|    learning_rate        | 0.0001      |
|    loss                 | -0.0309     |
|    n_updates            | 3280        |
|    policy_gradient_loss | -0.0293     |
|    std                  | 0.471       |
|    value_loss           | 0.132       |
-----------------------------------------
[E2] ~1.4h remaining (31040 steps left @ 0.16s/step)
----------------------------------------
| rollout/                |            |
|    ep_len_mean          | 8.17       |
|    ep_rew_mean          | 1.02       |
| time/                   |            |
|    eta_hours            | 1.35       |
|    fps                  | 6          |
|    iterations           | 330        |
|    sec_per_step         | 0.157      |
|    time_elapsed         | 26347      |
|    total_timesteps      | 168960     |
| train/                  |            |
|    approx_kl            | 0.01738053 |
|    clip_fraction        | 0.18       |
|    clip_range           | 0.2        |
|    entropy_loss         | -1.84      |
|    explained_variance   | 0.925      |
|    learning_rate        | 0.0001     |
|    loss                 | -0.03      |
|    n_updates            | 3290       |
|    policy_gradient_loss | -0.0258    |
|    std                  | 0.471      |
|    value_loss           | 0.0754     |
----------------------------------------
[E2] ~1.3h remaining (30528 steps left @ 0.16s/step)
----------------------------------------
| rollout/                |            |
|    ep_len_mean          | 8.06       |
|    ep_rew_mean          | 1.02       |
| time/                   |            |
|    eta_hours            | 1.34       |
|    fps                  | 6          |
|    iterations           | 331        |
|    sec_per_step         | 0.158      |
|    time_elapsed         | 26428      |
|    total_timesteps      | 169472     |
| train/                  |            |
|    approx_kl            | 0.01377051 |
|    clip_fraction        | 0.174      |
|    clip_range           | 0.2        |
|    entropy_loss         | -1.84      |
|    explained_variance   | 0.919      |
|    learning_rate        | 0.0001     |
|    loss                 | -0.0208    |
|    n_updates            | 3300       |
|    policy_gradient_loss | -0.0276    |
|    std                  | 0.469      |
|    value_loss           | 0.084      |
----------------------------------------
[E2] ~1.3h remaining (30016 steps left @ 0.16s/step)
-----------------------------------------
| rollout/                |             |
|    ep_len_mean          | 8.19        |
|    ep_rew_mean          | 1.01        |
| time/                   |             |
|    eta_hours            | 1.31        |
|    fps                  | 6           |
|    iterations           | 332         |
|    sec_per_step         | 0.157       |
|    time_elapsed         | 26508       |
|    total_timesteps      | 169984      |
| train/                  |             |
|    approx_kl            | 0.018789962 |
|    clip_fraction        | 0.192       |
|    clip_range           | 0.2         |
|    entropy_loss         | -1.83       |
|    explained_variance   | 0.943       |
|    learning_rate        | 0.0001      |
|    loss                 | -0.0266     |
|    n_updates            | 3310        |
|    policy_gradient_loss | -0.0229     |
|    std                  | 0.469       |
|    value_loss           | 0.0652      |
-----------------------------------------
[E2 eval @ step 170000]  MAPE=7.43%  p90=9.29%  success(<5%)=6.7%  mean_scan_time=232.6s
[E2] ~1.5h remaining (29504 steps left @ 0.19s/step)
-----------------------------------------
| rollout/                |             |
|    ep_len_mean          | 8.49        |
|    ep_rew_mean          | 1.01        |
| time/                   |             |
|    eta_hours            | 1.52        |
|    fps                  | 6           |
|    iterations           | 333         |
|    sec_per_step         | 0.185       |
|    time_elapsed         | 26637       |
|    total_timesteps      | 170496      |
| train/                  |             |
|    approx_kl            | 0.016206618 |
|    clip_fraction        | 0.163       |
|    clip_range           | 0.2         |
|    entropy_loss         | -1.83       |
|    explained_variance   | 0.921       |
|    learning_rate        | 0.0001      |
|    loss                 | -0.00678    |
|    n_updates            | 3320        |
|    policy_gradient_loss | -0.0263     |
|    std                  | 0.47        |
|    value_loss           | 0.0843      |
-----------------------------------------
[E2] ~1.4h remaining (28992 steps left @ 0.18s/step)
---------------------------------------
| rollout/                |           |
|    ep_len_mean          | 8.32      |
|    ep_rew_mean          | 1.02      |
| time/                   |           |
|    eta_hours            | 1.43      |
|    fps                  | 6         |
|    iterations           | 334       |
|    sec_per_step         | 0.177     |
|    time_elapsed         | 26718     |
|    total_timesteps      | 171008    |
| train/                  |           |
|    approx_kl            | 0.0171141 |
|    clip_fraction        | 0.161     |
|    clip_range           | 0.2       |
|    entropy_loss         | -1.83     |
|    explained_variance   | 0.938     |
|    learning_rate        | 0.0001    |
|    loss                 | 0.0107    |
|    n_updates            | 3330      |
|    policy_gradient_loss | -0.0197   |
|    std                  | 0.469     |
|    value_loss           | 0.0707    |
---------------------------------------
[E2] ~1.4h remaining (28480 steps left @ 0.17s/step)
-----------------------------------------
| rollout/                |             |
|    ep_len_mean          | 8.07        |
|    ep_rew_mean          | 1           |
| time/                   |             |
|    eta_hours            | 1.35        |
|    fps                  | 6           |
|    iterations           | 335         |
|    sec_per_step         | 0.171       |
|    time_elapsed         | 26798       |
|    total_timesteps      | 171520      |
| train/                  |             |
|    approx_kl            | 0.014938397 |
|    clip_fraction        | 0.16        |
|    clip_range           | 0.2         |
|    entropy_loss         | -1.83       |
|    explained_variance   | 0.889       |
|    learning_rate        | 0.0001      |
|    loss                 | -0.0346     |
|    n_updates            | 3340        |
|    policy_gradient_loss | -0.0292     |
|    std                  | 0.469       |
|    value_loss           | 0.098       |
-----------------------------------------
[E2] ~1.3h remaining (27968 steps left @ 0.17s/step)
-----------------------------------------
| rollout/                |             |
|    ep_len_mean          | 8.02        |
|    ep_rew_mean          | 0.965       |
| time/                   |             |
|    eta_hours            | 1.3         |
|    fps                  | 6           |
|    iterations           | 336         |
|    sec_per_step         | 0.167       |
|    time_elapsed         | 26878       |
|    total_timesteps      | 172032      |
| train/                  |             |
|    approx_kl            | 0.019165797 |
|    clip_fraction        | 0.183       |
|    clip_range           | 0.2         |
|    entropy_loss         | -1.82       |
|    explained_variance   | 0.877       |
|    learning_rate        | 0.0001      |
|    loss                 | -0.0175     |
|    n_updates            | 3350        |
|    policy_gradient_loss | -0.0307     |
|    std                  | 0.469       |
|    value_loss           | 0.137       |
-----------------------------------------
[E2] ~1.2h remaining (27456 steps left @ 0.16s/step)
-----------------------------------------
| rollout/                |             |
|    ep_len_mean          | 8.26        |
|    ep_rew_mean          | 0.974       |
| time/                   |             |
|    eta_hours            | 1.25        |
|    fps                  | 6           |
|    iterations           | 337         |
|    sec_per_step         | 0.164       |
|    time_elapsed         | 26958       |
|    total_timesteps      | 172544      |
| train/                  |             |
|    approx_kl            | 0.016583864 |
|    clip_fraction        | 0.211       |
|    clip_range           | 0.2         |
|    entropy_loss         | -1.82       |
|    explained_variance   | 0.852       |
|    learning_rate        | 0.0001      |
|    loss                 | -0.00069    |
|    n_updates            | 3360        |
|    policy_gradient_loss | -0.0335     |
|    std                  | 0.469       |
|    value_loss           | 0.142       |
-----------------------------------------
[E2] ~1.2h remaining (26944 steps left @ 0.16s/step)
-----------------------------------------
| rollout/                |             |
|    ep_len_mean          | 8.46        |
|    ep_rew_mean          | 1           |
| time/                   |             |
|    eta_hours            | 1.21        |
|    fps                  | 6           |
|    iterations           | 338         |
|    sec_per_step         | 0.162       |
|    time_elapsed         | 27040       |
|    total_timesteps      | 173056      |
| train/                  |             |
|    approx_kl            | 0.013878895 |
|    clip_fraction        | 0.159       |
|    clip_range           | 0.2         |
|    entropy_loss         | -1.82       |
|    explained_variance   | 0.897       |
|    learning_rate        | 0.0001      |
|    loss                 | 0.0242      |
|    n_updates            | 3370        |
|    policy_gradient_loss | -0.0249     |
|    std                  | 0.467       |
|    value_loss           | 0.0957      |
-----------------------------------------
[E2] ~1.2h remaining (26432 steps left @ 0.16s/step)
-----------------------------------------
| rollout/                |             |
|    ep_len_mean          | 8.19        |
|    ep_rew_mean          | 0.986       |
| time/                   |             |
|    eta_hours            | 1.18        |
|    fps                  | 6           |
|    iterations           | 339         |
|    sec_per_step         | 0.161       |
|    time_elapsed         | 27120       |
|    total_timesteps      | 173568      |
| train/                  |             |
|    approx_kl            | 0.012649022 |
|    clip_fraction        | 0.146       |
|    clip_range           | 0.2         |
|    entropy_loss         | -1.8        |
|    explained_variance   | 0.936       |
|    learning_rate        | 0.0001      |
|    loss                 | -0.000383   |
|    n_updates            | 3380        |
|    policy_gradient_loss | -0.02       |
|    std                  | 0.465       |
|    value_loss           | 0.0651      |
-----------------------------------------
[E2] ~1.2h remaining (25920 steps left @ 0.16s/step)
-----------------------------------------
| rollout/                |             |
|    ep_len_mean          | 8.16        |
|    ep_rew_mean          | 0.971       |
| time/                   |             |
|    eta_hours            | 1.15        |
|    fps                  | 6           |
|    iterations           | 340         |
|    sec_per_step         | 0.16        |
|    time_elapsed         | 27202       |
|    total_timesteps      | 174080      |
| train/                  |             |
|    approx_kl            | 0.029135602 |
|    clip_fraction        | 0.257       |
|    clip_range           | 0.2         |
|    entropy_loss         | -1.79       |
|    explained_variance   | 0.853       |
|    learning_rate        | 0.0001      |
|    loss                 | 0.0171      |
|    n_updates            | 3390        |
|    policy_gradient_loss | -0.0341     |
|    std                  | 0.464       |
|    value_loss           | 0.136       |
-----------------------------------------
[E2] ~1.1h remaining (25408 steps left @ 0.16s/step)
-----------------------------------------
| rollout/                |             |
|    ep_len_mean          | 8.16        |
|    ep_rew_mean          | 0.972       |
| time/                   |             |
|    eta_hours            | 1.13        |
|    fps                  | 6           |
|    iterations           | 341         |
|    sec_per_step         | 0.16        |
|    time_elapsed         | 27283       |
|    total_timesteps      | 174592      |
| train/                  |             |
|    approx_kl            | 0.016203437 |
|    clip_fraction        | 0.149       |
|    clip_range           | 0.2         |
|    entropy_loss         | -1.78       |
|    explained_variance   | 0.879       |
|    learning_rate        | 0.0001      |
|    loss                 | 0.0447      |
|    n_updates            | 3400        |
|    policy_gradient_loss | -0.0219     |
|    std                  | 0.463       |
|    value_loss           | 0.13        |
-----------------------------------------
[E2] ~1.1h remaining (24896 steps left @ 0.16s/step)
-----------------------------------------
| rollout/                |             |
|    ep_len_mean          | 8.44        |
|    ep_rew_mean          | 1           |
| time/                   |             |
|    eta_hours            | 1.1         |
|    fps                  | 6           |
|    iterations           | 342         |
|    sec_per_step         | 0.159       |
|    time_elapsed         | 27364       |
|    total_timesteps      | 175104      |
| train/                  |             |
|    approx_kl            | 0.013133414 |
|    clip_fraction        | 0.189       |
|    clip_range           | 0.2         |
|    entropy_loss         | -1.78       |
|    explained_variance   | 0.902       |
|    learning_rate        | 0.0001      |
|    loss                 | -0.00516    |
|    n_updates            | 3410        |
|    policy_gradient_loss | -0.0291     |
|    std                  | 0.463       |
|    value_loss           | 0.0966      |
-----------------------------------------
[E2] ~1.1h remaining (24384 steps left @ 0.16s/step)
-----------------------------------------
| rollout/                |             |
|    ep_len_mean          | 8.37        |
|    ep_rew_mean          | 0.994       |
| time/                   |             |
|    eta_hours            | 1.08        |
|    fps                  | 6           |
|    iterations           | 343         |
|    sec_per_step         | 0.159       |
|    time_elapsed         | 27445       |
|    total_timesteps      | 175616      |
| train/                  |             |
|    approx_kl            | 0.016829543 |
|    clip_fraction        | 0.139       |
|    clip_range           | 0.2         |
|    entropy_loss         | -1.78       |
|    explained_variance   | 0.928       |
|    learning_rate        | 0.0001      |
|    loss                 | 0.0247      |
|    n_updates            | 3420        |
|    policy_gradient_loss | -0.0167     |
|    std                  | 0.462       |
|    value_loss           | 0.0812      |
-----------------------------------------
[E2] ~1.1h remaining (23872 steps left @ 0.16s/step)
-----------------------------------------
| rollout/                |             |
|    ep_len_mean          | 8.38        |
|    ep_rew_mean          | 1           |
| time/                   |             |
|    eta_hours            | 1.05        |
|    fps                  | 6           |
|    iterations           | 344         |
|    sec_per_step         | 0.159       |
|    time_elapsed         | 27526       |
|    total_timesteps      | 176128      |
| train/                  |             |
|    approx_kl            | 0.014844837 |
|    clip_fraction        | 0.172       |
|    clip_range           | 0.2         |
|    entropy_loss         | -1.77       |
|    explained_variance   | 0.876       |
|    learning_rate        | 0.0001      |
|    loss                 | 0.0223      |
|    n_updates            | 3430        |
|    policy_gradient_loss | -0.0242     |
|    std                  | 0.461       |
|    value_loss           | 0.138       |
-----------------------------------------
[E2] ~1.0h remaining (23360 steps left @ 0.16s/step)
-----------------------------------------
| rollout/                |             |
|    ep_len_mean          | 8.59        |
|    ep_rew_mean          | 0.985       |
| time/                   |             |
|    eta_hours            | 1.02        |
|    fps                  | 6           |
|    iterations           | 345         |
|    sec_per_step         | 0.157       |
|    time_elapsed         | 27604       |
|    total_timesteps      | 176640      |
| train/                  |             |
|    approx_kl            | 0.015073628 |
|    clip_fraction        | 0.161       |
|    clip_range           | 0.2         |
|    entropy_loss         | -1.76       |
|    explained_variance   | 0.937       |
|    learning_rate        | 0.0001      |
|    loss                 | 0.012       |
|    n_updates            | 3440        |
|    policy_gradient_loss | -0.022      |
|    std                  | 0.46        |
|    value_loss           | 0.0652      |
-----------------------------------------
[E2] ~1.0h remaining (22848 steps left @ 0.16s/step)
----------------------------------------
| rollout/                |            |
|    ep_len_mean          | 8.68       |
|    ep_rew_mean          | 0.975      |
| time/                   |            |
|    eta_hours            | 0.995      |
|    fps                  | 6          |
|    iterations           | 346        |
|    sec_per_step         | 0.157      |
|    time_elapsed         | 27684      |
|    total_timesteps      | 177152     |
| train/                  |            |
|    approx_kl            | 0.01346361 |
|    clip_fraction        | 0.165      |
|    clip_range           | 0.2        |
|    entropy_loss         | -1.76      |
|    explained_variance   | 0.927      |
|    learning_rate        | 0.0001     |
|    loss                 | -0.00859   |
|    n_updates            | 3450       |
|    policy_gradient_loss | -0.0275    |
|    std                  | 0.46       |
|    value_loss           | 0.0737     |
----------------------------------------
[E2] ~1.0h remaining (22336 steps left @ 0.16s/step)
-----------------------------------------
| rollout/                |             |
|    ep_len_mean          | 8.66        |
|    ep_rew_mean          | 1           |
| time/                   |             |
|    eta_hours            | 0.975       |
|    fps                  | 6           |
|    iterations           | 347         |
|    sec_per_step         | 0.157       |
|    time_elapsed         | 27765       |
|    total_timesteps      | 177664      |
| train/                  |             |
|    approx_kl            | 0.017477475 |
|    clip_fraction        | 0.204       |
|    clip_range           | 0.2         |
|    entropy_loss         | -1.76       |
|    explained_variance   | 0.818       |
|    learning_rate        | 0.0001      |
|    loss                 | 0.0448      |
|    n_updates            | 3460        |
|    policy_gradient_loss | -0.0271     |
|    std                  | 0.459       |
|    value_loss           | 0.166       |
-----------------------------------------
[E2] ~1.0h remaining (21824 steps left @ 0.16s/step)
----------------------------------------
| rollout/                |            |
|    ep_len_mean          | 8.62       |
|    ep_rew_mean          | 0.996      |
| time/                   |            |
|    eta_hours            | 0.952      |
|    fps                  | 6          |
|    iterations           | 348        |
|    sec_per_step         | 0.157      |
|    time_elapsed         | 27845      |
|    total_timesteps      | 178176     |
| train/                  |            |
|    approx_kl            | 0.01214303 |
|    clip_fraction        | 0.117      |
|    clip_range           | 0.2        |
|    entropy_loss         | -1.75      |
|    explained_variance   | 0.868      |
|    learning_rate        | 0.0001     |
|    loss                 | 0.0141     |
|    n_updates            | 3470       |
|    policy_gradient_loss | -0.0224    |
|    std                  | 0.458      |
|    value_loss           | 0.114      |
----------------------------------------
[E2] ~0.9h remaining (21312 steps left @ 0.16s/step)
-----------------------------------------
| rollout/                |             |
|    ep_len_mean          | 8.37        |
|    ep_rew_mean          | 1.03        |
| time/                   |             |
|    eta_hours            | 0.927       |
|    fps                  | 6           |
|    iterations           | 349         |
|    sec_per_step         | 0.157       |
|    time_elapsed         | 27925       |
|    total_timesteps      | 178688      |
| train/                  |             |
|    approx_kl            | 0.015691897 |
|    clip_fraction        | 0.168       |
|    clip_range           | 0.2         |
|    entropy_loss         | -1.75       |
|    explained_variance   | 0.897       |
|    learning_rate        | 0.0001      |
|    loss                 | -0.0054     |
|    n_updates            | 3480        |
|    policy_gradient_loss | -0.024      |
|    std                  | 0.458       |
|    value_loss           | 0.105       |
-----------------------------------------
[E2] ~0.9h remaining (20800 steps left @ 0.16s/step)
-----------------------------------------
| rollout/                |             |
|    ep_len_mean          | 8.42        |
|    ep_rew_mean          | 1.02        |
| time/                   |             |
|    eta_hours            | 0.906       |
|    fps                  | 6           |
|    iterations           | 350         |
|    sec_per_step         | 0.157       |
|    time_elapsed         | 28006       |
|    total_timesteps      | 179200      |
| train/                  |             |
|    approx_kl            | 0.012172818 |
|    clip_fraction        | 0.135       |
|    clip_range           | 0.2         |
|    entropy_loss         | -1.74       |
|    explained_variance   | 0.928       |
|    learning_rate        | 0.0001      |
|    loss                 | 0.00487     |
|    n_updates            | 3490        |
|    policy_gradient_loss | -0.0227     |
|    std                  | 0.456       |
|    value_loss           | 0.0737      |
-----------------------------------------
[E2] ~0.9h remaining (20288 steps left @ 0.16s/step)
-----------------------------------------
| rollout/                |             |
|    ep_len_mean          | 8.37        |
|    ep_rew_mean          | 0.995       |
| time/                   |             |
|    eta_hours            | 0.887       |
|    fps                  | 6           |
|    iterations           | 351         |
|    sec_per_step         | 0.157       |
|    time_elapsed         | 28087       |
|    total_timesteps      | 179712      |
| train/                  |             |
|    approx_kl            | 0.014751023 |
|    clip_fraction        | 0.143       |
|    clip_range           | 0.2         |
|    entropy_loss         | -1.73       |
|    explained_variance   | 0.909       |
|    learning_rate        | 0.0001      |
|    loss                 | -0.0334     |
|    n_updates            | 3500        |
|    policy_gradient_loss | -0.0249     |
|    std                  | 0.456       |
|    value_loss           | 0.0981      |
-----------------------------------------
[E2 eval @ step 180000]  MAPE=7.98%  p90=10.32%  success(<5%)=3.3%  mean_scan_time=233.0s
[E2] ~1.0h remaining (19776 steps left @ 0.18s/step)
-----------------------------------------
| rollout/                |             |
|    ep_len_mean          | 8.58        |
|    ep_rew_mean          | 1.01        |
| time/                   |             |
|    eta_hours            | 1.01        |
|    fps                  | 6           |
|    iterations           | 352         |
|    sec_per_step         | 0.184       |
|    time_elapsed         | 28213       |
|    total_timesteps      | 180224      |
| train/                  |             |
|    approx_kl            | 0.011687594 |
|    clip_fraction        | 0.148       |
|    clip_range           | 0.2         |
|    entropy_loss         | -1.73       |
|    explained_variance   | 0.898       |
|    learning_rate        | 0.0001      |
|    loss                 | -0.0223     |
|    n_updates            | 3510        |
|    policy_gradient_loss | -0.0207     |
|    std                  | 0.455       |
|    value_loss           | 0.1         |
-----------------------------------------
[E2] ~0.9h remaining (19264 steps left @ 0.18s/step)
-----------------------------------------
| rollout/                |             |
|    ep_len_mean          | 8.53        |
|    ep_rew_mean          | 1.01        |
| time/                   |             |
|    eta_hours            | 0.939       |
|    fps                  | 6           |
|    iterations           | 353         |
|    sec_per_step         | 0.175       |
|    time_elapsed         | 28292       |
|    total_timesteps      | 180736      |
| train/                  |             |
|    approx_kl            | 0.028491205 |
|    clip_fraction        | 0.253       |
|    clip_range           | 0.2         |
|    entropy_loss         | -1.72       |
|    explained_variance   | 0.927       |
|    learning_rate        | 0.0001      |
|    loss                 | -0.0288     |
|    n_updates            | 3520        |
|    policy_gradient_loss | -0.0277     |
|    std                  | 0.454       |
|    value_loss           | 0.0806      |
-----------------------------------------
[E2] ~0.9h remaining (18752 steps left @ 0.17s/step)
-----------------------------------------
| rollout/                |             |
|    ep_len_mean          | 8.41        |
|    ep_rew_mean          | 1.03        |
| time/                   |             |
|    eta_hours            | 0.88        |
|    fps                  | 6           |
|    iterations           | 354         |
|    sec_per_step         | 0.169       |
|    time_elapsed         | 28371       |
|    total_timesteps      | 181248      |
| train/                  |             |
|    approx_kl            | 0.019520715 |
|    clip_fraction        | 0.2         |
|    clip_range           | 0.2         |
|    entropy_loss         | -1.72       |
|    explained_variance   | 0.927       |
|    learning_rate        | 0.0001      |
|    loss                 | -0.0216     |
|    n_updates            | 3530        |
|    policy_gradient_loss | -0.0262     |
|    std                  | 0.453       |
|    value_loss           | 0.0743      |
-----------------------------------------
[E2] ~0.8h remaining (18240 steps left @ 0.17s/step)
-----------------------------------------
| rollout/                |             |
|    ep_len_mean          | 8.63        |
|    ep_rew_mean          | 1.07        |
| time/                   |             |
|    eta_hours            | 0.837       |
|    fps                  | 6           |
|    iterations           | 355         |
|    sec_per_step         | 0.165       |
|    time_elapsed         | 28451       |
|    total_timesteps      | 181760      |
| train/                  |             |
|    approx_kl            | 0.014566431 |
|    clip_fraction        | 0.2         |
|    clip_range           | 0.2         |
|    entropy_loss         | -1.71       |
|    explained_variance   | 0.925       |
|    learning_rate        | 0.0001      |
|    loss                 | -0.0186     |
|    n_updates            | 3540        |
|    policy_gradient_loss | -0.0219     |
|    std                  | 0.453       |
|    value_loss           | 0.0845      |
-----------------------------------------
[E2] ~0.8h remaining (17728 steps left @ 0.16s/step)
----------------------------------------
| rollout/                |            |
|    ep_len_mean          | 8.55       |
|    ep_rew_mean          | 1.04       |
| time/                   |            |
|    eta_hours            | 0.802      |
|    fps                  | 6          |
|    iterations           | 356        |
|    sec_per_step         | 0.163      |
|    time_elapsed         | 28532      |
|    total_timesteps      | 182272     |
| train/                  |            |
|    approx_kl            | 0.01245342 |
|    clip_fraction        | 0.144      |
|    clip_range           | 0.2        |
|    entropy_loss         | -1.71      |
|    explained_variance   | 0.946      |
|    learning_rate        | 0.0001     |
|    loss                 | -0.0268    |
|    n_updates            | 3550       |
|    policy_gradient_loss | -0.0229    |
|    std                  | 0.453      |
|    value_loss           | 0.0615     |
----------------------------------------
[E2] ~0.8h remaining (17216 steps left @ 0.16s/step)
-----------------------------------------
| rollout/                |             |
|    ep_len_mean          | 8.37        |
|    ep_rew_mean          | 1.02        |
| time/                   |             |
|    eta_hours            | 0.774       |
|    fps                  | 6           |
|    iterations           | 357         |
|    sec_per_step         | 0.162       |
|    time_elapsed         | 28613       |
|    total_timesteps      | 182784      |
| train/                  |             |
|    approx_kl            | 0.012822956 |
|    clip_fraction        | 0.15        |
|    clip_range           | 0.2         |
|    entropy_loss         | -1.7        |
|    explained_variance   | 0.927       |
|    learning_rate        | 0.0001      |
|    loss                 | -0.0158     |
|    n_updates            | 3560        |
|    policy_gradient_loss | -0.0256     |
|    std                  | 0.452       |
|    value_loss           | 0.0768      |
-----------------------------------------
[E2] ~0.7h remaining (16704 steps left @ 0.16s/step)
-----------------------------------------
| rollout/                |             |
|    ep_len_mean          | 8.23        |
|    ep_rew_mean          | 1.03        |
| time/                   |             |
|    eta_hours            | 0.743       |
|    fps                  | 6           |
|    iterations           | 358         |
|    sec_per_step         | 0.16        |
|    time_elapsed         | 28693       |
|    total_timesteps      | 183296      |
| train/                  |             |
|    approx_kl            | 0.015817374 |
|    clip_fraction        | 0.219       |
|    clip_range           | 0.2         |
|    entropy_loss         | -1.7        |
|    explained_variance   | 0.94        |
|    learning_rate        | 0.0001      |
|    loss                 | -0.0252     |
|    n_updates            | 3570        |
|    policy_gradient_loss | -0.0213     |
|    std                  | 0.452       |
|    value_loss           | 0.0683      |
-----------------------------------------
[E2] ~0.7h remaining (16192 steps left @ 0.16s/step)
-----------------------------------------
| rollout/                |             |
|    ep_len_mean          | 8.42        |
|    ep_rew_mean          | 1.03        |
| time/                   |             |
|    eta_hours            | 0.712       |
|    fps                  | 6           |
|    iterations           | 359         |
|    sec_per_step         | 0.158       |
|    time_elapsed         | 28772       |
|    total_timesteps      | 183808      |
| train/                  |             |
|    approx_kl            | 0.016296169 |
|    clip_fraction        | 0.15        |
|    clip_range           | 0.2         |
|    entropy_loss         | -1.69       |
|    explained_variance   | 0.938       |
|    learning_rate        | 0.0001      |
|    loss                 | 0.0163      |
|    n_updates            | 3580        |
|    policy_gradient_loss | -0.0188     |
|    std                  | 0.45        |
|    value_loss           | 0.0728      |
-----------------------------------------
[E2] ~0.7h remaining (15680 steps left @ 0.16s/step)
-----------------------------------------
| rollout/                |             |
|    ep_len_mean          | 8.36        |
|    ep_rew_mean          | 1           |
| time/                   |             |
|    eta_hours            | 0.684       |
|    fps                  | 6           |
|    iterations           | 360         |
|    sec_per_step         | 0.157       |
|    time_elapsed         | 28851       |
|    total_timesteps      | 184320      |
| train/                  |             |
|    approx_kl            | 0.010805249 |
|    clip_fraction        | 0.101       |
|    clip_range           | 0.2         |
|    entropy_loss         | -1.68       |
|    explained_variance   | 0.938       |
|    learning_rate        | 0.0001      |
|    loss                 | -0.00753    |
|    n_updates            | 3590        |
|    policy_gradient_loss | -0.0185     |
|    std                  | 0.449       |
|    value_loss           | 0.0692      |
-----------------------------------------
[E2] ~0.7h remaining (15168 steps left @ 0.16s/step)
-----------------------------------------
| rollout/                |             |
|    ep_len_mean          | 8.38        |
|    ep_rew_mean          | 1           |
| time/                   |             |
|    eta_hours            | 0.659       |
|    fps                  | 6           |
|    iterations           | 361         |
|    sec_per_step         | 0.156       |
|    time_elapsed         | 28931       |
|    total_timesteps      | 184832      |
| train/                  |             |
|    approx_kl            | 0.022998665 |
|    clip_fraction        | 0.201       |
|    clip_range           | 0.2         |
|    entropy_loss         | -1.67       |
|    explained_variance   | 0.876       |
|    learning_rate        | 0.0001      |
|    loss                 | 0.0155      |
|    n_updates            | 3600        |
|    policy_gradient_loss | -0.0242     |
|    std                  | 0.448       |
|    value_loss           | 0.13        |
-----------------------------------------
[E2] ~0.6h remaining (14656 steps left @ 0.16s/step)
-----------------------------------------
| rollout/                |             |
|    ep_len_mean          | 8.3         |
|    ep_rew_mean          | 1.01        |
| time/                   |             |
|    eta_hours            | 0.637       |
|    fps                  | 6           |
|    iterations           | 362         |
|    sec_per_step         | 0.156       |
|    time_elapsed         | 29011       |
|    total_timesteps      | 185344      |
| train/                  |             |
|    approx_kl            | 0.012672322 |
|    clip_fraction        | 0.134       |
|    clip_range           | 0.2         |
|    entropy_loss         | -1.67       |
|    explained_variance   | 0.91        |
|    learning_rate        | 0.0001      |
|    loss                 | -0.0152     |
|    n_updates            | 3610        |
|    policy_gradient_loss | -0.0216     |
|    std                  | 0.447       |
|    value_loss           | 0.1         |
-----------------------------------------
[E2] ~0.6h remaining (14144 steps left @ 0.16s/step)
-----------------------------------------
| rollout/                |             |
|    ep_len_mean          | 8.35        |
|    ep_rew_mean          | 1.02        |
| time/                   |             |
|    eta_hours            | 0.615       |
|    fps                  | 6           |
|    iterations           | 363         |
|    sec_per_step         | 0.157       |
|    time_elapsed         | 29091       |
|    total_timesteps      | 185856      |
| train/                  |             |
|    approx_kl            | 0.014840458 |
|    clip_fraction        | 0.155       |
|    clip_range           | 0.2         |
|    entropy_loss         | -1.66       |
|    explained_variance   | 0.913       |
|    learning_rate        | 0.0001      |
|    loss                 | 0.00119     |
|    n_updates            | 3620        |
|    policy_gradient_loss | -0.0242     |
|    std                  | 0.446       |
|    value_loss           | 0.0942      |
-----------------------------------------
[E2] ~0.6h remaining (13632 steps left @ 0.16s/step)
-----------------------------------------
| rollout/                |             |
|    ep_len_mean          | 8.09        |
|    ep_rew_mean          | 1.01        |
| time/                   |             |
|    eta_hours            | 0.596       |
|    fps                  | 6           |
|    iterations           | 364         |
|    sec_per_step         | 0.157       |
|    time_elapsed         | 29173       |
|    total_timesteps      | 186368      |
| train/                  |             |
|    approx_kl            | 0.014446782 |
|    clip_fraction        | 0.144       |
|    clip_range           | 0.2         |
|    entropy_loss         | -1.66       |
|    explained_variance   | 0.913       |
|    learning_rate        | 0.0001      |
|    loss                 | 0.0471      |
|    n_updates            | 3630        |
|    policy_gradient_loss | -0.0228     |
|    std                  | 0.447       |
|    value_loss           | 0.0974      |
-----------------------------------------
[E2] ~0.6h remaining (13120 steps left @ 0.16s/step)
-----------------------------------------
| rollout/                |             |
|    ep_len_mean          | 8.1         |
|    ep_rew_mean          | 1.01        |
| time/                   |             |
|    eta_hours            | 0.573       |
|    fps                  | 6           |
|    iterations           | 365         |
|    sec_per_step         | 0.157       |
|    time_elapsed         | 29253       |
|    total_timesteps      | 186880      |
| train/                  |             |
|    approx_kl            | 0.019109134 |
|    clip_fraction        | 0.198       |
|    clip_range           | 0.2         |
|    entropy_loss         | -1.65       |
|    explained_variance   | 0.897       |
|    learning_rate        | 0.0001      |
|    loss                 | 0.00991     |
|    n_updates            | 3640        |
|    policy_gradient_loss | -0.0281     |
|    std                  | 0.446       |
|    value_loss           | 0.113       |
-----------------------------------------
[E2] ~0.6h remaining (12608 steps left @ 0.16s/step)
-----------------------------------------
| rollout/                |             |
|    ep_len_mean          | 8.04        |
|    ep_rew_mean          | 1.03        |
| time/                   |             |
|    eta_hours            | 0.55        |
|    fps                  | 6           |
|    iterations           | 366         |
|    sec_per_step         | 0.157       |
|    time_elapsed         | 29333       |
|    total_timesteps      | 187392      |
| train/                  |             |
|    approx_kl            | 0.011754417 |
|    clip_fraction        | 0.171       |
|    clip_range           | 0.2         |
|    entropy_loss         | -1.65       |
|    explained_variance   | 0.888       |
|    learning_rate        | 0.0001      |
|    loss                 | 0.00801     |
|    n_updates            | 3650        |
|    policy_gradient_loss | -0.0165     |
|    std                  | 0.446       |
|    value_loss           | 0.118       |
-----------------------------------------
[E2] ~0.5h remaining (12096 steps left @ 0.16s/step)
-----------------------------------------
| rollout/                |             |
|    ep_len_mean          | 8.12        |
|    ep_rew_mean          | 1.01        |
| time/                   |             |
|    eta_hours            | 0.528       |
|    fps                  | 6           |
|    iterations           | 367         |
|    sec_per_step         | 0.157       |
|    time_elapsed         | 29414       |
|    total_timesteps      | 187904      |
| train/                  |             |
|    approx_kl            | 0.017541086 |
|    clip_fraction        | 0.206       |
|    clip_range           | 0.2         |
|    entropy_loss         | -1.65       |
|    explained_variance   | 0.917       |
|    learning_rate        | 0.0001      |
|    loss                 | 0.0167      |
|    n_updates            | 3660        |
|    policy_gradient_loss | -0.0204     |
|    std                  | 0.445       |
|    value_loss           | 0.0951      |
-----------------------------------------
[E2] ~0.5h remaining (11584 steps left @ 0.16s/step)
-----------------------------------------
| rollout/                |             |
|    ep_len_mean          | 8.33        |
|    ep_rew_mean          | 1.03        |
| time/                   |             |
|    eta_hours            | 0.507       |
|    fps                  | 6           |
|    iterations           | 368         |
|    sec_per_step         | 0.157       |
|    time_elapsed         | 29495       |
|    total_timesteps      | 188416      |
| train/                  |             |
|    approx_kl            | 0.014159694 |
|    clip_fraction        | 0.121       |
|    clip_range           | 0.2         |
|    entropy_loss         | -1.64       |
|    explained_variance   | 0.942       |
|    learning_rate        | 0.0001      |
|    loss                 | -0.0233     |
|    n_updates            | 3670        |
|    policy_gradient_loss | -0.0193     |
|    std                  | 0.445       |
|    value_loss           | 0.0648      |
-----------------------------------------
[E2] ~0.5h remaining (11072 steps left @ 0.16s/step)
-----------------------------------------
| rollout/                |             |
|    ep_len_mean          | 8.38        |
|    ep_rew_mean          | 1.01        |
| time/                   |             |
|    eta_hours            | 0.484       |
|    fps                  | 6           |
|    iterations           | 369         |
|    sec_per_step         | 0.157       |
|    time_elapsed         | 29575       |
|    total_timesteps      | 188928      |
| train/                  |             |
|    approx_kl            | 0.011146405 |
|    clip_fraction        | 0.134       |
|    clip_range           | 0.2         |
|    entropy_loss         | -1.64       |
|    explained_variance   | 0.918       |
|    learning_rate        | 0.0001      |
|    loss                 | -0.0131     |
|    n_updates            | 3680        |
|    policy_gradient_loss | -0.0226     |
|    std                  | 0.444       |
|    value_loss           | 0.0921      |
-----------------------------------------
[E2] ~0.5h remaining (10560 steps left @ 0.16s/step)
-----------------------------------------
| rollout/                |             |
|    ep_len_mean          | 8.31        |
|    ep_rew_mean          | 0.973       |
| time/                   |             |
|    eta_hours            | 0.461       |
|    fps                  | 6           |
|    iterations           | 370         |
|    sec_per_step         | 0.157       |
|    time_elapsed         | 29655       |
|    total_timesteps      | 189440      |
| train/                  |             |
|    approx_kl            | 0.018744301 |
|    clip_fraction        | 0.24        |
|    clip_range           | 0.2         |
|    entropy_loss         | -1.63       |
|    explained_variance   | 0.875       |
|    learning_rate        | 0.0001      |
|    loss                 | -0.00242    |
|    n_updates            | 3690        |
|    policy_gradient_loss | -0.033      |
|    std                  | 0.443       |
|    value_loss           | 0.116       |
-----------------------------------------
[E2] ~0.4h remaining (10048 steps left @ 0.16s/step)
-----------------------------------------
| rollout/                |             |
|    ep_len_mean          | 8.33        |
|    ep_rew_mean          | 0.984       |
| time/                   |             |
|    eta_hours            | 0.437       |
|    fps                  | 6           |
|    iterations           | 371         |
|    sec_per_step         | 0.157       |
|    time_elapsed         | 29735       |
|    total_timesteps      | 189952      |
| train/                  |             |
|    approx_kl            | 0.013103195 |
|    clip_fraction        | 0.163       |
|    clip_range           | 0.2         |
|    entropy_loss         | -1.63       |
|    explained_variance   | 0.821       |
|    learning_rate        | 0.0001      |
|    loss                 | 0.0509      |
|    n_updates            | 3700        |
|    policy_gradient_loss | -0.0213     |
|    std                  | 0.445       |
|    value_loss           | 0.173       |
-----------------------------------------
[E2 eval @ step 190000]  MAPE=7.52%  p90=9.79%  success(<5%)=0.0%  mean_scan_time=231.8s
[E2] ~0.5h remaining (9536 steps left @ 0.18s/step)
-----------------------------------------
| rollout/                |             |
|    ep_len_mean          | 8.36        |
|    ep_rew_mean          | 1.02        |
| time/                   |             |
|    eta_hours            | 0.485       |
|    fps                  | 6           |
|    iterations           | 372         |
|    sec_per_step         | 0.183       |
|    time_elapsed         | 29860       |
|    total_timesteps      | 190464      |
| train/                  |             |
|    approx_kl            | 0.018960476 |
|    clip_fraction        | 0.227       |
|    clip_range           | 0.2         |
|    entropy_loss         | -1.63       |
|    explained_variance   | 0.905       |
|    learning_rate        | 0.0001      |
|    loss                 | 0.00222     |
|    n_updates            | 3710        |
|    policy_gradient_loss | -0.0273     |
|    std                  | 0.445       |
|    value_loss           | 0.0964      |
-----------------------------------------
[E2] ~0.4h remaining (9024 steps left @ 0.18s/step)
-----------------------------------------
| rollout/                |             |
|    ep_len_mean          | 8.26        |
|    ep_rew_mean          | 0.993       |
| time/                   |             |
|    eta_hours            | 0.441       |
|    fps                  | 6           |
|    iterations           | 373         |
|    sec_per_step         | 0.176       |
|    time_elapsed         | 29941       |
|    total_timesteps      | 190976      |
| train/                  |             |
|    approx_kl            | 0.012289008 |
|    clip_fraction        | 0.157       |
|    clip_range           | 0.2         |
|    entropy_loss         | -1.63       |
|    explained_variance   | 0.916       |
|    learning_rate        | 0.0001      |
|    loss                 | 0.0173      |
|    n_updates            | 3720        |
|    policy_gradient_loss | -0.0236     |
|    std                  | 0.444       |
|    value_loss           | 0.084       |
-----------------------------------------
[E2] ~0.4h remaining (8512 steps left @ 0.17s/step)
-----------------------------------------
| rollout/                |             |
|    ep_len_mean          | 8.29        |
|    ep_rew_mean          | 1.01        |
| time/                   |             |
|    eta_hours            | 0.402       |
|    fps                  | 6           |
|    iterations           | 374         |
|    sec_per_step         | 0.17        |
|    time_elapsed         | 30022       |
|    total_timesteps      | 191488      |
| train/                  |             |
|    approx_kl            | 0.027631178 |
|    clip_fraction        | 0.231       |
|    clip_range           | 0.2         |
|    entropy_loss         | -1.62       |
|    explained_variance   | 0.882       |
|    learning_rate        | 0.0001      |
|    loss                 | 0.0163      |
|    n_updates            | 3730        |
|    policy_gradient_loss | -0.0329     |
|    std                  | 0.444       |
|    value_loss           | 0.116       |
-----------------------------------------
[E2] ~0.4h remaining (8000 steps left @ 0.17s/step)
------------------------------------------
| rollout/                |              |
|    ep_len_mean          | 8.35         |
|    ep_rew_mean          | 1.02         |
| time/                   |              |
|    eta_hours            | 0.369        |
|    fps                  | 6            |
|    iterations           | 375          |
|    sec_per_step         | 0.166        |
|    time_elapsed         | 30102        |
|    total_timesteps      | 192000       |
| train/                  |              |
|    approx_kl            | 0.0096128415 |
|    clip_fraction        | 0.123        |
|    clip_range           | 0.2          |
|    entropy_loss         | -1.62        |
|    explained_variance   | 0.929        |
|    learning_rate        | 0.0001       |
|    loss                 | -0.0174      |
|    n_updates            | 3740         |
|    policy_gradient_loss | -0.0202      |
|    std                  | 0.442        |
|    value_loss           | 0.0738       |
------------------------------------------
[E2] ~0.3h remaining (7488 steps left @ 0.16s/step)
-----------------------------------------
| rollout/                |             |
|    ep_len_mean          | 8.6         |
|    ep_rew_mean          | 1.01        |
| time/                   |             |
|    eta_hours            | 0.339       |
|    fps                  | 6           |
|    iterations           | 376         |
|    sec_per_step         | 0.163       |
|    time_elapsed         | 30182       |
|    total_timesteps      | 192512      |
| train/                  |             |
|    approx_kl            | 0.022130879 |
|    clip_fraction        | 0.235       |
|    clip_range           | 0.2         |
|    entropy_loss         | -1.61       |
|    explained_variance   | 0.932       |
|    learning_rate        | 0.0001      |
|    loss                 | -0.0073     |
|    n_updates            | 3750        |
|    policy_gradient_loss | -0.0319     |
|    std                  | 0.442       |
|    value_loss           | 0.0646      |
-----------------------------------------
[E2] ~0.3h remaining (6976 steps left @ 0.16s/step)
------------------------------------------
| rollout/                |              |
|    ep_len_mean          | 8.75         |
|    ep_rew_mean          | 1.04         |
| time/                   |              |
|    eta_hours            | 0.312        |
|    fps                  | 6            |
|    iterations           | 377          |
|    sec_per_step         | 0.161        |
|    time_elapsed         | 30262        |
|    total_timesteps      | 193024       |
| train/                  |              |
|    approx_kl            | 0.0110565685 |
|    clip_fraction        | 0.13         |
|    clip_range           | 0.2          |
|    entropy_loss         | -1.61        |
|    explained_variance   | 0.934        |
|    learning_rate        | 0.0001       |
|    loss                 | 0.0229       |
|    n_updates            | 3760         |
|    policy_gradient_loss | -0.0195      |
|    std                  | 0.441        |
|    value_loss           | 0.0678       |
------------------------------------------
[E2] ~0.3h remaining (6464 steps left @ 0.16s/step)
-----------------------------------------
| rollout/                |             |
|    ep_len_mean          | 8.46        |
|    ep_rew_mean          | 1.03        |
| time/                   |             |
|    eta_hours            | 0.287       |
|    fps                  | 6           |
|    iterations           | 378         |
|    sec_per_step         | 0.16        |
|    time_elapsed         | 30343       |
|    total_timesteps      | 193536      |
| train/                  |             |
|    approx_kl            | 0.016196884 |
|    clip_fraction        | 0.208       |
|    clip_range           | 0.2         |
|    entropy_loss         | -1.6        |
|    explained_variance   | 0.945       |
|    learning_rate        | 0.0001      |
|    loss                 | -0.00662    |
|    n_updates            | 3770        |
|    policy_gradient_loss | -0.0291     |
|    std                  | 0.441       |
|    value_loss           | 0.0635      |
-----------------------------------------
[E2] ~0.3h remaining (5952 steps left @ 0.16s/step)
-----------------------------------------
| rollout/                |             |
|    ep_len_mean          | 8.2         |
|    ep_rew_mean          | 1.03        |
| time/                   |             |
|    eta_hours            | 0.262       |
|    fps                  | 6           |
|    iterations           | 379         |
|    sec_per_step         | 0.159       |
|    time_elapsed         | 30422       |
|    total_timesteps      | 194048      |
| train/                  |             |
|    approx_kl            | 0.011615934 |
|    clip_fraction        | 0.14        |
|    clip_range           | 0.2         |
|    entropy_loss         | -1.6        |
|    explained_variance   | 0.884       |
|    learning_rate        | 0.0001      |
|    loss                 | -0.00888    |
|    n_updates            | 3780        |
|    policy_gradient_loss | -0.0209     |
|    std                  | 0.441       |
|    value_loss           | 0.132       |
-----------------------------------------
[E2] ~0.2h remaining (5440 steps left @ 0.16s/step)
----------------------------------------
| rollout/                |            |
|    ep_len_mean          | 8.54       |
|    ep_rew_mean          | 1.04       |
| time/                   |            |
|    eta_hours            | 0.239      |
|    fps                  | 6          |
|    iterations           | 380        |
|    sec_per_step         | 0.158      |
|    time_elapsed         | 30503      |
|    total_timesteps      | 194560     |
| train/                  |            |
|    approx_kl            | 0.01678211 |
|    clip_fraction        | 0.193      |
|    clip_range           | 0.2        |
|    entropy_loss         | -1.59      |
|    explained_variance   | 0.941      |
|    learning_rate        | 0.0001     |
|    loss                 | 0.00655    |
|    n_updates            | 3790       |
|    policy_gradient_loss | -0.0248    |
|    std                  | 0.44       |
|    value_loss           | 0.0593     |
----------------------------------------
[E2] ~0.2h remaining (4928 steps left @ 0.16s/step)
----------------------------------------
| rollout/                |            |
|    ep_len_mean          | 8.59       |
|    ep_rew_mean          | 1.04       |
| time/                   |            |
|    eta_hours            | 0.216      |
|    fps                  | 6          |
|    iterations           | 381        |
|    sec_per_step         | 0.158      |
|    time_elapsed         | 30583      |
|    total_timesteps      | 195072     |
| train/                  |            |
|    approx_kl            | 0.01763265 |
|    clip_fraction        | 0.192      |
|    clip_range           | 0.2        |
|    entropy_loss         | -1.59      |
|    explained_variance   | 0.938      |
|    learning_rate        | 0.0001     |
|    loss                 | -0.00234   |
|    n_updates            | 3800       |
|    policy_gradient_loss | -0.028     |
|    std                  | 0.44       |
|    value_loss           | 0.0618     |
----------------------------------------
[E2] ~0.2h remaining (4416 steps left @ 0.16s/step)
-----------------------------------------
| rollout/                |             |
|    ep_len_mean          | 8.52        |
|    ep_rew_mean          | 1.03        |
| time/                   |             |
|    eta_hours            | 0.193       |
|    fps                  | 6           |
|    iterations           | 382         |
|    sec_per_step         | 0.158       |
|    time_elapsed         | 30663       |
|    total_timesteps      | 195584      |
| train/                  |             |
|    approx_kl            | 0.022640254 |
|    clip_fraction        | 0.255       |
|    clip_range           | 0.2         |
|    entropy_loss         | -1.58       |
|    explained_variance   | 0.931       |
|    learning_rate        | 0.0001      |
|    loss                 | -0.0377     |
|    n_updates            | 3810        |
|    policy_gradient_loss | -0.0254     |
|    std                  | 0.439       |
|    value_loss           | 0.079       |
-----------------------------------------
[E2] ~0.2h remaining (3904 steps left @ 0.16s/step)
-----------------------------------------
| rollout/                |             |
|    ep_len_mean          | 8.63        |
|    ep_rew_mean          | 1.07        |
| time/                   |             |
|    eta_hours            | 0.171       |
|    fps                  | 6           |
|    iterations           | 383         |
|    sec_per_step         | 0.158       |
|    time_elapsed         | 30744       |
|    total_timesteps      | 196096      |
| train/                  |             |
|    approx_kl            | 0.020168845 |
|    clip_fraction        | 0.176       |
|    clip_range           | 0.2         |
|    entropy_loss         | -1.58       |
|    explained_variance   | 0.884       |
|    learning_rate        | 0.0001      |
|    loss                 | 0.0199      |
|    n_updates            | 3820        |
|    policy_gradient_loss | -0.0248     |
|    std                  | 0.439       |
|    value_loss           | 0.131       |
-----------------------------------------
[E2] ~0.1h remaining (3392 steps left @ 0.16s/step)
-----------------------------------------
| rollout/                |             |
|    ep_len_mean          | 8.76        |
|    ep_rew_mean          | 1.04        |
| time/                   |             |
|    eta_hours            | 0.148       |
|    fps                  | 6           |
|    iterations           | 384         |
|    sec_per_step         | 0.157       |
|    time_elapsed         | 30824       |
|    total_timesteps      | 196608      |
| train/                  |             |
|    approx_kl            | 0.014252299 |
|    clip_fraction        | 0.161       |
|    clip_range           | 0.2         |
|    entropy_loss         | -1.57       |
|    explained_variance   | 0.926       |
|    learning_rate        | 0.0001      |
|    loss                 | 0.0104      |
|    n_updates            | 3830        |
|    policy_gradient_loss | -0.0211     |
|    std                  | 0.439       |
|    value_loss           | 0.0749      |
-----------------------------------------
[E2] ~0.1h remaining (2880 steps left @ 0.16s/step)
-----------------------------------------
| rollout/                |             |
|    ep_len_mean          | 8.54        |
|    ep_rew_mean          | 1.04        |
| time/                   |             |
|    eta_hours            | 0.126       |
|    fps                  | 6           |
|    iterations           | 385         |
|    sec_per_step         | 0.158       |
|    time_elapsed         | 30905       |
|    total_timesteps      | 197120      |
| train/                  |             |
|    approx_kl            | 0.018727612 |
|    clip_fraction        | 0.161       |
|    clip_range           | 0.2         |
|    entropy_loss         | -1.57       |
|    explained_variance   | 0.95        |
|    learning_rate        | 0.0001      |
|    loss                 | -0.0161     |
|    n_updates            | 3840        |
|    policy_gradient_loss | -0.0252     |
|    std                  | 0.439       |
|    value_loss           | 0.0582      |
-----------------------------------------
[E2] ~0.1h remaining (2368 steps left @ 0.16s/step)
------------------------------------------
| rollout/                |              |
|    ep_len_mean          | 8.7          |
|    ep_rew_mean          | 1.03         |
| time/                   |              |
|    eta_hours            | 0.103        |
|    fps                  | 6            |
|    iterations           | 386          |
|    sec_per_step         | 0.157        |
|    time_elapsed         | 30985        |
|    total_timesteps      | 197632       |
| train/                  |              |
|    approx_kl            | 0.0145818675 |
|    clip_fraction        | 0.149        |
|    clip_range           | 0.2          |
|    entropy_loss         | -1.57        |
|    explained_variance   | 0.934        |
|    learning_rate        | 0.0001       |
|    loss                 | -0.0307      |
|    n_updates            | 3850         |
|    policy_gradient_loss | -0.0203      |
|    std                  | 0.439        |
|    value_loss           | 0.073        |
------------------------------------------
[E2] ~0.1h remaining (1856 steps left @ 0.16s/step)
-----------------------------------------
| rollout/                |             |
|    ep_len_mean          | 8.81        |
|    ep_rew_mean          | 1.02        |
| time/                   |             |
|    eta_hours            | 0.0811      |
|    fps                  | 6           |
|    iterations           | 387         |
|    sec_per_step         | 0.157       |
|    time_elapsed         | 31066       |
|    total_timesteps      | 198144      |
| train/                  |             |
|    approx_kl            | 0.016949296 |
|    clip_fraction        | 0.187       |
|    clip_range           | 0.2         |
|    entropy_loss         | -1.57       |
|    explained_variance   | 0.92        |
|    learning_rate        | 0.0001      |
|    loss                 | -0.0358     |
|    n_updates            | 3860        |
|    policy_gradient_loss | -0.0278     |
|    std                  | 0.438       |
|    value_loss           | 0.0827      |
-----------------------------------------
[E2] ~0.1h remaining (1344 steps left @ 0.16s/step)
-----------------------------------------
| rollout/                |             |
|    ep_len_mean          | 8.52        |
|    ep_rew_mean          | 1.03        |
| time/                   |             |
|    eta_hours            | 0.0585      |
|    fps                  | 6           |
|    iterations           | 388         |
|    sec_per_step         | 0.157       |
|    time_elapsed         | 31145       |
|    total_timesteps      | 198656      |
| train/                  |             |
|    approx_kl            | 0.012364677 |
|    clip_fraction        | 0.128       |
|    clip_range           | 0.2         |
|    entropy_loss         | -1.56       |
|    explained_variance   | 0.944       |
|    learning_rate        | 0.0001      |
|    loss                 | -0.0121     |
|    n_updates            | 3870        |
|    policy_gradient_loss | -0.0196     |
|    std                  | 0.437       |
|    value_loss           | 0.063       |
-----------------------------------------
[E2] ~0.0h remaining (832 steps left @ 0.16s/step)
-----------------------------------------
| rollout/                |             |
|    ep_len_mean          | 8.63        |
|    ep_rew_mean          | 1.04        |
| time/                   |             |
|    eta_hours            | 0.036       |
|    fps                  | 6           |
|    iterations           | 389         |
|    sec_per_step         | 0.156       |
|    time_elapsed         | 31224       |
|    total_timesteps      | 199168      |
| train/                  |             |
|    approx_kl            | 0.014747834 |
|    clip_fraction        | 0.165       |
|    clip_range           | 0.2         |
|    entropy_loss         | -1.56       |
|    explained_variance   | 0.898       |
|    learning_rate        | 0.0001      |
|    loss                 | 0.0463      |
|    n_updates            | 3880        |
|    policy_gradient_loss | -0.0248     |
|    std                  | 0.437       |
|    value_loss           | 0.102       |
-----------------------------------------
[E2] ~0.0h remaining (320 steps left @ 0.16s/step)
-----------------------------------------
| rollout/                |             |
|    ep_len_mean          | 8.6         |
|    ep_rew_mean          | 1.03        |
| time/                   |             |
|    eta_hours            | 0.014       |
|    fps                  | 6           |
|    iterations           | 390         |
|    sec_per_step         | 0.157       |
|    time_elapsed         | 31306       |
|    total_timesteps      | 199680      |
| train/                  |             |
|    approx_kl            | 0.020217309 |
|    clip_fraction        | 0.161       |
|    clip_range           | 0.2         |
|    entropy_loss         | -1.56       |
|    explained_variance   | 0.912       |
|    learning_rate        | 0.0001      |
|    loss                 | 0.0536      |
|    n_updates            | 3890        |
|    policy_gradient_loss | -0.0255     |
|    std                  | 0.437       |
|    value_loss           | 0.0987      |
-----------------------------------------
[E2 eval @ step 200000]  MAPE=8.69%  p90=11.43%  success(<5%)=3.3%  mean_scan_time=231.7s
[E2] ~0.0h remaining (0 steps left @ 0.18s/step)
-----------------------------------------
| rollout/                |             |
|    ep_len_mean          | 8.81        |
|    ep_rew_mean          | 1.05        |
| time/                   |             |
|    eta_hours            | 0           |
|    fps                  | 6           |
|    iterations           | 391         |
|    sec_per_step         | 0.184       |
|    time_elapsed         | 31433       |
|    total_timesteps      | 200192      |
| train/                  |             |
|    approx_kl            | 0.014603773 |
|    clip_fraction        | 0.182       |
|    clip_range           | 0.2         |
|    entropy_loss         | -1.56       |
|    explained_variance   | 0.941       |
|    learning_rate        | 0.0001      |
|    loss                 | -0.0161     |
|    n_updates            | 3900        |
|    policy_gradient_loss | -0.027      |
|    std                  | 0.437       |
|    value_loss           | 0.0544      |
-----------------------------------------
Training done in 31433.5s
Policy → runs/e2/ppo_runA_deltamape/policy.zip
VecNormalize → runs/e2/ppo_runA_deltamape/vecnorm.pkl
