[MF] Building full-Bloch ground-truth probe env …
┌ Warning: CUDA runtime library `libcudart.so.13` was loaded from a system path, `/home/azureuser/RLxMRI/.venv/lib/python3.12/site-packages/torch/lib/../../nvidia/cu13/lib/libcudart.so.13`.
│ This may cause errors.
│ 
│ If you're running under a profiler, this situation is expected. Otherwise,
│ ensure that your library path environment variable (e.g., `PATH` on Windows
│ or `LD_LIBRARY_PATH` on Linux) does not include CUDA library paths.
│ 
│ In any other case, please file an issue.
└ @ CUDACore ~/.julia/packages/CUDACore/sIGRL/src/initialization.jl:223
┌ Warning: CUDA runtime library `libcublasLt.so.13` was loaded from a system path, `/home/azureuser/RLxMRI/.venv/lib/python3.12/site-packages/nvidia/cu13/lib/libcublasLt.so.13`.
│ This may cause errors.
│ 
│ If you're running under a profiler, this situation is expected. Otherwise,
│ ensure that your library path environment variable (e.g., `PATH` on Windows
│ or `LD_LIBRARY_PATH` on Linux) does not include CUDA library paths.
│ 
│ In any other case, please file an issue.
└ @ CUDACore ~/.julia/packages/CUDACore/sIGRL/src/initialization.jl:223
┌ Warning: CUDA runtime library `libcublas.so.13` was loaded from a system path, `/home/azureuser/RLxMRI/.venv/lib/python3.12/site-packages/nvidia/cu13/lib/libcublas.so.13`.
│ This may cause errors.
│ 
│ If you're running under a profiler, this situation is expected. Otherwise,
│ ensure that your library path environment variable (e.g., `PATH` on Windows
│ or `LD_LIBRARY_PATH` on Linux) does not include CUDA library paths.
│ 
│ In any other case, please file an issue.
└ @ CUDACore ~/.julia/packages/CUDACore/sIGRL/src/initialization.jl:223
┌ Warning: CUDA runtime library `libnvrtc.so.13` was loaded from a system path, `/home/azureuser/RLxMRI/.venv/lib/python3.12/site-packages/nvidia/cu13/lib/libnvrtc.so.13`.
│ This may cause errors.
│ 
│ If you're running under a profiler, this situation is expected. Otherwise,
│ ensure that your library path environment variable (e.g., `PATH` on Windows
│ or `LD_LIBRARY_PATH` on Linux) does not include CUDA library paths.
│ 
│ In any other case, please file an issue.
└ @ CUDACore ~/.julia/packages/CUDACore/sIGRL/src/initialization.jl:223
┌ Warning: CUDA runtime library `libnvrtc-builtins.so.13.0` was loaded from a system path, `/home/azureuser/RLxMRI/.venv/lib/python3.12/site-packages/nvidia/cu13/lib/libnvrtc-builtins.so.13.0`.
│ This may cause errors.
│ 
│ If you're running under a profiler, this situation is expected. Otherwise,
│ ensure that your library path environment variable (e.g., `PATH` on Windows
│ or `LD_LIBRARY_PATH` on Linux) does not include CUDA library paths.
│ 
│ In any other case, please file an issue.
└ @ CUDACore ~/.julia/packages/CUDACore/sIGRL/src/initialization.jl:223
┌ Warning: CUDA runtime library `libcupti.so.13` was loaded from a system path, `/home/azureuser/RLxMRI/.venv/lib/python3.12/site-packages/nvidia/cu13/lib/libcupti.so.13`.
│ This may cause errors.
│ 
│ If you're running under a profiler, this situation is expected. Otherwise,
│ ensure that your library path environment variable (e.g., `PATH` on Windows
│ or `LD_LIBRARY_PATH` on Linux) does not include CUDA library paths.
│ 
│ In any other case, please file an issue.
└ @ CUDACore ~/.julia/packages/CUDACore/sIGRL/src/initialization.jl:223
┌ Warning: CUDA runtime library `libcufft.so.12` was loaded from a system path, `/home/azureuser/RLxMRI/.venv/lib/python3.12/site-packages/nvidia/cu13/lib/libcufft.so.12`.
│ This may cause errors.
│ 
│ If you're running under a profiler, this situation is expected. Otherwise,
│ ensure that your library path environment variable (e.g., `PATH` on Windows
│ or `LD_LIBRARY_PATH` on Linux) does not include CUDA library paths.
│ 
│ In any other case, please file an issue.
└ @ CUDACore ~/.julia/packages/CUDACore/sIGRL/src/initialization.jl:223
┌ Warning: CUDA runtime library `libcurand.so.10` was loaded from a system path, `/home/azureuser/RLxMRI/.venv/lib/python3.12/site-packages/nvidia/cu13/lib/libcurand.so.10`.
│ This may cause errors.
│ 
│ If you're running under a profiler, this situation is expected. Otherwise,
│ ensure that your library path environment variable (e.g., `PATH` on Windows
│ or `LD_LIBRARY_PATH` on Linux) does not include CUDA library paths.
│ 
│ In any other case, please file an issue.
└ @ CUDACore ~/.julia/packages/CUDACore/sIGRL/src/initialization.jl:223
┌ Warning: CUDA runtime library `libnvJitLink.so.13` was loaded from a system path, `/home/azureuser/RLxMRI/.venv/lib/python3.12/site-packages/nvidia/cu13/lib/libnvJitLink.so.13`.
│ This may cause errors.
│ 
│ If you're running under a profiler, this situation is expected. Otherwise,
│ ensure that your library path environment variable (e.g., `PATH` on Windows
│ or `LD_LIBRARY_PATH` on Linux) does not include CUDA library paths.
│ 
│ In any other case, please file an issue.
└ @ CUDACore ~/.julia/packages/CUDACore/sIGRL/src/initialization.jl:223
┌ Warning: CUDA runtime library `libcusparse.so.12` was loaded from a system path, `/home/azureuser/RLxMRI/.venv/lib/python3.12/site-packages/nvidia/cu13/lib/libcusparse.so.12`.
│ This may cause errors.
│ 
│ If you're running under a profiler, this situation is expected. Otherwise,
│ ensure that your library path environment variable (e.g., `PATH` on Windows
│ or `LD_LIBRARY_PATH` on Linux) does not include CUDA library paths.
│ 
│ In any other case, please file an issue.
└ @ CUDACore ~/.julia/packages/CUDACore/sIGRL/src/initialization.jl:223
┌ Warning: CUDA runtime library `libcusparseLt.so.0` was loaded from a system path, `/home/azureuser/RLxMRI/.venv/lib/python3.12/site-packages/nvidia/cusparselt/lib/libcusparseLt.so.0`.
│ This may cause errors.
│ 
│ If you're running under a profiler, this situation is expected. Otherwise,
│ ensure that your library path environment variable (e.g., `PATH` on Windows
│ or `LD_LIBRARY_PATH` on Linux) does not include CUDA library paths.
│ 
│ In any other case, please file an issue.
└ @ CUDACore ~/.julia/packages/CUDACore/sIGRL/src/initialization.jl:223
┌ Warning: CUDA runtime library `libcusolver.so.12` was loaded from a system path, `/home/azureuser/RLxMRI/.venv/lib/python3.12/site-packages/nvidia/cu13/lib/libcusolver.so.12`.
│ This may cause errors.
│ 
│ If you're running under a profiler, this situation is expected. Otherwise,
│ ensure that your library path environment variable (e.g., `PATH` on Windows
│ or `LD_LIBRARY_PATH` on Linux) does not include CUDA library paths.
│ 
│ In any other case, please file an issue.
└ @ CUDACore ~/.julia/packages/CUDACore/sIGRL/src/initialization.jl:223

[MF] ===== stage 0: analytic  (cheap) =====
Using cpu device
Logging to runs/e2/mf_runB_5sphere_hist_560s_gpu/tb/analytic/PPO_1
---------------------------------
| rollout/           |          |
|    ep_len_mean     | 6.38     |
|    ep_rew_mean     | 1.11     |
| time/              |          |
|    fps             | 22       |
|    iterations      | 1        |
|    time_elapsed    | 22       |
|    total_timesteps | 512      |
---------------------------------
[E2] ~0.1h remaining (18976 steps left @ 0.01s/step)
-----------------------------------------
| rollout/                |             |
|    ep_len_mean          | 6.53        |
|    ep_rew_mean          | 1.14        |
| time/                   |             |
|    eta_hours            | 0.0671      |
|    fps                  | 35          |
|    iterations           | 2           |
|    sec_per_step         | 0.0127      |
|    time_elapsed         | 29          |
|    total_timesteps      | 1024        |
| train/                  |             |
|    approx_kl            | 0.008889276 |
|    clip_fraction        | 0.0496      |
|    clip_range           | 0.2         |
|    entropy_loss         | -2.84       |
|    explained_variance   | -0.174      |
|    learning_rate        | 0.0001      |
|    loss                 | 0.404       |
|    n_updates            | 10          |
|    policy_gradient_loss | -0.0171     |
|    std                  | 0.998       |
|    value_loss           | 1.26        |
-----------------------------------------
[E2] ~0.1h remaining (18464 steps left @ 0.01s/step)
-----------------------------------------
| rollout/                |             |
|    ep_len_mean          | 6.51        |
|    ep_rew_mean          | 1.12        |
| time/                   |             |
|    eta_hours            | 0.0658      |
|    fps                  | 42          |
|    iterations           | 3           |
|    sec_per_step         | 0.0128      |
|    time_elapsed         | 35          |
|    total_timesteps      | 1536        |
| train/                  |             |
|    approx_kl            | 0.008678386 |
|    clip_fraction        | 0.0445      |
|    clip_range           | 0.2         |
|    entropy_loss         | -2.83       |
|    explained_variance   | 0.623       |
|    learning_rate        | 0.0001      |
|    loss                 | 0.165       |
|    n_updates            | 20          |
|    policy_gradient_loss | -0.0135     |
|    std                  | 0.994       |
|    value_loss           | 0.556       |
-----------------------------------------
[MF global-best] 8.85% confirmed full-Bloch MAPE saved from analytic/switch_decision_full_probe @ step 2048 (screen=10.72%) → runs/e2/mf_runB_5sphere_hist_560s_gpu/global_best
[MF analytic @ 2048] MAPE_f=9.90% MAPE_full=10.72% bias=-0.81% rankcorr=None → stay
[E2] ~0.2h remaining (17952 steps left @ 0.05s/step)
-----------------------------------------
| rollout/                |             |
|    ep_len_mean          | 6.33        |
|    ep_rew_mean          | 1.13        |
| time/                   |             |
|    eta_hours            | 0.241       |
|    fps                  | 19          |
|    iterations           | 4           |
|    sec_per_step         | 0.0484      |
|    time_elapsed         | 103         |
|    total_timesteps      | 2048        |
| train/                  |             |
|    approx_kl            | 0.011142882 |
|    clip_fraction        | 0.066       |
|    clip_range           | 0.2         |
|    entropy_loss         | -2.82       |
|    explained_variance   | 0.614       |
|    learning_rate        | 0.0001      |
|    loss                 | 0.113       |
|    n_updates            | 30          |
|    policy_gradient_loss | -0.0163     |
|    std                  | 0.989       |
|    value_loss           | 0.366       |
-----------------------------------------
[E2] ~0.2h remaining (17440 steps left @ 0.04s/step)
-----------------------------------------
| rollout/                |             |
|    ep_len_mean          | 6.3         |
|    ep_rew_mean          | 1.14        |
| time/                   |             |
|    eta_hours            | 0.184       |
|    fps                  | 23          |
|    iterations           | 5           |
|    sec_per_step         | 0.0379      |
|    time_elapsed         | 110         |
|    total_timesteps      | 2560        |
| train/                  |             |
|    approx_kl            | 0.010374278 |
|    clip_fraction        | 0.0779      |
|    clip_range           | 0.2         |
|    entropy_loss         | -2.81       |
|    explained_variance   | 0.683       |
|    learning_rate        | 0.0001      |
|    loss                 | 0.071       |
|    n_updates            | 40          |
|    policy_gradient_loss | -0.0188     |
|    std                  | 0.988       |
|    value_loss           | 0.345       |
-----------------------------------------
[E2] ~0.1h remaining (16928 steps left @ 0.03s/step)
------------------------------------------
| rollout/                |              |
|    ep_len_mean          | 6.65         |
|    ep_rew_mean          | 1.13         |
| time/                   |              |
|    eta_hours            | 0.144        |
|    fps                  | 26           |
|    iterations           | 6            |
|    sec_per_step         | 0.0306       |
|    time_elapsed         | 116          |
|    total_timesteps      | 3072         |
| train/                  |              |
|    approx_kl            | 0.0097483825 |
|    clip_fraction        | 0.0564       |
|    clip_range           | 0.2          |
|    entropy_loss         | -2.81        |
|    explained_variance   | 0.765        |
|    learning_rate        | 0.0001       |
|    loss                 | 0.0763       |
|    n_updates            | 50           |
|    policy_gradient_loss | -0.0167      |
|    std                  | 0.984        |
|    value_loss           | 0.233        |
------------------------------------------
[E2] ~0.1h remaining (16416 steps left @ 0.03s/step)
------------------------------------------
| rollout/                |              |
|    ep_len_mean          | 6.6          |
|    ep_rew_mean          | 1.12         |
| time/                   |              |
|    eta_hours            | 0.116        |
|    fps                  | 28           |
|    iterations           | 7            |
|    sec_per_step         | 0.0255       |
|    time_elapsed         | 123          |
|    total_timesteps      | 3584         |
| train/                  |              |
|    approx_kl            | 0.0070343874 |
|    clip_fraction        | 0.0354       |
|    clip_range           | 0.2          |
|    entropy_loss         | -2.81        |
|    explained_variance   | 0.665        |
|    learning_rate        | 0.0001       |
|    loss                 | 0.154        |
|    n_updates            | 60           |
|    policy_gradient_loss | -0.0121      |
|    std                  | 0.985        |
|    value_loss           | 0.358        |
------------------------------------------
[MF analytic @ 4096] MAPE_f=17.78% MAPE_full=8.93% bias=+8.85% rankcorr=None → PROMOTE(bias_intolerance)
[MF] stage analytic done in 2.2 min

[MF] ===== stage 1: cached3  (cheap) =====
[MF] cached3 warm-start full-sim MAPE_pre=8.93%  (gap vs prev final: 0.0%)
Logging to runs/e2/mf_runB_5sphere_hist_560s_gpu/tb/analytic/PPO_1
[E2] ~2.7h remaining (159488 steps left @ 0.06s/step)
---------------------------------
| rollout/           |          |
|    ep_len_mean     | 6.14     |
|    ep_rew_mean     | 1.01     |
| time/              |          |
|    eta_hours       | 2.7      |
|    fps             | 14       |
|    iterations      | 1        |
|    sec_per_step    | 0.061    |
|    time_elapsed    | 34       |
|    total_timesteps | 4608     |
---------------------------------
[E2] ~2.7h remaining (158976 steps left @ 0.06s/step)
----------------------------------------
| rollout/                |            |
|    ep_len_mean          | 6.6        |
|    ep_rew_mean          | 0.99       |
| time/                   |            |
|    eta_hours            | 2.71       |
|    fps                  | 15         |
|    iterations           | 2          |
|    sec_per_step         | 0.0614     |
|    time_elapsed         | 66         |
|    total_timesteps      | 5120       |
| train/                  |            |
|    approx_kl            | 0.00987635 |
|    clip_fraction        | 0.0727     |
|    clip_range           | 0.2        |
|    entropy_loss         | -2.8       |
|    explained_variance   | 0.736      |
|    learning_rate        | 0.0001     |
|    loss                 | 0.108      |
|    n_updates            | 80         |
|    policy_gradient_loss | -0.0177    |
|    std                  | 0.979      |
|    value_loss           | 0.314      |
----------------------------------------
[E2] ~2.7h remaining (158464 steps left @ 0.06s/step)
----------------------------------------
| rollout/                |            |
|    ep_len_mean          | 6.65       |
|    ep_rew_mean          | 1          |
| time/                   |            |
|    eta_hours            | 2.71       |
|    fps                  | 15         |
|    iterations           | 3          |
|    sec_per_step         | 0.0616     |
|    time_elapsed         | 97         |
|    total_timesteps      | 5632       |
| train/                  |            |
|    approx_kl            | 0.00828338 |
|    clip_fraction        | 0.057      |
|    clip_range           | 0.2        |
|    entropy_loss         | -2.79      |
|    explained_variance   | 0.713      |
|    learning_rate        | 0.0001     |
|    loss                 | 0.0613     |
|    n_updates            | 90         |
|    policy_gradient_loss | -0.0164    |
|    std                  | 0.974      |
|    value_loss           | 0.279      |
----------------------------------------
[MF global-best] 7.44% confirmed full-Bloch MAPE saved from cached3/switch_decision_full_probe @ step 6144 (screen=8.23%) → runs/e2/mf_runB_5sphere_hist_560s_gpu/global_best
[MF cached3 @ 6144] MAPE_f=7.64% MAPE_full=8.23% bias=-0.58% rankcorr=None → stay
[E2] ~3.0h remaining (157952 steps left @ 0.07s/step)
-----------------------------------------
| rollout/                |             |
|    ep_len_mean          | 6.74        |
|    ep_rew_mean          | 1.05        |
| time/                   |             |
|    eta_hours            | 3.03        |
|    fps                  | 14          |
|    iterations           | 4           |
|    sec_per_step         | 0.069       |
|    time_elapsed         | 142         |
|    total_timesteps      | 6144        |
| train/                  |             |
|    approx_kl            | 0.010758111 |
|    clip_fraction        | 0.0863      |
|    clip_range           | 0.2         |
|    entropy_loss         | -2.78       |
|    explained_variance   | 0.75        |
|    learning_rate        | 0.0001      |
|    loss                 | 0.0845      |
|    n_updates            | 100         |
|    policy_gradient_loss | -0.0191     |
|    std                  | 0.97        |
|    value_loss           | 0.263       |
-----------------------------------------
[E2] ~2.9h remaining (157440 steps left @ 0.07s/step)
-----------------------------------------
| rollout/                |             |
|    ep_len_mean          | 6.7         |
|    ep_rew_mean          | 1.03        |
| time/                   |             |
|    eta_hours            | 2.93        |
|    fps                  | 14          |
|    iterations           | 5           |
|    sec_per_step         | 0.067       |
|    time_elapsed         | 174         |
|    total_timesteps      | 6656        |
| train/                  |             |
|    approx_kl            | 0.012822736 |
|    clip_fraction        | 0.104       |
|    clip_range           | 0.2         |
|    entropy_loss         | -2.77       |
|    explained_variance   | 0.758       |
|    learning_rate        | 0.0001      |
|    loss                 | 0.0442      |
|    n_updates            | 110         |
|    policy_gradient_loss | -0.0196     |
|    std                  | 0.967       |
|    value_loss           | 0.278       |
-----------------------------------------
[E2] ~2.9h remaining (156928 steps left @ 0.07s/step)
-----------------------------------------
| rollout/                |             |
|    ep_len_mean          | 6.65        |
|    ep_rew_mean          | 1.06        |
| time/                   |             |
|    eta_hours            | 2.86        |
|    fps                  | 14          |
|    iterations           | 6           |
|    sec_per_step         | 0.0657      |
|    time_elapsed         | 206         |
|    total_timesteps      | 7168        |
| train/                  |             |
|    approx_kl            | 0.007573511 |
|    clip_fraction        | 0.0588      |
|    clip_range           | 0.2         |
|    entropy_loss         | -2.77       |
|    explained_variance   | 0.734       |
|    learning_rate        | 0.0001      |
|    loss                 | 0.143       |
|    n_updates            | 120         |
|    policy_gradient_loss | -0.0135     |
|    std                  | 0.964       |
|    value_loss           | 0.296       |
-----------------------------------------
[E2] ~2.8h remaining (156416 steps left @ 0.07s/step)
-----------------------------------------
| rollout/                |             |
|    ep_len_mean          | 6.35        |
|    ep_rew_mean          | 1.04        |
| time/                   |             |
|    eta_hours            | 2.83        |
|    fps                  | 15          |
|    iterations           | 7           |
|    sec_per_step         | 0.0651      |
|    time_elapsed         | 238         |
|    total_timesteps      | 7680        |
| train/                  |             |
|    approx_kl            | 0.009198436 |
|    clip_fraction        | 0.0545      |
|    clip_range           | 0.2         |
|    entropy_loss         | -2.76       |
|    explained_variance   | 0.738       |
|    learning_rate        | 0.0001      |
|    loss                 | 0.115       |
|    n_updates            | 130         |
|    policy_gradient_loss | -0.0177     |
|    std                  | 0.961       |
|    value_loss           | 0.312       |
-----------------------------------------
[MF cached3 @ 8192] MAPE_f=7.33% MAPE_full=20.37% bias=-13.03% rankcorr=None → stay
[E2] ~2.9h remaining (155904 steps left @ 0.07s/step)
------------------------------------------
| rollout/                |              |
|    ep_len_mean          | 6.46         |
|    ep_rew_mean          | 1.01         |
| time/                   |              |
|    eta_hours            | 2.9          |
|    fps                  | 14           |
|    iterations           | 8            |
|    sec_per_step         | 0.0671       |
|    time_elapsed         | 275          |
|    total_timesteps      | 8192         |
| train/                  |              |
|    approx_kl            | 0.0071475077 |
|    clip_fraction        | 0.0473       |
|    clip_range           | 0.2          |
|    entropy_loss         | -2.76        |
|    explained_variance   | 0.73         |
|    learning_rate        | 0.0001       |
|    loss                 | 0.141        |
|    n_updates            | 140          |
|    policy_gradient_loss | -0.0108      |
|    std                  | 0.96         |
|    value_loss           | 0.328        |
------------------------------------------
[E2] ~2.8h remaining (155392 steps left @ 0.07s/step)
----------------------------------------
| rollout/                |            |
|    ep_len_mean          | 6.67       |
|    ep_rew_mean          | 1.08       |
| time/                   |            |
|    eta_hours            | 2.85       |
|    fps                  | 14         |
|    iterations           | 9          |
|    sec_per_step         | 0.066      |
|    time_elapsed         | 307        |
|    total_timesteps      | 8704       |
| train/                  |            |
|    approx_kl            | 0.00986381 |
|    clip_fraction        | 0.0684     |
|    clip_range           | 0.2        |
|    entropy_loss         | -2.75      |
|    explained_variance   | 0.75       |
|    learning_rate        | 0.0001     |
|    loss                 | 0.107      |
|    n_updates            | 150        |
|    policy_gradient_loss | -0.0177    |
|    std                  | 0.956      |
|    value_loss           | 0.266      |
----------------------------------------
[E2] ~3.2h remaining (154880 steps left @ 0.07s/step)
-----------------------------------------
| rollout/                |             |
|    ep_len_mean          | 6.72        |
|    ep_rew_mean          | 1.08        |
| time/                   |             |
|    eta_hours            | 3.17        |
|    fps                  | 14          |
|    iterations           | 10          |
|    sec_per_step         | 0.0736      |
|    time_elapsed         | 354         |
|    total_timesteps      | 9216        |
| train/                  |             |
|    approx_kl            | 0.011958426 |
|    clip_fraction        | 0.0654      |
|    clip_range           | 0.2         |
|    entropy_loss         | -2.74       |
|    explained_variance   | 0.758       |
|    learning_rate        | 0.0001      |
|    loss                 | 0.13        |
|    n_updates            | 160         |
|    policy_gradient_loss | -0.0179     |
|    std                  | 0.953       |
|    value_loss           | 0.286       |
-----------------------------------------
[E2] ~3.3h remaining (154368 steps left @ 0.08s/step)
-----------------------------------------
| rollout/                |             |
|    ep_len_mean          | 6.73        |
|    ep_rew_mean          | 1.01        |
| time/                   |             |
|    eta_hours            | 3.31        |
|    fps                  | 14          |
|    iterations           | 11          |
|    sec_per_step         | 0.0772      |
|    time_elapsed         | 398         |
|    total_timesteps      | 9728        |
| train/                  |             |
|    approx_kl            | 0.013103104 |
|    clip_fraction        | 0.092       |
|    clip_range           | 0.2         |
|    entropy_loss         | -2.74       |
|    explained_variance   | 0.779       |
|    learning_rate        | 0.0001      |
|    loss                 | 0.061       |
|    n_updates            | 170         |
|    policy_gradient_loss | -0.0212     |
|    std                  | 0.949       |
|    value_loss           | 0.248       |
-----------------------------------------
[E2 eval @ step 10000]  MAPE=5.64%  p90=7.87%  success(<5%)=40.0%  mean_scan_time=525.5s
[E2 eval]  → new best MAPE 5.64% saved to runs/e2/mf_runB_5sphere_hist_560s_gpu/stage1_cached3/best
[MF global-best] 5.97% confirmed full-Bloch MAPE saved from cached3/switch_decision_full_probe @ step 10240 (screen=5.58%) → runs/e2/mf_runB_5sphere_hist_560s_gpu/global_best
[MF cached3 @ 10240] MAPE_f=3.72% MAPE_full=5.58% bias=-1.87% rankcorr=None → stay
[E2] ~4.1h remaining (153856 steps left @ 0.10s/step)
-----------------------------------------
| rollout/                |             |
|    ep_len_mean          | 6.63        |
|    ep_rew_mean          | 1.05        |
| time/                   |             |
|    eta_hours            | 4.07        |
|    fps                  | 13          |
|    iterations           | 12          |
|    sec_per_step         | 0.0952      |
|    time_elapsed         | 468         |
|    total_timesteps      | 10240       |
| train/                  |             |
|    approx_kl            | 0.012996565 |
|    clip_fraction        | 0.0797      |
|    clip_range           | 0.2         |
|    entropy_loss         | -2.73       |
|    explained_variance   | 0.688       |
|    learning_rate        | 0.0001      |
|    loss                 | 0.174       |
|    n_updates            | 180         |
|    policy_gradient_loss | -0.0208     |
|    std                  | 0.945       |
|    value_loss           | 0.318       |
-----------------------------------------
[E2] ~4.0h remaining (153344 steps left @ 0.09s/step)
------------------------------------------
| rollout/                |              |
|    ep_len_mean          | 6.63         |
|    ep_rew_mean          | 1.05         |
| time/                   |              |
|    eta_hours            | 4            |
|    fps                  | 12           |
|    iterations           | 13           |
|    sec_per_step         | 0.0938       |
|    time_elapsed         | 515          |
|    total_timesteps      | 10752        |
| train/                  |              |
|    approx_kl            | 0.0092932135 |
|    clip_fraction        | 0.0576       |
|    clip_range           | 0.2          |
|    entropy_loss         | -2.72        |
|    explained_variance   | 0.751        |
|    learning_rate        | 0.0001       |
|    loss                 | 0.154        |
|    n_updates            | 190          |
|    policy_gradient_loss | -0.0167      |
|    std                  | 0.944        |
|    value_loss           | 0.26         |
------------------------------------------
[E2] ~3.8h remaining (152832 steps left @ 0.09s/step)
----------------------------------------
| rollout/                |            |
|    ep_len_mean          | 6.8        |
|    ep_rew_mean          | 1.1        |
| time/                   |            |
|    eta_hours            | 3.79       |
|    fps                  | 12         |
|    iterations           | 14         |
|    sec_per_step         | 0.0894     |
|    time_elapsed         | 555        |
|    total_timesteps      | 11264      |
| train/                  |            |
|    approx_kl            | 0.01195091 |
|    clip_fraction        | 0.104      |
|    clip_range           | 0.2        |
|    entropy_loss         | -2.72      |
|    explained_variance   | 0.771      |
|    learning_rate        | 0.0001     |
|    loss                 | 0.1        |
|    n_updates            | 200        |
|    policy_gradient_loss | -0.0184    |
|    std                  | 0.941      |
|    value_loss           | 0.256      |
----------------------------------------
[E2] ~3.6h remaining (152320 steps left @ 0.09s/step)
-----------------------------------------
| rollout/                |             |
|    ep_len_mean          | 6.74        |
|    ep_rew_mean          | 1.07        |
| time/                   |             |
|    eta_hours            | 3.61        |
|    fps                  | 12          |
|    iterations           | 15          |
|    sec_per_step         | 0.0854      |
|    time_elapsed         | 594         |
|    total_timesteps      | 11776       |
| train/                  |             |
|    approx_kl            | 0.012183005 |
|    clip_fraction        | 0.0873      |
|    clip_range           | 0.2         |
|    entropy_loss         | -2.71       |
|    explained_variance   | 0.76        |
|    learning_rate        | 0.0001      |
|    loss                 | 0.0824      |
|    n_updates            | 210         |
|    policy_gradient_loss | -0.0206     |
|    std                  | 0.938       |
|    value_loss           | 0.289       |
-----------------------------------------
[MF global-best] 5.44% confirmed full-Bloch MAPE saved from cached3/switch_decision_full_probe @ step 12288 (screen=4.78%) → runs/e2/mf_runB_5sphere_hist_560s_gpu/global_best
[MF cached3 @ 12288] MAPE_f=4.46% MAPE_full=4.78% bias=-0.33% rankcorr=0.6 → PROMOTE(rank_breakdown)
[MF] stage cached3 done in 10.8 min
[MF global-best] candidate from cached3/stage_end_full_probe screened at 4.78% but confirmed at 5.44% >= current best 5.44%

[MF] ===== stage 2: cached  (cheap) =====
[MF global-best] candidate from cached/stage_start_full_probe screened at 4.78% but confirmed at 5.44% >= current best 5.44%
[MF] cached warm-start full-sim MAPE_pre=4.78%  (gap vs prev final: 0.0%)
Logging to runs/e2/mf_runB_5sphere_hist_560s_gpu/tb/analytic/PPO_1
[E2 eval @ step 12289]  MAPE=4.67%  p90=6.85%  success(<5%)=60.0%  mean_scan_time=525.8s
[E2 eval]  → new best MAPE 4.67% saved to runs/e2/mf_runB_5sphere_hist_560s_gpu/stage2_cached/best
[E2] ~4.1h remaining (159488 steps left @ 0.09s/step)
---------------------------------
| rollout/           |          |
|    ep_len_mean     | 6.68     |
|    ep_rew_mean     | 1.04     |
| time/              |          |
|    eta_hours       | 4.12     |
|    fps             | 10       |
|    iterations      | 1        |
|    sec_per_step    | 0.093    |
|    time_elapsed    | 49       |
|    total_timesteps | 12800    |
---------------------------------
[E2] ~4.0h remaining (158976 steps left @ 0.09s/step)
-----------------------------------------
| rollout/                |             |
|    ep_len_mean          | 6.94        |
|    ep_rew_mean          | 1.01        |
| time/                   |             |
|    eta_hours            | 3.96        |
|    fps                  | 11          |
|    iterations           | 2           |
|    sec_per_step         | 0.0897      |
|    time_elapsed         | 91          |
|    total_timesteps      | 13312       |
| train/                  |             |
|    approx_kl            | 0.013054177 |
|    clip_fraction        | 0.11        |
|    clip_range           | 0.2         |
|    entropy_loss         | -2.7        |
|    explained_variance   | 0.776       |
|    learning_rate        | 0.0001      |
|    loss                 | 0.0944      |
|    n_updates            | 230         |
|    policy_gradient_loss | -0.0207     |
|    std                  | 0.932       |
|    value_loss           | 0.257       |
-----------------------------------------
[E2] ~3.9h remaining (158464 steps left @ 0.09s/step)
-----------------------------------------
| rollout/                |             |
|    ep_len_mean          | 6.97        |
|    ep_rew_mean          | 1.03        |
| time/                   |             |
|    eta_hours            | 3.88        |
|    fps                  | 11          |
|    iterations           | 3           |
|    sec_per_step         | 0.0882      |
|    time_elapsed         | 135         |
|    total_timesteps      | 13824       |
| train/                  |             |
|    approx_kl            | 0.010151163 |
|    clip_fraction        | 0.0781      |
|    clip_range           | 0.2         |
|    entropy_loss         | -2.69       |
|    explained_variance   | 0.688       |
|    learning_rate        | 0.0001      |
|    loss                 | 0.0883      |
|    n_updates            | 240         |
|    policy_gradient_loss | -0.0175     |
|    std                  | 0.93        |
|    value_loss           | 0.342       |
-----------------------------------------
[MF cached @ 14336] MAPE_f=5.66% MAPE_full=7.14% bias=-1.48% rankcorr=None → stay
[E2] ~3.8h remaining (157952 steps left @ 0.09s/step)
-----------------------------------------
| rollout/                |             |
|    ep_len_mean          | 6.9         |
|    ep_rew_mean          | 1.03        |
| time/                   |             |
|    eta_hours            | 3.79        |
|    fps                  | 11          |
|    iterations           | 4           |
|    sec_per_step         | 0.0864      |
|    time_elapsed         | 177         |
|    total_timesteps      | 14336       |
| train/                  |             |
|    approx_kl            | 0.017466787 |
|    clip_fraction        | 0.115       |
|    clip_range           | 0.2         |
|    entropy_loss         | -2.69       |
|    explained_variance   | 0.72        |
|    learning_rate        | 0.0001      |
|    loss                 | 0.0669      |
|    n_updates            | 250         |
|    policy_gradient_loss | -0.0217     |
|    std                  | 0.927       |
|    value_loss           | 0.288       |
-----------------------------------------
[E2] ~3.9h remaining (157440 steps left @ 0.09s/step)
-----------------------------------------
| rollout/                |             |
|    ep_len_mean          | 7.02        |
|    ep_rew_mean          | 1.04        |
| time/                   |             |
|    eta_hours            | 3.89        |
|    fps                  | 11          |
|    iterations           | 5           |
|    sec_per_step         | 0.0888      |
|    time_elapsed         | 225         |
|    total_timesteps      | 14848       |
| train/                  |             |
|    approx_kl            | 0.010738393 |
|    clip_fraction        | 0.0668      |
|    clip_range           | 0.2         |
|    entropy_loss         | -2.68       |
|    explained_variance   | 0.777       |
|    learning_rate        | 0.0001      |
|    loss                 | 0.04        |
|    n_updates            | 260         |
|    policy_gradient_loss | -0.0173     |
|    std                  | 0.924       |
|    value_loss           | 0.255       |
-----------------------------------------
[E2] ~3.9h remaining (156928 steps left @ 0.09s/step)
-----------------------------------------
| rollout/                |             |
|    ep_len_mean          | 6.98        |
|    ep_rew_mean          | 1.05        |
| time/                   |             |
|    eta_hours            | 3.91        |
|    fps                  | 11          |
|    iterations           | 6           |
|    sec_per_step         | 0.0897      |
|    time_elapsed         | 272         |
|    total_timesteps      | 15360       |
| train/                  |             |
|    approx_kl            | 0.009263242 |
|    clip_fraction        | 0.0535      |
|    clip_range           | 0.2         |
|    entropy_loss         | -2.67       |
|    explained_variance   | 0.784       |
|    learning_rate        | 0.0001      |
|    loss                 | 0.0579      |
|    n_updates            | 270         |
|    policy_gradient_loss | -0.0107     |
|    std                  | 0.919       |
|    value_loss           | 0.229       |
-----------------------------------------
[E2] ~3.8h remaining (156416 steps left @ 0.09s/step)
------------------------------------------
| rollout/                |              |
|    ep_len_mean          | 6.72         |
|    ep_rew_mean          | 1.04         |
| time/                   |              |
|    eta_hours            | 3.82         |
|    fps                  | 11           |
|    iterations           | 7            |
|    sec_per_step         | 0.0879       |
|    time_elapsed         | 315          |
|    total_timesteps      | 15872        |
| train/                  |              |
|    approx_kl            | 0.0087152915 |
|    clip_fraction        | 0.0568       |
|    clip_range           | 0.2          |
|    entropy_loss         | -2.66        |
|    explained_variance   | 0.798        |
|    learning_rate        | 0.0001       |
|    loss                 | 0.1          |
|    n_updates            | 280          |
|    policy_gradient_loss | -0.0153      |
|    std                  | 0.916        |
|    value_loss           | 0.216        |
------------------------------------------
[MF cached @ 16384] MAPE_f=8.71% MAPE_full=8.51% bias=+0.21% rankcorr=None → stay
[E2] ~3.8h remaining (155904 steps left @ 0.09s/step)
-----------------------------------------
| rollout/                |             |
|    ep_len_mean          | 6.72        |
|    ep_rew_mean          | 1.03        |
| time/                   |             |
|    eta_hours            | 3.84        |
|    fps                  | 11          |
|    iterations           | 8           |
|    sec_per_step         | 0.0887      |
|    time_elapsed         | 361         |
|    total_timesteps      | 16384       |
| train/                  |             |
|    approx_kl            | 0.010330343 |
|    clip_fraction        | 0.0631      |
|    clip_range           | 0.2         |
|    entropy_loss         | -2.66       |
|    explained_variance   | 0.763       |
|    learning_rate        | 0.0001      |
|    loss                 | 0.122       |
|    n_updates            | 290         |
|    policy_gradient_loss | -0.0143     |
|    std                  | 0.914       |
|    value_loss           | 0.262       |
-----------------------------------------
[E2] ~4.1h remaining (155392 steps left @ 0.09s/step)
----------------------------------------
| rollout/                |            |
|    ep_len_mean          | 6.98       |
|    ep_rew_mean          | 1.02       |
| time/                   |            |
|    eta_hours            | 4.08       |
|    fps                  | 11         |
|    iterations           | 9          |
|    sec_per_step         | 0.0946     |
|    time_elapsed         | 417        |
|    total_timesteps      | 16896      |
| train/                  |            |
|    approx_kl            | 0.00964719 |
|    clip_fraction        | 0.067      |
|    clip_range           | 0.2        |
|    entropy_loss         | -2.65      |
|    explained_variance   | 0.752      |
|    learning_rate        | 0.0001     |
|    loss                 | 0.0719     |
|    n_updates            | 300        |
|    policy_gradient_loss | -0.0143    |
|    std                  | 0.908      |
|    value_loss           | 0.285      |
----------------------------------------
[E2] ~4.1h remaining (154880 steps left @ 0.10s/step)
-----------------------------------------
| rollout/                |             |
|    ep_len_mean          | 7.08        |
|    ep_rew_mean          | 1.02        |
| time/                   |             |
|    eta_hours            | 4.12        |
|    fps                  | 10          |
|    iterations           | 10          |
|    sec_per_step         | 0.0957      |
|    time_elapsed         | 467         |
|    total_timesteps      | 17408       |
| train/                  |             |
|    approx_kl            | 0.009128761 |
|    clip_fraction        | 0.0621      |
|    clip_range           | 0.2         |
|    entropy_loss         | -2.64       |
|    explained_variance   | 0.78        |
|    learning_rate        | 0.0001      |
|    loss                 | 0.0556      |
|    n_updates            | 310         |
|    policy_gradient_loss | -0.0164     |
|    std                  | 0.905       |
|    value_loss           | 0.246       |
-----------------------------------------
[E2] ~4.1h remaining (154368 steps left @ 0.10s/step)
-----------------------------------------
| rollout/                |             |
|    ep_len_mean          | 6.94        |
|    ep_rew_mean          | 1.06        |
| time/                   |             |
|    eta_hours            | 4.09        |
|    fps                  | 10          |
|    iterations           | 11          |
|    sec_per_step         | 0.0955      |
|    time_elapsed         | 516         |
|    total_timesteps      | 17920       |
| train/                  |             |
|    approx_kl            | 0.013447391 |
|    clip_fraction        | 0.0996      |
|    clip_range           | 0.2         |
|    entropy_loss         | -2.63       |
|    explained_variance   | 0.764       |
|    learning_rate        | 0.0001      |
|    loss                 | 0.0543      |
|    n_updates            | 320         |
|    policy_gradient_loss | -0.017      |
|    std                  | 0.903       |
|    value_loss           | 0.266       |
-----------------------------------------
[MF cached @ 18432] MAPE_f=6.43% MAPE_full=7.37% bias=-0.94% rankcorr=None → stay
[E2] ~4.1h remaining (153856 steps left @ 0.10s/step)
-----------------------------------------
| rollout/                |             |
|    ep_len_mean          | 7.03        |
|    ep_rew_mean          | 0.997       |
| time/                   |             |
|    eta_hours            | 4.13        |
|    fps                  | 10          |
|    iterations           | 12          |
|    sec_per_step         | 0.0966      |
|    time_elapsed         | 566         |
|    total_timesteps      | 18432       |
| train/                  |             |
|    approx_kl            | 0.010036515 |
|    clip_fraction        | 0.0611      |
|    clip_range           | 0.2         |
|    entropy_loss         | -2.63       |
|    explained_variance   | 0.743       |
|    learning_rate        | 0.0001      |
|    loss                 | 0.0811      |
|    n_updates            | 330         |
|    policy_gradient_loss | -0.013      |
|    std                  | 0.897       |
|    value_loss           | 0.299       |
-----------------------------------------
[E2] ~4.1h remaining (153344 steps left @ 0.10s/step)
-----------------------------------------
| rollout/                |             |
|    ep_len_mean          | 7.02        |
|    ep_rew_mean          | 1.08        |
| time/                   |             |
|    eta_hours            | 4.14        |
|    fps                  | 10          |
|    iterations           | 13          |
|    sec_per_step         | 0.0973      |
|    time_elapsed         | 617         |
|    total_timesteps      | 18944       |
| train/                  |             |
|    approx_kl            | 0.010072434 |
|    clip_fraction        | 0.0641      |
|    clip_range           | 0.2         |
|    entropy_loss         | -2.62       |
|    explained_variance   | 0.751       |
|    learning_rate        | 0.0001      |
|    loss                 | 0.0807      |
|    n_updates            | 340         |
|    policy_gradient_loss | -0.012      |
|    std                  | 0.894       |
|    value_loss           | 0.262       |
-----------------------------------------
[E2] ~4.1h remaining (152832 steps left @ 0.10s/step)
-----------------------------------------
| rollout/                |             |
|    ep_len_mean          | 7.14        |
|    ep_rew_mean          | 1.03        |
| time/                   |             |
|    eta_hours            | 4.06        |
|    fps                  | 10          |
|    iterations           | 14          |
|    sec_per_step         | 0.0956      |
|    time_elapsed         | 664         |
|    total_timesteps      | 19456       |
| train/                  |             |
|    approx_kl            | 0.011300528 |
|    clip_fraction        | 0.0779      |
|    clip_range           | 0.2         |
|    entropy_loss         | -2.61       |
|    explained_variance   | 0.758       |
|    learning_rate        | 0.0001      |
|    loss                 | 0.0873      |
|    n_updates            | 350         |
|    policy_gradient_loss | -0.018      |
|    std                  | 0.891       |
|    value_loss           | 0.287       |
-----------------------------------------
[E2] ~4.2h remaining (152320 steps left @ 0.10s/step)
-----------------------------------------
| rollout/                |             |
|    ep_len_mean          | 7.02        |
|    ep_rew_mean          | 1.02        |
| time/                   |             |
|    eta_hours            | 4.16        |
|    fps                  | 10          |
|    iterations           | 15          |
|    sec_per_step         | 0.0983      |
|    time_elapsed         | 718         |
|    total_timesteps      | 19968       |
| train/                  |             |
|    approx_kl            | 0.010495402 |
|    clip_fraction        | 0.0697      |
|    clip_range           | 0.2         |
|    entropy_loss         | -2.6        |
|    explained_variance   | 0.766       |
|    learning_rate        | 0.0001      |
|    loss                 | 0.0209      |
|    n_updates            | 360         |
|    policy_gradient_loss | -0.0166     |
|    std                  | 0.887       |
|    value_loss           | 0.248       |
-----------------------------------------
[MF cached @ 20480] MAPE_f=6.93% MAPE_full=5.73% bias=+1.21% rankcorr=0.4 → PROMOTE(rank_breakdown)
[MF] stage cached done in 12.8 min

[MF] ===== stage 3: full3  (cheap) =====
[MF] full3 warm-start full-sim MAPE_pre=5.73%  (gap vs prev final: 0.0%)
Logging to runs/e2/mf_runB_5sphere_hist_560s_gpu/tb/analytic/PPO_1
[E2 eval @ step 20481]  MAPE=5.40%  p90=7.27%  success(<5%)=40.0%  mean_scan_time=515.4s
[E2 eval]  → new best MAPE 5.40% saved to runs/e2/mf_runB_5sphere_hist_560s_gpu/stage3_full3/best
[E2] ~1.8h remaining (79488 steps left @ 0.08s/step)
---------------------------------
| rollout/           |          |
|    ep_len_mean     | 7.05     |
|    ep_rew_mean     | 1.01     |
| time/              |          |
|    eta_hours       | 1.8      |
|    fps             | 12       |
|    iterations      | 1        |
|    sec_per_step    | 0.0813   |
|    time_elapsed    | 41       |
|    total_timesteps | 20992    |
---------------------------------
[E2] ~1.7h remaining (78976 steps left @ 0.08s/step)
-----------------------------------------
| rollout/                |             |
|    ep_len_mean          | 7.23        |
|    ep_rew_mean          | 1.03        |
| time/                   |             |
|    eta_hours            | 1.74        |
|    fps                  | 12          |
|    iterations           | 2           |
|    sec_per_step         | 0.0793      |
|    time_elapsed         | 79          |
|    total_timesteps      | 21504       |
| train/                  |             |
|    approx_kl            | 0.012296073 |
|    clip_fraction        | 0.073       |
|    clip_range           | 0.2         |
|    entropy_loss         | -2.58       |
|    explained_variance   | 0.717       |
|    learning_rate        | 0.0001      |
|    loss                 | 0.112       |
|    n_updates            | 380         |
|    policy_gradient_loss | -0.0194     |
|    std                  | 0.881       |
|    value_loss           | 0.319       |
-----------------------------------------
[E2] ~1.7h remaining (78464 steps left @ 0.08s/step)
-----------------------------------------
| rollout/                |             |
|    ep_len_mean          | 7.48        |
|    ep_rew_mean          | 1.03        |
| time/                   |             |
|    eta_hours            | 1.74        |
|    fps                  | 12          |
|    iterations           | 3           |
|    sec_per_step         | 0.0797      |
|    time_elapsed         | 121         |
|    total_timesteps      | 22016       |
| train/                  |             |
|    approx_kl            | 0.010394135 |
|    clip_fraction        | 0.0711      |
|    clip_range           | 0.2         |
|    entropy_loss         | -2.58       |
|    explained_variance   | 0.711       |
|    learning_rate        | 0.0001      |
|    loss                 | 0.0657      |
|    n_updates            | 390         |
|    policy_gradient_loss | -0.0147     |
|    std                  | 0.879       |
|    value_loss           | 0.263       |
-----------------------------------------
[MF full3 @ 22528] MAPE_f=10.85% MAPE_full=8.13% bias=+2.73% rankcorr=None → stay
[E2] ~1.8h remaining (77952 steps left @ 0.08s/step)
-----------------------------------------
| rollout/                |             |
|    ep_len_mean          | 7.45        |
|    ep_rew_mean          | 0.997       |
| time/                   |             |
|    eta_hours            | 1.81        |
|    fps                  | 12          |
|    iterations           | 4           |
|    sec_per_step         | 0.0836      |
|    time_elapsed         | 168         |
|    total_timesteps      | 22528       |
| train/                  |             |
|    approx_kl            | 0.010111644 |
|    clip_fraction        | 0.0982      |
|    clip_range           | 0.2         |
|    entropy_loss         | -2.57       |
|    explained_variance   | 0.715       |
|    learning_rate        | 0.0001      |
|    loss                 | 0.0791      |
|    n_updates            | 400         |
|    policy_gradient_loss | -0.0177     |
|    std                  | 0.875       |
|    value_loss           | 0.27        |
-----------------------------------------
[E2] ~1.8h remaining (77440 steps left @ 0.09s/step)
----------------------------------------
| rollout/                |            |
|    ep_len_mean          | 7.23       |
|    ep_rew_mean          | 1.03       |
| time/                   |            |
|    eta_hours            | 1.85       |
|    fps                  | 11         |
|    iterations           | 5          |
|    sec_per_step         | 0.086      |
|    time_elapsed         | 215        |
|    total_timesteps      | 23040      |
| train/                  |            |
|    approx_kl            | 0.01094769 |
|    clip_fraction        | 0.0658     |
|    clip_range           | 0.2        |
|    entropy_loss         | -2.56      |
|    explained_variance   | 0.735      |
|    learning_rate        | 0.0001     |
|    loss                 | 0.0745     |
|    n_updates            | 410        |
|    policy_gradient_loss | -0.0145    |
|    std                  | 0.872      |
|    value_loss           | 0.216      |
----------------------------------------
[E2] ~1.9h remaining (76928 steps left @ 0.09s/step)
-----------------------------------------
| rollout/                |             |
|    ep_len_mean          | 7.25        |
|    ep_rew_mean          | 1.02        |
| time/                   |             |
|    eta_hours            | 1.86        |
|    fps                  | 11          |
|    iterations           | 6           |
|    sec_per_step         | 0.0869      |
|    time_elapsed         | 261         |
|    total_timesteps      | 23552       |
| train/                  |             |
|    approx_kl            | 0.013626395 |
|    clip_fraction        | 0.0955      |
|    clip_range           | 0.2         |
|    entropy_loss         | -2.56       |
|    explained_variance   | 0.745       |
|    learning_rate        | 0.0001      |
|    loss                 | 0.157       |
|    n_updates            | 420         |
|    policy_gradient_loss | -0.0204     |
|    std                  | 0.87        |
|    value_loss           | 0.285       |
-----------------------------------------
[E2] ~1.8h remaining (76416 steps left @ 0.08s/step)
-----------------------------------------
| rollout/                |             |
|    ep_len_mean          | 7.29        |
|    ep_rew_mean          | 1           |
| time/                   |             |
|    eta_hours            | 1.8         |
|    fps                  | 11          |
|    iterations           | 7           |
|    sec_per_step         | 0.0848      |
|    time_elapsed         | 301         |
|    total_timesteps      | 24064       |
| train/                  |             |
|    approx_kl            | 0.014806152 |
|    clip_fraction        | 0.134       |
|    clip_range           | 0.2         |
|    entropy_loss         | -2.55       |
|    explained_variance   | 0.739       |
|    learning_rate        | 0.0001      |
|    loss                 | 0.0804      |
|    n_updates            | 430         |
|    policy_gradient_loss | -0.0201     |
|    std                  | 0.867       |
|    value_loss           | 0.282       |
-----------------------------------------
[MF full3 @ 24576] MAPE_f=10.38% MAPE_full=7.72% bias=+2.66% rankcorr=None → stay
[E2] ~1.9h remaining (75904 steps left @ 0.09s/step)
-----------------------------------------
| rollout/                |             |
|    ep_len_mean          | 7.36        |
|    ep_rew_mean          | 1.05        |
| time/                   |             |
|    eta_hours            | 1.91        |
|    fps                  | 11          |
|    iterations           | 8           |
|    sec_per_step         | 0.0904      |
|    time_elapsed         | 354         |
|    total_timesteps      | 24576       |
| train/                  |             |
|    approx_kl            | 0.011145145 |
|    clip_fraction        | 0.0703      |
|    clip_range           | 0.2         |
|    entropy_loss         | -2.55       |
|    explained_variance   | 0.728       |
|    learning_rate        | 0.0001      |
|    loss                 | 0.0253      |
|    n_updates            | 440         |
|    policy_gradient_loss | -0.0174     |
|    std                  | 0.864       |
|    value_loss           | 0.289       |
-----------------------------------------
[E2] ~2.0h remaining (75392 steps left @ 0.09s/step)
-----------------------------------------
| rollout/                |             |
|    ep_len_mean          | 7.26        |
|    ep_rew_mean          | 1.06        |
| time/                   |             |
|    eta_hours            | 1.95        |
|    fps                  | 11          |
|    iterations           | 9           |
|    sec_per_step         | 0.0933      |
|    time_elapsed         | 406         |
|    total_timesteps      | 25088       |
| train/                  |             |
|    approx_kl            | 0.011841717 |
|    clip_fraction        | 0.112       |
|    clip_range           | 0.2         |
|    entropy_loss         | -2.54       |
|    explained_variance   | 0.784       |
|    learning_rate        | 0.0001      |
|    loss                 | 0.0663      |
|    n_updates            | 450         |
|    policy_gradient_loss | -0.0179     |
|    std                  | 0.862       |
|    value_loss           | 0.248       |
-----------------------------------------
[E2] ~1.9h remaining (74880 steps left @ 0.09s/step)
-----------------------------------------
| rollout/                |             |
|    ep_len_mean          | 7.18        |
|    ep_rew_mean          | 1.07        |
| time/                   |             |
|    eta_hours            | 1.88        |
|    fps                  | 11          |
|    iterations           | 10          |
|    sec_per_step         | 0.0906      |
|    time_elapsed         | 449         |
|    total_timesteps      | 25600       |
| train/                  |             |
|    approx_kl            | 0.011030657 |
|    clip_fraction        | 0.075       |
|    clip_range           | 0.2         |
|    entropy_loss         | -2.53       |
|    explained_variance   | 0.736       |
|    learning_rate        | 0.0001      |
|    loss                 | 0.108       |
|    n_updates            | 460         |
|    policy_gradient_loss | -0.0181     |
|    std                  | 0.859       |
|    value_loss           | 0.304       |
-----------------------------------------
[E2] ~1.9h remaining (74368 steps left @ 0.09s/step)
----------------------------------------
| rollout/                |            |
|    ep_len_mean          | 7.3        |
|    ep_rew_mean          | 1.09       |
| time/                   |            |
|    eta_hours            | 1.91       |
|    fps                  | 11         |
|    iterations           | 11         |
|    sec_per_step         | 0.0926     |
|    time_elapsed         | 499        |
|    total_timesteps      | 26112      |
| train/                  |            |
|    approx_kl            | 0.02297581 |
|    clip_fraction        | 0.17       |
|    clip_range           | 0.2        |
|    entropy_loss         | -2.53      |
|    explained_variance   | 0.742      |
|    learning_rate        | 0.0001     |
|    loss                 | 0.0785     |
|    n_updates            | 470        |
|    policy_gradient_loss | -0.024     |
|    std                  | 0.856      |
|    value_loss           | 0.31       |
----------------------------------------
[MF full3 @ 26624] MAPE_f=8.97% MAPE_full=7.23% bias=+1.75% rankcorr=None → stay
[E2] ~1.9h remaining (73856 steps left @ 0.09s/step)
-----------------------------------------
| rollout/                |             |
|    ep_len_mean          | 7.17        |
|    ep_rew_mean          | 1.03        |
| time/                   |             |
|    eta_hours            | 1.92        |
|    fps                  | 11          |
|    iterations           | 12          |
|    sec_per_step         | 0.0934      |
|    time_elapsed         | 547         |
|    total_timesteps      | 26624       |
| train/                  |             |
|    approx_kl            | 0.015235769 |
|    clip_fraction        | 0.114       |
|    clip_range           | 0.2         |
|    entropy_loss         | -2.52       |
|    explained_variance   | 0.754       |
|    learning_rate        | 0.0001      |
|    loss                 | 0.0554      |
|    n_updates            | 480         |
|    policy_gradient_loss | -0.0179     |
|    std                  | 0.851       |
|    value_loss           | 0.285       |
-----------------------------------------
[E2] ~1.9h remaining (73344 steps left @ 0.09s/step)
-----------------------------------------
| rollout/                |             |
|    ep_len_mean          | 6.99        |
|    ep_rew_mean          | 1.07        |
| time/                   |             |
|    eta_hours            | 1.89        |
|    fps                  | 11          |
|    iterations           | 13          |
|    sec_per_step         | 0.0928      |
|    time_elapsed         | 594         |
|    total_timesteps      | 27136       |
| train/                  |             |
|    approx_kl            | 0.014463318 |
|    clip_fraction        | 0.12        |
|    clip_range           | 0.2         |
|    entropy_loss         | -2.51       |
|    explained_variance   | 0.709       |
|    learning_rate        | 0.0001      |
|    loss                 | 0.113       |
|    n_updates            | 490         |
|    policy_gradient_loss | -0.0227     |
|    std                  | 0.848       |
|    value_loss           | 0.294       |
-----------------------------------------
[E2] ~1.9h remaining (72832 steps left @ 0.09s/step)
-----------------------------------------
| rollout/                |             |
|    ep_len_mean          | 7.24        |
|    ep_rew_mean          | 1.05        |
| time/                   |             |
|    eta_hours            | 1.88        |
|    fps                  | 11          |
|    iterations           | 14          |
|    sec_per_step         | 0.093       |
|    time_elapsed         | 642         |
|    total_timesteps      | 27648       |
| train/                  |             |
|    approx_kl            | 0.013691878 |
|    clip_fraction        | 0.0971      |
|    clip_range           | 0.2         |
|    entropy_loss         | -2.5        |
|    explained_variance   | 0.727       |
|    learning_rate        | 0.0001      |
|    loss                 | 0.151       |
|    n_updates            | 500         |
|    policy_gradient_loss | -0.0152     |
|    std                  | 0.847       |
|    value_loss           | 0.318       |
-----------------------------------------
[E2] ~1.9h remaining (72320 steps left @ 0.10s/step)
-----------------------------------------
| rollout/                |             |
|    ep_len_mean          | 7.16        |
|    ep_rew_mean          | 1.06        |
| time/                   |             |
|    eta_hours            | 1.92        |
|    fps                  | 11          |
|    iterations           | 15          |
|    sec_per_step         | 0.0958      |
|    time_elapsed         | 694         |
|    total_timesteps      | 28160       |
| train/                  |             |
|    approx_kl            | 0.011050584 |
|    clip_fraction        | 0.0656      |
|    clip_range           | 0.2         |
|    entropy_loss         | -2.5        |
|    explained_variance   | 0.753       |
|    learning_rate        | 0.0001      |
|    loss                 | 0.119       |
|    n_updates            | 510         |
|    policy_gradient_loss | -0.013      |
|    std                  | 0.843       |
|    value_loss           | 0.291       |
-----------------------------------------
[MF full3 @ 28672] MAPE_f=6.30% MAPE_full=7.21% bias=-0.91% rankcorr=1.0 → stay
[E2] ~1.9h remaining (71808 steps left @ 0.10s/step)
-----------------------------------------
| rollout/                |             |
|    ep_len_mean          | 7.21        |
|    ep_rew_mean          | 1.07        |
| time/                   |             |
|    eta_hours            | 1.92        |
|    fps                  | 11          |
|    iterations           | 16          |
|    sec_per_step         | 0.0961      |
|    time_elapsed         | 744         |
|    total_timesteps      | 28672       |
| train/                  |             |
|    approx_kl            | 0.012580993 |
|    clip_fraction        | 0.1         |
|    clip_range           | 0.2         |
|    entropy_loss         | -2.49       |
|    explained_variance   | 0.78        |
|    learning_rate        | 0.0001      |
|    loss                 | 0.0822      |
|    n_updates            | 520         |
|    policy_gradient_loss | -0.0199     |
|    std                  | 0.841       |
|    value_loss           | 0.237       |
-----------------------------------------
[E2] ~2.0h remaining (71296 steps left @ 0.10s/step)
-----------------------------------------
| rollout/                |             |
|    ep_len_mean          | 7.22        |
|    ep_rew_mean          | 1.07        |
| time/                   |             |
|    eta_hours            | 2           |
|    fps                  | 10          |
|    iterations           | 17          |
|    sec_per_step         | 0.101       |
|    time_elapsed         | 801         |
|    total_timesteps      | 29184       |
| train/                  |             |
|    approx_kl            | 0.014070842 |
|    clip_fraction        | 0.103       |
|    clip_range           | 0.2         |
|    entropy_loss         | -2.48       |
|    explained_variance   | 0.728       |
|    learning_rate        | 0.0001      |
|    loss                 | 0.139       |
|    n_updates            | 530         |
|    policy_gradient_loss | -0.0176     |
|    std                  | 0.838       |
|    value_loss           | 0.294       |
-----------------------------------------
[E2] ~2.0h remaining (70784 steps left @ 0.10s/step)
-----------------------------------------
| rollout/                |             |
|    ep_len_mean          | 7.41        |
|    ep_rew_mean          | 1.07        |
| time/                   |             |
|    eta_hours            | 2.03        |
|    fps                  | 10          |
|    iterations           | 18          |
|    sec_per_step         | 0.103       |
|    time_elapsed         | 857         |
|    total_timesteps      | 29696       |
| train/                  |             |
|    approx_kl            | 0.010671357 |
|    clip_fraction        | 0.1         |
|    clip_range           | 0.2         |
|    entropy_loss         | -2.48       |
|    explained_variance   | 0.74        |
|    learning_rate        | 0.0001      |
|    loss                 | 0.0865      |
|    n_updates            | 540         |
|    policy_gradient_loss | -0.0161     |
|    std                  | 0.834       |
|    value_loss           | 0.303       |
-----------------------------------------
[E2] ~2.0h remaining (70272 steps left @ 0.10s/step)
-----------------------------------------
| rollout/                |             |
|    ep_len_mean          | 7.51        |
|    ep_rew_mean          | 1.1         |
| time/                   |             |
|    eta_hours            | 2.02        |
|    fps                  | 10          |
|    iterations           | 19          |
|    sec_per_step         | 0.103       |
|    time_elapsed         | 910         |
|    total_timesteps      | 30208       |
| train/                  |             |
|    approx_kl            | 0.010993239 |
|    clip_fraction        | 0.0834      |
|    clip_range           | 0.2         |
|    entropy_loss         | -2.47       |
|    explained_variance   | 0.787       |
|    learning_rate        | 0.0001      |
|    loss                 | 0.0447      |
|    n_updates            | 550         |
|    policy_gradient_loss | -0.018      |
|    std                  | 0.83        |
|    value_loss           | 0.208       |
-----------------------------------------
[E2 eval @ step 30481]  MAPE=7.72%  p90=12.95%  success(<5%)=25.0%  mean_scan_time=507.3s
[MF full3 @ 30720] MAPE_f=5.23% MAPE_full=5.52% bias=-0.29% rankcorr=1.0 → stay
[E2] ~2.1h remaining (69760 steps left @ 0.11s/step)
-----------------------------------------
| rollout/                |             |
|    ep_len_mean          | 7.56        |
|    ep_rew_mean          | 1.06        |
| time/                   |             |
|    eta_hours            | 2.08        |
|    fps                  | 10          |
|    iterations           | 20          |
|    sec_per_step         | 0.107       |
|    time_elapsed         | 970         |
|    total_timesteps      | 30720       |
| train/                  |             |
|    approx_kl            | 0.009598158 |
|    clip_fraction        | 0.0742      |
|    clip_range           | 0.2         |
|    entropy_loss         | -2.46       |
|    explained_variance   | 0.672       |
|    learning_rate        | 0.0001      |
|    loss                 | 0.203       |
|    n_updates            | 560         |
|    policy_gradient_loss | -0.0171     |
|    std                  | 0.827       |
|    value_loss           | 0.353       |
-----------------------------------------
[E2] ~2.0h remaining (69248 steps left @ 0.10s/step)
-----------------------------------------
| rollout/                |             |
|    ep_len_mean          | 7.68        |
|    ep_rew_mean          | 1.03        |
| time/                   |             |
|    eta_hours            | 2.01        |
|    fps                  | 10          |
|    iterations           | 21          |
|    sec_per_step         | 0.104       |
|    time_elapsed         | 1020        |
|    total_timesteps      | 31232       |
| train/                  |             |
|    approx_kl            | 0.010668348 |
|    clip_fraction        | 0.0814      |
|    clip_range           | 0.2         |
|    entropy_loss         | -2.45       |
|    explained_variance   | 0.766       |
|    learning_rate        | 0.0001      |
|    loss                 | 0.074       |
|    n_updates            | 570         |
|    policy_gradient_loss | -0.0162     |
|    std                  | 0.827       |
|    value_loss           | 0.235       |
-----------------------------------------
[E2] ~2.0h remaining (68736 steps left @ 0.11s/step)
-----------------------------------------
| rollout/                |             |
|    ep_len_mean          | 7.72        |
|    ep_rew_mean          | 1.05        |
| time/                   |             |
|    eta_hours            | 2.03        |
|    fps                  | 10          |
|    iterations           | 22          |
|    sec_per_step         | 0.107       |
|    time_elapsed         | 1077        |
|    total_timesteps      | 31744       |
| train/                  |             |
|    approx_kl            | 0.011607602 |
|    clip_fraction        | 0.0842      |
|    clip_range           | 0.2         |
|    entropy_loss         | -2.45       |
|    explained_variance   | 0.8         |
|    learning_rate        | 0.0001      |
|    loss                 | 0.0733      |
|    n_updates            | 580         |
|    policy_gradient_loss | -0.0172     |
|    std                  | 0.826       |
|    value_loss           | 0.207       |
-----------------------------------------
[E2] ~1.9h remaining (68224 steps left @ 0.10s/step)
-----------------------------------------
| rollout/                |             |
|    ep_len_mean          | 7.89        |
|    ep_rew_mean          | 1.06        |
| time/                   |             |
|    eta_hours            | 1.94        |
|    fps                  | 10          |
|    iterations           | 23          |
|    sec_per_step         | 0.102       |
|    time_elapsed         | 1124        |
|    total_timesteps      | 32256       |
| train/                  |             |
|    approx_kl            | 0.013716374 |
|    clip_fraction        | 0.09        |
|    clip_range           | 0.2         |
|    entropy_loss         | -2.44       |
|    explained_variance   | 0.791       |
|    learning_rate        | 0.0001      |
|    loss                 | 0.0672      |
|    n_updates            | 590         |
|    policy_gradient_loss | -0.0185     |
|    std                  | 0.821       |
|    value_loss           | 0.224       |
-----------------------------------------
[MF full3 @ 32768] MAPE_f=5.47% MAPE_full=6.39% bias=-0.92% rankcorr=1.0 → PROMOTE(bias_intolerance)
[MF] stage full3 done in 19.6 min

[MF] ===== stage 4: full  (final) =====
[MF] full warm-start full-sim MAPE_pre=6.39%  (gap vs prev final: 0.0%)
Logging to runs/e2/mf_runB_5sphere_hist_560s_gpu/tb/analytic/PPO_1
[E2 eval @ step 32769]  MAPE=7.17%  p90=11.48%  success(<5%)=30.0%  mean_scan_time=525.9s
[E2 eval]  → new best MAPE 7.17% saved to runs/e2/mf_runB_5sphere_hist_560s_gpu/stage4_full/best
[E2] ~8.1h remaining (299488 steps left @ 0.10s/step)
---------------------------------
| rollout/           |          |
|    ep_len_mean     | 7.72     |
|    ep_rew_mean     | 1.09     |
| time/              |          |
|    eta_hours       | 8.14     |
|    fps             | 10       |
|    iterations      | 1        |
|    sec_per_step    | 0.0978   |
|    time_elapsed    | 50       |
|    total_timesteps | 33280    |
---------------------------------
[E2] ~8.3h remaining (298976 steps left @ 0.10s/step)
-----------------------------------------
| rollout/                |             |
|    ep_len_mean          | 7.66        |
|    ep_rew_mean          | 1.07        |
| time/                   |             |
|    eta_hours            | 8.33        |
|    fps                  | 9           |
|    iterations           | 2           |
|    sec_per_step         | 0.1         |
|    time_elapsed         | 104         |
|    total_timesteps      | 33792       |
| train/                  |             |
|    approx_kl            | 0.012926402 |
|    clip_fraction        | 0.0947      |
|    clip_range           | 0.2         |
|    entropy_loss         | -2.43       |
|    explained_variance   | 0.766       |
|    learning_rate        | 0.0001      |
|    loss                 | 0.108       |
|    n_updates            | 610         |
|    policy_gradient_loss | -0.0167     |
|    std                  | 0.814       |
|    value_loss           | 0.285       |
-----------------------------------------
[E2] ~8.4h remaining (298464 steps left @ 0.10s/step)
-----------------------------------------
| rollout/                |             |
|    ep_len_mean          | 7.61        |
|    ep_rew_mean          | 1.04        |
| time/                   |             |
|    eta_hours            | 8.41        |
|    fps                  | 9           |
|    iterations           | 3           |
|    sec_per_step         | 0.101       |
|    time_elapsed         | 157         |
|    total_timesteps      | 34304       |
| train/                  |             |
|    approx_kl            | 0.011593785 |
|    clip_fraction        | 0.0773      |
|    clip_range           | 0.2         |
|    entropy_loss         | -2.42       |
|    explained_variance   | 0.723       |
|    learning_rate        | 0.0001      |
|    loss                 | 0.14        |
|    n_updates            | 620         |
|    policy_gradient_loss | -0.0177     |
|    std                  | 0.813       |
|    value_loss           | 0.304       |
-----------------------------------------
[E2] ~8.7h remaining (297952 steps left @ 0.11s/step)
-----------------------------------------
| rollout/                |             |
|    ep_len_mean          | 7.88        |
|    ep_rew_mean          | 1.06        |
| time/                   |             |
|    eta_hours            | 8.69        |
|    fps                  | 9           |
|    iterations           | 4           |
|    sec_per_step         | 0.105       |
|    time_elapsed         | 215         |
|    total_timesteps      | 34816       |
| train/                  |             |
|    approx_kl            | 0.015454529 |
|    clip_fraction        | 0.12        |
|    clip_range           | 0.2         |
|    entropy_loss         | -2.41       |
|    explained_variance   | 0.77        |
|    learning_rate        | 0.0001      |
|    loss                 | 0.0537      |
|    n_updates            | 630         |
|    policy_gradient_loss | -0.0218     |
|    std                  | 0.809       |
|    value_loss           | 0.243       |
-----------------------------------------
[E2] ~8.3h remaining (297440 steps left @ 0.10s/step)
-----------------------------------------
| rollout/                |             |
|    ep_len_mean          | 8.04        |
|    ep_rew_mean          | 1.08        |
| time/                   |             |
|    eta_hours            | 8.35        |
|    fps                  | 9           |
|    iterations           | 5           |
|    sec_per_step         | 0.101       |
|    time_elapsed         | 262         |
|    total_timesteps      | 35328       |
| train/                  |             |
|    approx_kl            | 0.008373344 |
|    clip_fraction        | 0.0652      |
|    clip_range           | 0.2         |
|    entropy_loss         | -2.4        |
|    explained_variance   | 0.784       |
|    learning_rate        | 0.0001      |
|    loss                 | 0.0709      |
|    n_updates            | 640         |
|    policy_gradient_loss | -0.0123     |
|    std                  | 0.806       |
|    value_loss           | 0.242       |
-----------------------------------------
[E2] ~8.2h remaining (296928 steps left @ 0.10s/step)
-----------------------------------------
| rollout/                |             |
|    ep_len_mean          | 7.98        |
|    ep_rew_mean          | 1.08        |
| time/                   |             |
|    eta_hours            | 8.21        |
|    fps                  | 9           |
|    iterations           | 6           |
|    sec_per_step         | 0.0995      |
|    time_elapsed         | 311         |
|    total_timesteps      | 35840       |
| train/                  |             |
|    approx_kl            | 0.010727074 |
|    clip_fraction        | 0.0813      |
|    clip_range           | 0.2         |
|    entropy_loss         | -2.4        |
|    explained_variance   | 0.774       |
|    learning_rate        | 0.0001      |
|    loss                 | 0.0531      |
|    n_updates            | 650         |
|    policy_gradient_loss | -0.0178     |
|    std                  | 0.802       |
|    value_loss           | 0.23        |
-----------------------------------------
[E2] ~7.9h remaining (296416 steps left @ 0.10s/step)
-----------------------------------------
| rollout/                |             |
|    ep_len_mean          | 7.98        |
|    ep_rew_mean          | 1.11        |
| time/                   |             |
|    eta_hours            | 7.92        |
|    fps                  | 10          |
|    iterations           | 7           |
|    sec_per_step         | 0.0962      |
|    time_elapsed         | 357         |
|    total_timesteps      | 36352       |
| train/                  |             |
|    approx_kl            | 0.016267296 |
|    clip_fraction        | 0.109       |
|    clip_range           | 0.2         |
|    entropy_loss         | -2.39       |
|    explained_variance   | 0.818       |
|    learning_rate        | 0.0001      |
|    loss                 | 0.0561      |
|    n_updates            | 660         |
|    policy_gradient_loss | -0.0196     |
|    std                  | 0.798       |
|    value_loss           | 0.197       |
-----------------------------------------
[E2] ~7.9h remaining (295904 steps left @ 0.10s/step)
-----------------------------------------
| rollout/                |             |
|    ep_len_mean          | 7.94        |
|    ep_rew_mean          | 1.09        |
| time/                   |             |
|    eta_hours            | 7.87        |
|    fps                  | 10          |
|    iterations           | 8           |
|    sec_per_step         | 0.0957      |
|    time_elapsed         | 405         |
|    total_timesteps      | 36864       |
| train/                  |             |
|    approx_kl            | 0.012363028 |
|    clip_fraction        | 0.0973      |
|    clip_range           | 0.2         |
|    entropy_loss         | -2.38       |
|    explained_variance   | 0.749       |
|    learning_rate        | 0.0001      |
|    loss                 | 0.0832      |
|    n_updates            | 670         |
|    policy_gradient_loss | -0.0202     |
|    std                  | 0.795       |
|    value_loss           | 0.275       |
-----------------------------------------
[E2] ~7.9h remaining (295392 steps left @ 0.10s/step)
-----------------------------------------
| rollout/                |             |
|    ep_len_mean          | 7.9         |
|    ep_rew_mean          | 1.08        |
| time/                   |             |
|    eta_hours            | 7.92        |
|    fps                  | 10          |
|    iterations           | 9           |
|    sec_per_step         | 0.0965      |
|    time_elapsed         | 455         |
|    total_timesteps      | 37376       |
| train/                  |             |
|    approx_kl            | 0.013687432 |
|    clip_fraction        | 0.104       |
|    clip_range           | 0.2         |
|    entropy_loss         | -2.37       |
|    explained_variance   | 0.748       |
|    learning_rate        | 0.0001      |
|    loss                 | 0.111       |
|    n_updates            | 680         |
|    policy_gradient_loss | -0.0197     |
|    std                  | 0.792       |
|    value_loss           | 0.248       |
-----------------------------------------
[E2] ~7.7h remaining (294880 steps left @ 0.09s/step)
-----------------------------------------
| rollout/                |             |
|    ep_len_mean          | 7.79        |
|    ep_rew_mean          | 1.08        |
| time/                   |             |
|    eta_hours            | 7.74        |
|    fps                  | 10          |
|    iterations           | 10          |
|    sec_per_step         | 0.0944      |
|    time_elapsed         | 501         |
|    total_timesteps      | 37888       |
| train/                  |             |
|    approx_kl            | 0.015363586 |
|    clip_fraction        | 0.146       |
|    clip_range           | 0.2         |
|    entropy_loss         | -2.36       |
|    explained_variance   | 0.771       |
|    learning_rate        | 0.0001      |
|    loss                 | 0.0667      |
|    n_updates            | 690         |
|    policy_gradient_loss | -0.0255     |
|    std                  | 0.787       |
|    value_loss           | 0.237       |
-----------------------------------------
[E2] ~7.9h remaining (294368 steps left @ 0.10s/step)
-----------------------------------------
| rollout/                |             |
|    ep_len_mean          | 7.91        |
|    ep_rew_mean          | 1.09        |
| time/                   |             |
|    eta_hours            | 7.93        |
|    fps                  | 10          |
|    iterations           | 11          |
|    sec_per_step         | 0.0969      |
|    time_elapsed         | 554         |
|    total_timesteps      | 38400       |
| train/                  |             |
|    approx_kl            | 0.015756322 |
|    clip_fraction        | 0.119       |
|    clip_range           | 0.2         |
|    entropy_loss         | -2.35       |
|    explained_variance   | 0.749       |
|    learning_rate        | 0.0001      |
|    loss                 | 0.121       |
|    n_updates            | 700         |
|    policy_gradient_loss | -0.0179     |
|    std                  | 0.785       |
|    value_loss           | 0.262       |
-----------------------------------------
[E2] ~8.0h remaining (293856 steps left @ 0.10s/step)
-----------------------------------------
| rollout/                |             |
|    ep_len_mean          | 8.14        |
|    ep_rew_mean          | 1.11        |
| time/                   |             |
|    eta_hours            | 7.97        |
|    fps                  | 10          |
|    iterations           | 12          |
|    sec_per_step         | 0.0976      |
|    time_elapsed         | 605         |
|    total_timesteps      | 38912       |
| train/                  |             |
|    approx_kl            | 0.013396755 |
|    clip_fraction        | 0.101       |
|    clip_range           | 0.2         |
|    entropy_loss         | -2.34       |
|    explained_variance   | 0.801       |
|    learning_rate        | 0.0001      |
|    loss                 | 0.0237      |
|    n_updates            | 710         |
|    policy_gradient_loss | -0.0178     |
|    std                  | 0.783       |
|    value_loss           | 0.236       |
-----------------------------------------
[E2] ~8.2h remaining (293344 steps left @ 0.10s/step)
-----------------------------------------
| rollout/                |             |
|    ep_len_mean          | 8.13        |
|    ep_rew_mean          | 1.11        |
| time/                   |             |
|    eta_hours            | 8.21        |
|    fps                  | 10          |
|    iterations           | 13          |
|    sec_per_step         | 0.101       |
|    time_elapsed         | 660         |
|    total_timesteps      | 39424       |
| train/                  |             |
|    approx_kl            | 0.010875638 |
|    clip_fraction        | 0.0873      |
|    clip_range           | 0.2         |
|    entropy_loss         | -2.34       |
|    explained_variance   | 0.765       |
|    learning_rate        | 0.0001      |
|    loss                 | 0.132       |
|    n_updates            | 720         |
|    policy_gradient_loss | -0.0181     |
|    std                  | 0.78        |
|    value_loss           | 0.268       |
-----------------------------------------
[E2] ~8.3h remaining (292832 steps left @ 0.10s/step)
-----------------------------------------
| rollout/                |             |
|    ep_len_mean          | 8           |
|    ep_rew_mean          | 1.11        |
| time/                   |             |
|    eta_hours            | 8.27        |
|    fps                  | 10          |
|    iterations           | 14          |
|    sec_per_step         | 0.102       |
|    time_elapsed         | 713         |
|    total_timesteps      | 39936       |
| train/                  |             |
|    approx_kl            | 0.012371959 |
|    clip_fraction        | 0.0879      |
|    clip_range           | 0.2         |
|    entropy_loss         | -2.33       |
|    explained_variance   | 0.733       |
|    learning_rate        | 0.0001      |
|    loss                 | 0.0661      |
|    n_updates            | 730         |
|    policy_gradient_loss | -0.0169     |
|    std                  | 0.776       |
|    value_loss           | 0.285       |
-----------------------------------------
[E2] ~8.6h remaining (292320 steps left @ 0.11s/step)
-----------------------------------------
| rollout/                |             |
|    ep_len_mean          | 7.96        |
|    ep_rew_mean          | 1.09        |
| time/                   |             |
|    eta_hours            | 8.59        |
|    fps                  | 9           |
|    iterations           | 15          |
|    sec_per_step         | 0.106       |
|    time_elapsed         | 772         |
|    total_timesteps      | 40448       |
| train/                  |             |
|    approx_kl            | 0.013557931 |
|    clip_fraction        | 0.122       |
|    clip_range           | 0.2         |
|    entropy_loss         | -2.32       |
|    explained_variance   | 0.749       |
|    learning_rate        | 0.0001      |
|    loss                 | 0.0451      |
|    n_updates            | 740         |
|    policy_gradient_loss | -0.0196     |
|    std                  | 0.775       |
|    value_loss           | 0.267       |
-----------------------------------------
[E2] ~8.3h remaining (291808 steps left @ 0.10s/step)
-----------------------------------------
| rollout/                |             |
|    ep_len_mean          | 8.03        |
|    ep_rew_mean          | 1.1         |
| time/                   |             |
|    eta_hours            | 8.27        |
|    fps                  | 9           |
|    iterations           | 16          |
|    sec_per_step         | 0.102       |
|    time_elapsed         | 820         |
|    total_timesteps      | 40960       |
| train/                  |             |
|    approx_kl            | 0.011847689 |
|    clip_fraction        | 0.0955      |
|    clip_range           | 0.2         |
|    entropy_loss         | -2.32       |
|    explained_variance   | 0.78        |
|    learning_rate        | 0.0001      |
|    loss                 | 0.0625      |
|    n_updates            | 750         |
|    policy_gradient_loss | -0.0193     |
|    std                  | 0.774       |
|    value_loss           | 0.243       |
-----------------------------------------
[E2] ~8.4h remaining (291296 steps left @ 0.10s/step)
------------------------------------------
| rollout/                |              |
|    ep_len_mean          | 8.27         |
|    ep_rew_mean          | 1.1          |
| time/                   |              |
|    eta_hours            | 8.42         |
|    fps                  | 9            |
|    iterations           | 17           |
|    sec_per_step         | 0.104        |
|    time_elapsed         | 876          |
|    total_timesteps      | 41472        |
| train/                  |              |
|    approx_kl            | 0.0098180035 |
|    clip_fraction        | 0.0533       |
|    clip_range           | 0.2          |
|    entropy_loss         | -2.31        |
|    explained_variance   | 0.767        |
|    learning_rate        | 0.0001       |
|    loss                 | 0.0787       |
|    n_updates            | 760          |
|    policy_gradient_loss | -0.0131      |
|    std                  | 0.772        |
|    value_loss           | 0.226        |
------------------------------------------
[E2] ~8.3h remaining (290784 steps left @ 0.10s/step)
-----------------------------------------
| rollout/                |             |
|    ep_len_mean          | 7.95        |
|    ep_rew_mean          | 1.08        |
| time/                   |             |
|    eta_hours            | 8.35        |
|    fps                  | 9           |
|    iterations           | 18          |
|    sec_per_step         | 0.103       |
|    time_elapsed         | 928         |
|    total_timesteps      | 41984       |
| train/                  |             |
|    approx_kl            | 0.013179863 |
|    clip_fraction        | 0.113       |
|    clip_range           | 0.2         |
|    entropy_loss         | -2.31       |
|    explained_variance   | 0.794       |
|    learning_rate        | 0.0001      |
|    loss                 | 0.124       |
|    n_updates            | 770         |
|    policy_gradient_loss | -0.0218     |
|    std                  | 0.768       |
|    value_loss           | 0.216       |
-----------------------------------------
[E2] ~8.1h remaining (290272 steps left @ 0.10s/step)
-----------------------------------------
| rollout/                |             |
|    ep_len_mean          | 8.05        |
|    ep_rew_mean          | 1.09        |
| time/                   |             |
|    eta_hours            | 8.11        |
|    fps                  | 9           |
|    iterations           | 19          |
|    sec_per_step         | 0.101       |
|    time_elapsed         | 976         |
|    total_timesteps      | 42496       |
| train/                  |             |
|    approx_kl            | 0.014388612 |
|    clip_fraction        | 0.123       |
|    clip_range           | 0.2         |
|    entropy_loss         | -2.3        |
|    explained_variance   | 0.794       |
|    learning_rate        | 0.0001      |
|    loss                 | 0.064       |
|    n_updates            | 780         |
|    policy_gradient_loss | -0.0221     |
|    std                  | 0.767       |
|    value_loss           | 0.218       |
-----------------------------------------
[E2 eval @ step 42769]  MAPE=6.27%  p90=7.91%  success(<5%)=15.0%  mean_scan_time=521.3s
[E2 eval]  → new best MAPE 6.27% saved to runs/e2/mf_runB_5sphere_hist_560s_gpu/stage4_full/best
[E2] ~8.8h remaining (289760 steps left @ 0.11s/step)
-----------------------------------------
| rollout/                |             |
|    ep_len_mean          | 8.21        |
|    ep_rew_mean          | 1.11        |
| time/                   |             |
|    eta_hours            | 8.78        |
|    fps                  | 9           |
|    iterations           | 20          |
|    sec_per_step         | 0.109       |
|    time_elapsed         | 1042        |
|    total_timesteps      | 43008       |
| train/                  |             |
|    approx_kl            | 0.013800545 |
|    clip_fraction        | 0.101       |
|    clip_range           | 0.2         |
|    entropy_loss         | -2.29       |
|    explained_variance   | 0.816       |
|    learning_rate        | 0.0001      |
|    loss                 | 0.0568      |
|    n_updates            | 790         |
|    policy_gradient_loss | -0.019      |
|    std                  | 0.763       |
|    value_loss           | 0.205       |
-----------------------------------------
[E2] ~8.6h remaining (289248 steps left @ 0.11s/step)
-----------------------------------------
| rollout/                |             |
|    ep_len_mean          | 8.19        |
|    ep_rew_mean          | 1.09        |
| time/                   |             |
|    eta_hours            | 8.55        |
|    fps                  | 9           |
|    iterations           | 21          |
|    sec_per_step         | 0.106       |
|    time_elapsed         | 1094        |
|    total_timesteps      | 43520       |
| train/                  |             |
|    approx_kl            | 0.017349327 |
|    clip_fraction        | 0.124       |
|    clip_range           | 0.2         |
|    entropy_loss         | -2.28       |
|    explained_variance   | 0.76        |
|    learning_rate        | 0.0001      |
|    loss                 | 0.12        |
|    n_updates            | 800         |
|    policy_gradient_loss | -0.0228     |
|    std                  | 0.76        |
|    value_loss           | 0.299       |
-----------------------------------------
[E2] ~8.5h remaining (288736 steps left @ 0.11s/step)
-----------------------------------------
| rollout/                |             |
|    ep_len_mean          | 7.96        |
|    ep_rew_mean          | 1.08        |
| time/                   |             |
|    eta_hours            | 8.52        |
|    fps                  | 9           |
|    iterations           | 22          |
|    sec_per_step         | 0.106       |
|    time_elapsed         | 1148        |
|    total_timesteps      | 44032       |
| train/                  |             |
|    approx_kl            | 0.016138732 |
|    clip_fraction        | 0.138       |
|    clip_range           | 0.2         |
|    entropy_loss         | -2.27       |
|    explained_variance   | 0.74        |
|    learning_rate        | 0.0001      |
|    loss                 | 0.157       |
|    n_updates            | 810         |
|    policy_gradient_loss | -0.0251     |
|    std                  | 0.756       |
|    value_loss           | 0.287       |
-----------------------------------------
[E2] ~8.1h remaining (288224 steps left @ 0.10s/step)
-----------------------------------------
| rollout/                |             |
|    ep_len_mean          | 7.78        |
|    ep_rew_mean          | 1.09        |
| time/                   |             |
|    eta_hours            | 8.15        |
|    fps                  | 9           |
|    iterations           | 23          |
|    sec_per_step         | 0.102       |
|    time_elapsed         | 1194        |
|    total_timesteps      | 44544       |
| train/                  |             |
|    approx_kl            | 0.009332342 |
|    clip_fraction        | 0.0787      |
|    clip_range           | 0.2         |
|    entropy_loss         | -2.26       |
|    explained_variance   | 0.75        |
|    learning_rate        | 0.0001      |
|    loss                 | 0.103       |
|    n_updates            | 820         |
|    policy_gradient_loss | -0.0152     |
|    std                  | 0.753       |
|    value_loss           | 0.266       |
-----------------------------------------
[E2] ~7.8h remaining (287712 steps left @ 0.10s/step)
-----------------------------------------
| rollout/                |             |
|    ep_len_mean          | 7.88        |
|    ep_rew_mean          | 1.1         |
| time/                   |             |
|    eta_hours            | 7.77        |
|    fps                  | 9           |
|    iterations           | 24          |
|    sec_per_step         | 0.0972      |
|    time_elapsed         | 1239        |
|    total_timesteps      | 45056       |
| train/                  |             |
|    approx_kl            | 0.013847723 |
|    clip_fraction        | 0.11        |
|    clip_range           | 0.2         |
|    entropy_loss         | -2.26       |
|    explained_variance   | 0.807       |
|    learning_rate        | 0.0001      |
|    loss                 | 0.0428      |
|    n_updates            | 830         |
|    policy_gradient_loss | -0.0196     |
|    std                  | 0.753       |
|    value_loss           | 0.224       |
-----------------------------------------
[E2] ~7.8h remaining (287200 steps left @ 0.10s/step)
-----------------------------------------
| rollout/                |             |
|    ep_len_mean          | 7.94        |
|    ep_rew_mean          | 1.1         |
| time/                   |             |
|    eta_hours            | 7.85        |
|    fps                  | 9           |
|    iterations           | 25          |
|    sec_per_step         | 0.0983      |
|    time_elapsed         | 1290        |
|    total_timesteps      | 45568       |
| train/                  |             |
|    approx_kl            | 0.018121112 |
|    clip_fraction        | 0.152       |
|    clip_range           | 0.2         |
|    entropy_loss         | -2.26       |
|    explained_variance   | 0.716       |
|    learning_rate        | 0.0001      |
|    loss                 | 0.132       |
|    n_updates            | 840         |
|    policy_gradient_loss | -0.0215     |
|    std                  | 0.752       |
|    value_loss           | 0.306       |
-----------------------------------------
[E2] ~8.0h remaining (286688 steps left @ 0.10s/step)
-----------------------------------------
| rollout/                |             |
|    ep_len_mean          | 8.04        |
|    ep_rew_mean          | 1.1         |
| time/                   |             |
|    eta_hours            | 7.98        |
|    fps                  | 9           |
|    iterations           | 26          |
|    sec_per_step         | 0.1         |
|    time_elapsed         | 1344        |
|    total_timesteps      | 46080       |
| train/                  |             |
|    approx_kl            | 0.009664765 |
|    clip_fraction        | 0.0717      |
|    clip_range           | 0.2         |
|    entropy_loss         | -2.25       |
|    explained_variance   | 0.746       |
|    learning_rate        | 0.0001      |
|    loss                 | 0.102       |
|    n_updates            | 850         |
|    policy_gradient_loss | -0.0144     |
|    std                  | 0.749       |
|    value_loss           | 0.298       |
-----------------------------------------
[E2] ~8.0h remaining (286176 steps left @ 0.10s/step)
-----------------------------------------
| rollout/                |             |
|    ep_len_mean          | 7.87        |
|    ep_rew_mean          | 1.1         |
| time/                   |             |
|    eta_hours            | 7.98        |
|    fps                  | 9           |
|    iterations           | 27          |
|    sec_per_step         | 0.1         |
|    time_elapsed         | 1396        |
|    total_timesteps      | 46592       |
| train/                  |             |
|    approx_kl            | 0.016532442 |
|    clip_fraction        | 0.152       |
|    clip_range           | 0.2         |
|    entropy_loss         | -2.25       |
|    explained_variance   | 0.795       |
|    learning_rate        | 0.0001      |
|    loss                 | 0.0788      |
|    n_updates            | 860         |
|    policy_gradient_loss | -0.0255     |
|    std                  | 0.747       |
|    value_loss           | 0.204       |
-----------------------------------------
[E2] ~8.1h remaining (285664 steps left @ 0.10s/step)
-----------------------------------------
| rollout/                |             |
|    ep_len_mean          | 7.94        |
|    ep_rew_mean          | 1.12        |
| time/                   |             |
|    eta_hours            | 8.12        |
|    fps                  | 9           |
|    iterations           | 28          |
|    sec_per_step         | 0.102       |
|    time_elapsed         | 1450        |
|    total_timesteps      | 47104       |
| train/                  |             |
|    approx_kl            | 0.007663703 |
|    clip_fraction        | 0.0721      |
|    clip_range           | 0.2         |
|    entropy_loss         | -2.24       |
|    explained_variance   | 0.804       |
|    learning_rate        | 0.0001      |
|    loss                 | 0.171       |
|    n_updates            | 870         |
|    policy_gradient_loss | -0.0137     |
|    std                  | 0.743       |
|    value_loss           | 0.211       |
-----------------------------------------
[E2] ~8.2h remaining (285152 steps left @ 0.10s/step)
-----------------------------------------
| rollout/                |             |
|    ep_len_mean          | 8.07        |
|    ep_rew_mean          | 1.16        |
| time/                   |             |
|    eta_hours            | 8.22        |
|    fps                  | 9           |
|    iterations           | 29          |
|    sec_per_step         | 0.104       |
|    time_elapsed         | 1505        |
|    total_timesteps      | 47616       |
| train/                  |             |
|    approx_kl            | 0.010571718 |
|    clip_fraction        | 0.103       |
|    clip_range           | 0.2         |
|    entropy_loss         | -2.23       |
|    explained_variance   | 0.829       |
|    learning_rate        | 0.0001      |
|    loss                 | 0.0521      |
|    n_updates            | 880         |
|    policy_gradient_loss | -0.015      |
|    std                  | 0.741       |
|    value_loss           | 0.191       |
-----------------------------------------
[E2] ~8.2h remaining (284640 steps left @ 0.10s/step)
-----------------------------------------
| rollout/                |             |
|    ep_len_mean          | 8.28        |
|    ep_rew_mean          | 1.18        |
| time/                   |             |
|    eta_hours            | 8.23        |
|    fps                  | 9           |
|    iterations           | 30          |
|    sec_per_step         | 0.104       |
|    time_elapsed         | 1559        |
|    total_timesteps      | 48128       |
| train/                  |             |
|    approx_kl            | 0.018745165 |
|    clip_fraction        | 0.149       |
|    clip_range           | 0.2         |
|    entropy_loss         | -2.22       |
|    explained_variance   | 0.792       |
|    learning_rate        | 0.0001      |
|    loss                 | 0.0904      |
|    n_updates            | 890         |
|    policy_gradient_loss | -0.0227     |
|    std                  | 0.738       |
|    value_loss           | 0.272       |
-----------------------------------------
[E2] ~8.3h remaining (284128 steps left @ 0.11s/step)
-----------------------------------------
| rollout/                |             |
|    ep_len_mean          | 8.24        |
|    ep_rew_mean          | 1.11        |
| time/                   |             |
|    eta_hours            | 8.34        |
|    fps                  | 9           |
|    iterations           | 31          |
|    sec_per_step         | 0.106       |
|    time_elapsed         | 1615        |
|    total_timesteps      | 48640       |
| train/                  |             |
|    approx_kl            | 0.011011958 |
|    clip_fraction        | 0.0717      |
|    clip_range           | 0.2         |
|    entropy_loss         | -2.22       |
|    explained_variance   | 0.751       |
|    learning_rate        | 0.0001      |
|    loss                 | 0.0858      |
|    n_updates            | 900         |
|    policy_gradient_loss | -0.0184     |
|    std                  | 0.737       |
|    value_loss           | 0.274       |
-----------------------------------------
[E2] ~8.3h remaining (283616 steps left @ 0.11s/step)
-----------------------------------------
| rollout/                |             |
|    ep_len_mean          | 8.13        |
|    ep_rew_mean          | 1.14        |
| time/                   |             |
|    eta_hours            | 8.29        |
|    fps                  | 9           |
|    iterations           | 32          |
|    sec_per_step         | 0.105       |
|    time_elapsed         | 1668        |
|    total_timesteps      | 49152       |
| train/                  |             |
|    approx_kl            | 0.011394596 |
|    clip_fraction        | 0.093       |
|    clip_range           | 0.2         |
|    entropy_loss         | -2.21       |
|    explained_variance   | 0.761       |
|    learning_rate        | 0.0001      |
|    loss                 | 0.116       |
|    n_updates            | 910         |
|    policy_gradient_loss | -0.0169     |
|    std                  | 0.736       |
|    value_loss           | 0.264       |
-----------------------------------------
[E2] ~8.1h remaining (283104 steps left @ 0.10s/step)
-----------------------------------------
| rollout/                |             |
|    ep_len_mean          | 8.1         |
|    ep_rew_mean          | 1.13        |
| time/                   |             |
|    eta_hours            | 8.14        |
|    fps                  | 9           |
|    iterations           | 33          |
|    sec_per_step         | 0.103       |
|    time_elapsed         | 1719        |
|    total_timesteps      | 49664       |
| train/                  |             |
|    approx_kl            | 0.020181064 |
|    clip_fraction        | 0.131       |
|    clip_range           | 0.2         |
|    entropy_loss         | -2.21       |
|    explained_variance   | 0.781       |
|    learning_rate        | 0.0001      |
|    loss                 | 0.0474      |
|    n_updates            | 920         |
|    policy_gradient_loss | -0.0258     |
|    std                  | 0.734       |
|    value_loss           | 0.256       |
-----------------------------------------
[E2] ~8.1h remaining (282592 steps left @ 0.10s/step)
-----------------------------------------
| rollout/                |             |
|    ep_len_mean          | 8.03        |
|    ep_rew_mean          | 1.12        |
| time/                   |             |
|    eta_hours            | 8.07        |
|    fps                  | 9           |
|    iterations           | 34          |
|    sec_per_step         | 0.103       |
|    time_elapsed         | 1771        |
|    total_timesteps      | 50176       |
| train/                  |             |
|    approx_kl            | 0.010425832 |
|    clip_fraction        | 0.0793      |
|    clip_range           | 0.2         |
|    entropy_loss         | -2.2        |
|    explained_variance   | 0.776       |
|    learning_rate        | 0.0001      |
|    loss                 | 0.0593      |
|    n_updates            | 930         |
|    policy_gradient_loss | -0.0146     |
|    std                  | 0.731       |
|    value_loss           | 0.252       |
-----------------------------------------
[E2] ~8.3h remaining (282080 steps left @ 0.11s/step)
-----------------------------------------
| rollout/                |             |
|    ep_len_mean          | 8.08        |
|    ep_rew_mean          | 1.14        |
| time/                   |             |
|    eta_hours            | 8.33        |
|    fps                  | 9           |
|    iterations           | 35          |
|    sec_per_step         | 0.106       |
|    time_elapsed         | 1829        |
|    total_timesteps      | 50688       |
| train/                  |             |
|    approx_kl            | 0.009572232 |
|    clip_fraction        | 0.0717      |
|    clip_range           | 0.2         |
|    entropy_loss         | -2.2        |
|    explained_variance   | 0.798       |
|    learning_rate        | 0.0001      |
|    loss                 | 0.125       |
|    n_updates            | 940         |
|    policy_gradient_loss | -0.0161     |
|    std                  | 0.731       |
|    value_loss           | 0.206       |
-----------------------------------------
[E2] ~8.4h remaining (281568 steps left @ 0.11s/step)
-----------------------------------------
| rollout/                |             |
|    ep_len_mean          | 8.4         |
|    ep_rew_mean          | 1.15        |
| time/                   |             |
|    eta_hours            | 8.35        |
|    fps                  | 9           |
|    iterations           | 36          |
|    sec_per_step         | 0.107       |
|    time_elapsed         | 1885        |
|    total_timesteps      | 51200       |
| train/                  |             |
|    approx_kl            | 0.013882745 |
|    clip_fraction        | 0.138       |
|    clip_range           | 0.2         |
|    entropy_loss         | -2.19       |
|    explained_variance   | 0.797       |
|    learning_rate        | 0.0001      |
|    loss                 | 0.0548      |
|    n_updates            | 950         |
|    policy_gradient_loss | -0.0235     |
|    std                  | 0.728       |
|    value_loss           | 0.238       |
-----------------------------------------
[E2] ~8.0h remaining (281056 steps left @ 0.10s/step)
-----------------------------------------
| rollout/                |             |
|    ep_len_mean          | 8.48        |
|    ep_rew_mean          | 1.15        |
| time/                   |             |
|    eta_hours            | 8           |
|    fps                  | 9           |
|    iterations           | 37          |
|    sec_per_step         | 0.103       |
|    time_elapsed         | 1932        |
|    total_timesteps      | 51712       |
| train/                  |             |
|    approx_kl            | 0.017763421 |
|    clip_fraction        | 0.129       |
|    clip_range           | 0.2         |
|    entropy_loss         | -2.19       |
|    explained_variance   | 0.793       |
|    learning_rate        | 0.0001      |
|    loss                 | 0.0788      |
|    n_updates            | 960         |
|    policy_gradient_loss | -0.0257     |
|    std                  | 0.726       |
|    value_loss           | 0.231       |
-----------------------------------------
[E2] ~8.0h remaining (280544 steps left @ 0.10s/step)
-----------------------------------------
| rollout/                |             |
|    ep_len_mean          | 8.38        |
|    ep_rew_mean          | 1.18        |
| time/                   |             |
|    eta_hours            | 7.97        |
|    fps                  | 9           |
|    iterations           | 38          |
|    sec_per_step         | 0.102       |
|    time_elapsed         | 1984        |
|    total_timesteps      | 52224       |
| train/                  |             |
|    approx_kl            | 0.012586034 |
|    clip_fraction        | 0.111       |
|    clip_range           | 0.2         |
|    entropy_loss         | -2.18       |
|    explained_variance   | 0.82        |
|    learning_rate        | 0.0001      |
|    loss                 | 0.0376      |
|    n_updates            | 970         |
|    policy_gradient_loss | -0.0207     |
|    std                  | 0.725       |
|    value_loss           | 0.202       |
-----------------------------------------
[E2] ~8.0h remaining (280032 steps left @ 0.10s/step)
-----------------------------------------
| rollout/                |             |
|    ep_len_mean          | 8.69        |
|    ep_rew_mean          | 1.17        |
| time/                   |             |
|    eta_hours            | 8.03        |
|    fps                  | 9           |
|    iterations           | 39          |
|    sec_per_step         | 0.103       |
|    time_elapsed         | 2038        |
|    total_timesteps      | 52736       |
| train/                  |             |
|    approx_kl            | 0.015372192 |
|    clip_fraction        | 0.13        |
|    clip_range           | 0.2         |
|    entropy_loss         | -2.18       |
|    explained_variance   | 0.749       |
|    learning_rate        | 0.0001      |
|    loss                 | 0.0734      |
|    n_updates            | 980         |
|    policy_gradient_loss | -0.0257     |
|    std                  | 0.723       |
|    value_loss           | 0.297       |
-----------------------------------------
[E2 eval @ step 52769]  MAPE=5.65%  p90=7.39%  success(<5%)=30.0%  mean_scan_time=533.4s
[E2 eval]  → new best MAPE 5.65% saved to runs/e2/mf_runB_5sphere_hist_560s_gpu/stage4_full/best
[E2] ~8.6h remaining (279520 steps left @ 0.11s/step)
-----------------------------------------
| rollout/                |             |
|    ep_len_mean          | 8.56        |
|    ep_rew_mean          | 1.13        |
| time/                   |             |
|    eta_hours            | 8.6         |
|    fps                  | 9           |
|    iterations           | 40          |
|    sec_per_step         | 0.111       |
|    time_elapsed         | 2104        |
|    total_timesteps      | 53248       |
| train/                  |             |
|    approx_kl            | 0.012044055 |
|    clip_fraction        | 0.09        |
|    clip_range           | 0.2         |
|    entropy_loss         | -2.17       |
|    explained_variance   | 0.818       |
|    learning_rate        | 0.0001      |
|    loss                 | 0.0815      |
|    n_updates            | 990         |
|    policy_gradient_loss | -0.0162     |
|    std                  | 0.72        |
|    value_loss           | 0.194       |
-----------------------------------------
[E2] ~8.5h remaining (279008 steps left @ 0.11s/step)
----------------------------------------
| rollout/                |            |
|    ep_len_mean          | 8.3        |
|    ep_rew_mean          | 1.11       |
| time/                   |            |
|    eta_hours            | 8.51       |
|    fps                  | 9          |
|    iterations           | 41         |
|    sec_per_step         | 0.11       |
|    time_elapsed         | 2159       |
|    total_timesteps      | 53760      |
| train/                  |            |
|    approx_kl            | 0.01768515 |
|    clip_fraction        | 0.157      |
|    clip_range           | 0.2        |
|    entropy_loss         | -2.16      |
|    explained_variance   | 0.77       |
|    learning_rate        | 0.0001     |
|    loss                 | 0.117      |
|    n_updates            | 1000       |
|    policy_gradient_loss | -0.0241    |
|    std                  | 0.716      |
|    value_loss           | 0.257      |
----------------------------------------
[E2] ~8.3h remaining (278496 steps left @ 0.11s/step)
-----------------------------------------
| rollout/                |             |
|    ep_len_mean          | 8.05        |
|    ep_rew_mean          | 1.13        |
| time/                   |             |
|    eta_hours            | 8.32        |
|    fps                  | 9           |
|    iterations           | 42          |
|    sec_per_step         | 0.108       |
|    time_elapsed         | 2211        |
|    total_timesteps      | 54272       |
| train/                  |             |
|    approx_kl            | 0.013909281 |
|    clip_fraction        | 0.11        |
|    clip_range           | 0.2         |
|    entropy_loss         | -2.15       |
|    explained_variance   | 0.802       |
|    learning_rate        | 0.0001      |
|    loss                 | 0.0406      |
|    n_updates            | 1010        |
|    policy_gradient_loss | -0.019      |
|    std                  | 0.714       |
|    value_loss           | 0.215       |
-----------------------------------------
[E2] ~8.1h remaining (277984 steps left @ 0.10s/step)
-----------------------------------------
| rollout/                |             |
|    ep_len_mean          | 8.31        |
|    ep_rew_mean          | 1.13        |
| time/                   |             |
|    eta_hours            | 8.1         |
|    fps                  | 9           |
|    iterations           | 43          |
|    sec_per_step         | 0.105       |
|    time_elapsed         | 2262        |
|    total_timesteps      | 54784       |
| train/                  |             |
|    approx_kl            | 0.022643007 |
|    clip_fraction        | 0.138       |
|    clip_range           | 0.2         |
|    entropy_loss         | -2.14       |
|    explained_variance   | 0.739       |
|    learning_rate        | 0.0001      |
|    loss                 | 0.064       |
|    n_updates            | 1020        |
|    policy_gradient_loss | -0.0242     |
|    std                  | 0.712       |
|    value_loss           | 0.291       |
-----------------------------------------
[E2] ~7.9h remaining (277472 steps left @ 0.10s/step)
-----------------------------------------
| rollout/                |             |
|    ep_len_mean          | 8.06        |
|    ep_rew_mean          | 1.13        |
| time/                   |             |
|    eta_hours            | 7.89        |
|    fps                  | 9           |
|    iterations           | 44          |
|    sec_per_step         | 0.102       |
|    time_elapsed         | 2311        |
|    total_timesteps      | 55296       |
| train/                  |             |
|    approx_kl            | 0.011091998 |
|    clip_fraction        | 0.0781      |
|    clip_range           | 0.2         |
|    entropy_loss         | -2.14       |
|    explained_variance   | 0.807       |
|    learning_rate        | 0.0001      |
|    loss                 | 0.103       |
|    n_updates            | 1030        |
|    policy_gradient_loss | -0.0149     |
|    std                  | 0.709       |
|    value_loss           | 0.227       |
-----------------------------------------
[E2] ~7.5h remaining (276960 steps left @ 0.10s/step)
-----------------------------------------
| rollout/                |             |
|    ep_len_mean          | 8.09        |
|    ep_rew_mean          | 1.12        |
| time/                   |             |
|    eta_hours            | 7.51        |
|    fps                  | 9           |
|    iterations           | 45          |
|    sec_per_step         | 0.0977      |
|    time_elapsed         | 2356        |
|    total_timesteps      | 55808       |
| train/                  |             |
|    approx_kl            | 0.012021217 |
|    clip_fraction        | 0.0813      |
|    clip_range           | 0.2         |
|    entropy_loss         | -2.13       |
|    explained_variance   | 0.812       |
|    learning_rate        | 0.0001      |
|    loss                 | 0.0823      |
|    n_updates            | 1040        |
|    policy_gradient_loss | -0.0176     |
|    std                  | 0.706       |
|    value_loss           | 0.232       |
-----------------------------------------
[E2] ~7.6h remaining (276448 steps left @ 0.10s/step)
------------------------------------------
| rollout/                |              |
|    ep_len_mean          | 8.33         |
|    ep_rew_mean          | 1.14         |
| time/                   |              |
|    eta_hours            | 7.64         |
|    fps                  | 9            |
|    iterations           | 46           |
|    sec_per_step         | 0.0995       |
|    time_elapsed         | 2409         |
|    total_timesteps      | 56320        |
| train/                  |              |
|    approx_kl            | 0.0139415935 |
|    clip_fraction        | 0.118        |
|    clip_range           | 0.2          |
|    entropy_loss         | -2.12        |
|    explained_variance   | 0.791        |
|    learning_rate        | 0.0001       |
|    loss                 | 0.0605       |
|    n_updates            | 1050         |
|    policy_gradient_loss | -0.0193      |
|    std                  | 0.704        |
|    value_loss           | 0.251        |
------------------------------------------
[E2] ~7.8h remaining (275936 steps left @ 0.10s/step)
---------------------------------------
| rollout/                |           |
|    ep_len_mean          | 8.47      |
|    ep_rew_mean          | 1.15      |
| time/                   |           |
|    eta_hours            | 7.81      |
|    fps                  | 9         |
|    iterations           | 47        |
|    sec_per_step         | 0.102     |
|    time_elapsed         | 2464      |
|    total_timesteps      | 56832     |
| train/                  |           |
|    approx_kl            | 0.0175501 |
|    clip_fraction        | 0.141     |
|    clip_range           | 0.2       |
|    entropy_loss         | -2.12     |
|    explained_variance   | 0.751     |
|    learning_rate        | 0.0001    |
|    loss                 | 0.11      |
|    n_updates            | 1060      |
|    policy_gradient_loss | -0.0239   |
|    std                  | 0.702     |
|    value_loss           | 0.257     |
---------------------------------------
[E2] ~7.6h remaining (275424 steps left @ 0.10s/step)
----------------------------------------
| rollout/                |            |
|    ep_len_mean          | 8.2        |
|    ep_rew_mean          | 1.13       |
| time/                   |            |
|    eta_hours            | 7.56       |
|    fps                  | 9          |
|    iterations           | 48         |
|    sec_per_step         | 0.0988     |
|    time_elapsed         | 2511       |
|    total_timesteps      | 57344      |
| train/                  |            |
|    approx_kl            | 0.01638636 |
|    clip_fraction        | 0.126      |
|    clip_range           | 0.2        |
|    entropy_loss         | -2.11      |
|    explained_variance   | 0.808      |
|    learning_rate        | 0.0001     |
|    loss                 | 0.0486     |
|    n_updates            | 1070       |
|    policy_gradient_loss | -0.0199    |
|    std                  | 0.699      |
|    value_loss           | 0.223      |
----------------------------------------
[E2] ~7.4h remaining (274912 steps left @ 0.10s/step)
-----------------------------------------
| rollout/                |             |
|    ep_len_mean          | 8.34        |
|    ep_rew_mean          | 1.14        |
| time/                   |             |
|    eta_hours            | 7.37        |
|    fps                  | 9           |
|    iterations           | 49          |
|    sec_per_step         | 0.0965      |
|    time_elapsed         | 2557        |
|    total_timesteps      | 57856       |
| train/                  |             |
|    approx_kl            | 0.017778698 |
|    clip_fraction        | 0.141       |
|    clip_range           | 0.2         |
|    entropy_loss         | -2.1        |
|    explained_variance   | 0.825       |
|    learning_rate        | 0.0001      |
|    loss                 | 0.0122      |
|    n_updates            | 1080        |
|    policy_gradient_loss | -0.0244     |
|    std                  | 0.697       |
|    value_loss           | 0.186       |
-----------------------------------------
[E2] ~7.4h remaining (274400 steps left @ 0.10s/step)
-----------------------------------------
| rollout/                |             |
|    ep_len_mean          | 8.58        |
|    ep_rew_mean          | 1.15        |
| time/                   |             |
|    eta_hours            | 7.39        |
|    fps                  | 9           |
|    iterations           | 50          |
|    sec_per_step         | 0.097       |
|    time_elapsed         | 2607        |
|    total_timesteps      | 58368       |
| train/                  |             |
|    approx_kl            | 0.015942015 |
|    clip_fraction        | 0.142       |
|    clip_range           | 0.2         |
|    entropy_loss         | -2.1        |
|    explained_variance   | 0.811       |
|    learning_rate        | 0.0001      |
|    loss                 | 0.0955      |
|    n_updates            | 1090        |
|    policy_gradient_loss | -0.0213     |
|    std                  | 0.697       |
|    value_loss           | 0.227       |
-----------------------------------------
[E2] ~7.0h remaining (273888 steps left @ 0.09s/step)
-----------------------------------------
| rollout/                |             |
|    ep_len_mean          | 8.66        |
|    ep_rew_mean          | 1.13        |
| time/                   |             |
|    eta_hours            | 7.04        |
|    fps                  | 9           |
|    iterations           | 51          |
|    sec_per_step         | 0.0925      |
|    time_elapsed         | 2650        |
|    total_timesteps      | 58880       |
| train/                  |             |
|    approx_kl            | 0.018295255 |
|    clip_fraction        | 0.131       |
|    clip_range           | 0.2         |
|    entropy_loss         | -2.09       |
|    explained_variance   | 0.806       |
|    learning_rate        | 0.0001      |
|    loss                 | 0.0419      |
|    n_updates            | 1100        |
|    policy_gradient_loss | -0.023      |
|    std                  | 0.693       |
|    value_loss           | 0.202       |
-----------------------------------------
[E2] ~7.5h remaining (273376 steps left @ 0.10s/step)
----------------------------------------
| rollout/                |            |
|    ep_len_mean          | 8.56       |
|    ep_rew_mean          | 1.15       |
| time/                   |            |
|    eta_hours            | 7.49       |
|    fps                  | 9          |
|    iterations           | 52         |
|    sec_per_step         | 0.0986     |
|    time_elapsed         | 2707       |
|    total_timesteps      | 59392      |
| train/                  |            |
|    approx_kl            | 0.01269502 |
|    clip_fraction        | 0.0902     |
|    clip_range           | 0.2        |
|    entropy_loss         | -2.08      |
|    explained_variance   | 0.749      |
|    learning_rate        | 0.0001     |
|    loss                 | 0.0729     |
|    n_updates            | 1110       |
|    policy_gradient_loss | -0.015     |
|    std                  | 0.689      |
|    value_loss           | 0.283      |
----------------------------------------
[E2] ~7.3h remaining (272864 steps left @ 0.10s/step)
----------------------------------------
| rollout/                |            |
|    ep_len_mean          | 8.71       |
|    ep_rew_mean          | 1.16       |
| time/                   |            |
|    eta_hours            | 7.35       |
|    fps                  | 9          |
|    iterations           | 53         |
|    sec_per_step         | 0.0969     |
|    time_elapsed         | 2755       |
|    total_timesteps      | 59904      |
| train/                  |            |
|    approx_kl            | 0.01586676 |
|    clip_fraction        | 0.0996     |
|    clip_range           | 0.2        |
|    entropy_loss         | -2.07      |
|    explained_variance   | 0.769      |
|    learning_rate        | 0.0001     |
|    loss                 | 0.099      |
|    n_updates            | 1120       |
|    policy_gradient_loss | -0.0175    |
|    std                  | 0.686      |
|    value_loss           | 0.248      |
----------------------------------------
[E2] ~7.5h remaining (272352 steps left @ 0.10s/step)
-----------------------------------------
| rollout/                |             |
|    ep_len_mean          | 8.75        |
|    ep_rew_mean          | 1.11        |
| time/                   |             |
|    eta_hours            | 7.51        |
|    fps                  | 9           |
|    iterations           | 54          |
|    sec_per_step         | 0.0993      |
|    time_elapsed         | 2809        |
|    total_timesteps      | 60416       |
| train/                  |             |
|    approx_kl            | 0.014386147 |
|    clip_fraction        | 0.101       |
|    clip_range           | 0.2         |
|    entropy_loss         | -2.06       |
|    explained_variance   | 0.814       |
|    learning_rate        | 0.0001      |
|    loss                 | 0.0498      |
|    n_updates            | 1130        |
|    policy_gradient_loss | -0.0186     |
|    std                  | 0.684       |
|    value_loss           | 0.208       |
-----------------------------------------
[E2] ~7.7h remaining (271840 steps left @ 0.10s/step)
----------------------------------------
| rollout/                |            |
|    ep_len_mean          | 8.45       |
|    ep_rew_mean          | 1.12       |
| time/                   |            |
|    eta_hours            | 7.66       |
|    fps                  | 9          |
|    iterations           | 55         |
|    sec_per_step         | 0.101      |
|    time_elapsed         | 2863       |
|    total_timesteps      | 60928      |
| train/                  |            |
|    approx_kl            | 0.01566617 |
|    clip_fraction        | 0.142      |
|    clip_range           | 0.2        |
|    entropy_loss         | -2.06      |
|    explained_variance   | 0.754      |
|    learning_rate        | 0.0001     |
|    loss                 | 0.0526     |
|    n_updates            | 1140       |
|    policy_gradient_loss | -0.0239    |
|    std                  | 0.682      |
|    value_loss           | 0.253      |
----------------------------------------
[E2] ~7.6h remaining (271328 steps left @ 0.10s/step)
------------------------------------------
| rollout/                |              |
|    ep_len_mean          | 8.58         |
|    ep_rew_mean          | 1.14         |
| time/                   |              |
|    eta_hours            | 7.56         |
|    fps                  | 9            |
|    iterations           | 56           |
|    sec_per_step         | 0.1          |
|    time_elapsed         | 2913         |
|    total_timesteps      | 61440        |
| train/                  |              |
|    approx_kl            | 0.0146542955 |
|    clip_fraction        | 0.114        |
|    clip_range           | 0.2          |
|    entropy_loss         | -2.05        |
|    explained_variance   | 0.753        |
|    learning_rate        | 0.0001       |
|    loss                 | 0.0938       |
|    n_updates            | 1150         |
|    policy_gradient_loss | -0.0213      |
|    std                  | 0.679        |
|    value_loss           | 0.256        |
------------------------------------------
[E2] ~7.9h remaining (270816 steps left @ 0.10s/step)
-----------------------------------------
| rollout/                |             |
|    ep_len_mean          | 8.92        |
|    ep_rew_mean          | 1.15        |
| time/                   |             |
|    eta_hours            | 7.85        |
|    fps                  | 9           |
|    iterations           | 57          |
|    sec_per_step         | 0.104       |
|    time_elapsed         | 2971        |
|    total_timesteps      | 61952       |
| train/                  |             |
|    approx_kl            | 0.012221768 |
|    clip_fraction        | 0.102       |
|    clip_range           | 0.2         |
|    entropy_loss         | -2.04       |
|    explained_variance   | 0.735       |
|    learning_rate        | 0.0001      |
|    loss                 | 0.0685      |
|    n_updates            | 1160        |
|    policy_gradient_loss | -0.0185     |
|    std                  | 0.678       |
|    value_loss           | 0.303       |
-----------------------------------------
[E2] ~7.9h remaining (270304 steps left @ 0.11s/step)
-----------------------------------------
| rollout/                |             |
|    ep_len_mean          | 9.11        |
|    ep_rew_mean          | 1.15        |
| time/                   |             |
|    eta_hours            | 7.92        |
|    fps                  | 9           |
|    iterations           | 58          |
|    sec_per_step         | 0.105       |
|    time_elapsed         | 3027        |
|    total_timesteps      | 62464       |
| train/                  |             |
|    approx_kl            | 0.013333222 |
|    clip_fraction        | 0.125       |
|    clip_range           | 0.2         |
|    entropy_loss         | -2.04       |
|    explained_variance   | 0.8         |
|    learning_rate        | 0.0001      |
|    loss                 | 0.0815      |
|    n_updates            | 1170        |
|    policy_gradient_loss | -0.0204     |
|    std                  | 0.677       |
|    value_loss           | 0.229       |
-----------------------------------------
[E2 eval @ step 62769]  MAPE=4.71%  p90=7.99%  success(<5%)=65.0%  mean_scan_time=545.4s
[E2 eval]  → new best MAPE 4.71% saved to runs/e2/mf_runB_5sphere_hist_560s_gpu/stage4_full/best
[MF global-best] candidate from full/stage_eval_full screened at 4.71% but confirmed at 6.86% >= current best 5.44%
[E2] ~9.3h remaining (269792 steps left @ 0.12s/step)
-----------------------------------------
| rollout/                |             |
|    ep_len_mean          | 9.23        |
|    ep_rew_mean          | 1.16        |
| time/                   |             |
|    eta_hours            | 9.29        |
|    fps                  | 9           |
|    iterations           | 59          |
|    sec_per_step         | 0.124       |
|    time_elapsed         | 3112        |
|    total_timesteps      | 62976       |
| train/                  |             |
|    approx_kl            | 0.014560023 |
|    clip_fraction        | 0.123       |
|    clip_range           | 0.2         |
|    entropy_loss         | -2.04       |
|    explained_variance   | 0.803       |
|    learning_rate        | 0.0001      |
|    loss                 | 0.018       |
|    n_updates            | 1180        |
|    policy_gradient_loss | -0.0193     |
|    std                  | 0.676       |
|    value_loss           | 0.214       |
-----------------------------------------
[E2] ~8.6h remaining (269280 steps left @ 0.12s/step)
-----------------------------------------
| rollout/                |             |
|    ep_len_mean          | 8.83        |
|    ep_rew_mean          | 1.18        |
| time/                   |             |
|    eta_hours            | 8.6         |
|    fps                  | 9           |
|    iterations           | 60          |
|    sec_per_step         | 0.115       |
|    time_elapsed         | 3160        |
|    total_timesteps      | 63488       |
| train/                  |             |
|    approx_kl            | 0.012371555 |
|    clip_fraction        | 0.124       |
|    clip_range           | 0.2         |
|    entropy_loss         | -2.03       |
|    explained_variance   | 0.782       |
|    learning_rate        | 0.0001      |
|    loss                 | 0.0718      |
|    n_updates            | 1190        |
|    policy_gradient_loss | -0.0203     |
|    std                  | 0.674       |
|    value_loss           | 0.249       |
-----------------------------------------
[E2] ~8.6h remaining (268768 steps left @ 0.12s/step)
-----------------------------------------
| rollout/                |             |
|    ep_len_mean          | 8.87        |
|    ep_rew_mean          | 1.16        |
| time/                   |             |
|    eta_hours            | 8.59        |
|    fps                  | 9           |
|    iterations           | 61          |
|    sec_per_step         | 0.115       |
|    time_elapsed         | 3219        |
|    total_timesteps      | 64000       |
| train/                  |             |
|    approx_kl            | 0.018437453 |
|    clip_fraction        | 0.161       |
|    clip_range           | 0.2         |
|    entropy_loss         | -2.02       |
|    explained_variance   | 0.787       |
|    learning_rate        | 0.0001      |
|    loss                 | 0.0915      |
|    n_updates            | 1200        |
|    policy_gradient_loss | -0.0201     |
|    std                  | 0.671       |
|    value_loss           | 0.249       |
-----------------------------------------
[E2] ~8.3h remaining (268256 steps left @ 0.11s/step)
-----------------------------------------
| rollout/                |             |
|    ep_len_mean          | 8.93        |
|    ep_rew_mean          | 1.12        |
| time/                   |             |
|    eta_hours            | 8.3         |
|    fps                  | 9           |
|    iterations           | 62          |
|    sec_per_step         | 0.111       |
|    time_elapsed         | 3272        |
|    total_timesteps      | 64512       |
| train/                  |             |
|    approx_kl            | 0.010957487 |
|    clip_fraction        | 0.107       |
|    clip_range           | 0.2         |
|    entropy_loss         | -2.01       |
|    explained_variance   | 0.745       |
|    learning_rate        | 0.0001      |
|    loss                 | 0.131       |
|    n_updates            | 1210        |
|    policy_gradient_loss | -0.0174     |
|    std                  | 0.668       |
|    value_loss           | 0.284       |
-----------------------------------------
[E2] ~8.4h remaining (267744 steps left @ 0.11s/step)
-----------------------------------------
| rollout/                |             |
|    ep_len_mean          | 8.92        |
|    ep_rew_mean          | 1.14        |
| time/                   |             |
|    eta_hours            | 8.35        |
|    fps                  | 9           |
|    iterations           | 63          |
|    sec_per_step         | 0.112       |
|    time_elapsed         | 3331        |
|    total_timesteps      | 65024       |
| train/                  |             |
|    approx_kl            | 0.013490131 |
|    clip_fraction        | 0.12        |
|    clip_range           | 0.2         |
|    entropy_loss         | -2.01       |
|    explained_variance   | 0.741       |
|    learning_rate        | 0.0001      |
|    loss                 | 0.0491      |
|    n_updates            | 1220        |
|    policy_gradient_loss | -0.0206     |
|    std                  | 0.667       |
|    value_loss           | 0.277       |
-----------------------------------------
[E2] ~8.4h remaining (267232 steps left @ 0.11s/step)
-----------------------------------------
| rollout/                |             |
|    ep_len_mean          | 9.27        |
|    ep_rew_mean          | 1.2         |
| time/                   |             |
|    eta_hours            | 8.35        |
|    fps                  | 9           |
|    iterations           | 64          |
|    sec_per_step         | 0.113       |
|    time_elapsed         | 3388        |
|    total_timesteps      | 65536       |
| train/                  |             |
|    approx_kl            | 0.013167724 |
|    clip_fraction        | 0.131       |
|    clip_range           | 0.2         |
|    entropy_loss         | -2          |
|    explained_variance   | 0.777       |
|    learning_rate        | 0.0001      |
|    loss                 | 0.0697      |
|    n_updates            | 1230        |
|    policy_gradient_loss | -0.0221     |
|    std                  | 0.664       |
|    value_loss           | 0.228       |
-----------------------------------------
[E2] ~8.3h remaining (266720 steps left @ 0.11s/step)
-----------------------------------------
| rollout/                |             |
|    ep_len_mean          | 9.41        |
|    ep_rew_mean          | 1.17        |
| time/                   |             |
|    eta_hours            | 8.33        |
|    fps                  | 9           |
|    iterations           | 65          |
|    sec_per_step         | 0.112       |
|    time_elapsed         | 3446        |
|    total_timesteps      | 66048       |
| train/                  |             |
|    approx_kl            | 0.015295425 |
|    clip_fraction        | 0.115       |
|    clip_range           | 0.2         |
|    entropy_loss         | -2          |
|    explained_variance   | 0.783       |
|    learning_rate        | 0.0001      |
|    loss                 | 0.0612      |
|    n_updates            | 1240        |
|    policy_gradient_loss | -0.0206     |
|    std                  | 0.663       |
|    value_loss           | 0.255       |
-----------------------------------------
[E2] ~7.7h remaining (266208 steps left @ 0.10s/step)
-----------------------------------------
| rollout/                |             |
|    ep_len_mean          | 9.04        |
|    ep_rew_mean          | 1.16        |
| time/                   |             |
|    eta_hours            | 7.67        |
|    fps                  | 9           |
|    iterations           | 66          |
|    sec_per_step         | 0.104       |
|    time_elapsed         | 3489        |
|    total_timesteps      | 66560       |
| train/                  |             |
|    approx_kl            | 0.016648082 |
|    clip_fraction        | 0.147       |
|    clip_range           | 0.2         |
|    entropy_loss         | -1.99       |
|    explained_variance   | 0.831       |
|    learning_rate        | 0.0001      |
|    loss                 | 0.00355     |
|    n_updates            | 1250        |
|    policy_gradient_loss | -0.0205     |
|    std                  | 0.66        |
|    value_loss           | 0.208       |
-----------------------------------------
[E2] ~7.7h remaining (265696 steps left @ 0.10s/step)
------------------------------------------
| rollout/                |              |
|    ep_len_mean          | 8.87         |
|    ep_rew_mean          | 1.2          |
| time/                   |              |
|    eta_hours            | 7.7          |
|    fps                  | 9            |
|    iterations           | 67           |
|    sec_per_step         | 0.104        |
|    time_elapsed         | 3543         |
|    total_timesteps      | 67072        |
| train/                  |              |
|    approx_kl            | 0.0123123815 |
|    clip_fraction        | 0.128        |
|    clip_range           | 0.2          |
|    entropy_loss         | -1.98        |
|    explained_variance   | 0.786        |
|    learning_rate        | 0.0001       |
|    loss                 | 0.0647       |
|    n_updates            | 1260         |
|    policy_gradient_loss | -0.0218      |
|    std                  | 0.657        |
|    value_loss           | 0.219        |
------------------------------------------
[E2] ~7.9h remaining (265184 steps left @ 0.11s/step)
-----------------------------------------
| rollout/                |             |
|    ep_len_mean          | 9.39        |
|    ep_rew_mean          | 1.18        |
| time/                   |             |
|    eta_hours            | 7.91        |
|    fps                  | 9           |
|    iterations           | 68          |
|    sec_per_step         | 0.107       |
|    time_elapsed         | 3601        |
|    total_timesteps      | 67584       |
| train/                  |             |
|    approx_kl            | 0.015784737 |
|    clip_fraction        | 0.14        |
|    clip_range           | 0.2         |
|    entropy_loss         | -1.97       |
|    explained_variance   | 0.822       |
|    learning_rate        | 0.0001      |
|    loss                 | 0.0564      |
|    n_updates            | 1270        |
|    policy_gradient_loss | -0.0219     |
|    std                  | 0.656       |
|    value_loss           | 0.196       |
-----------------------------------------
[E2] ~7.6h remaining (264672 steps left @ 0.10s/step)
-----------------------------------------
| rollout/                |             |
|    ep_len_mean          | 9.42        |
|    ep_rew_mean          | 1.16        |
| time/                   |             |
|    eta_hours            | 7.64        |
|    fps                  | 9           |
|    iterations           | 69          |
|    sec_per_step         | 0.104       |
|    time_elapsed         | 3650        |
|    total_timesteps      | 68096       |
| train/                  |             |
|    approx_kl            | 0.011993279 |
|    clip_fraction        | 0.106       |
|    clip_range           | 0.2         |
|    entropy_loss         | -1.97       |
|    explained_variance   | 0.77        |
|    learning_rate        | 0.0001      |
|    loss                 | 0.0517      |
|    n_updates            | 1280        |
|    policy_gradient_loss | -0.0168     |
|    std                  | 0.655       |
|    value_loss           | 0.23        |
-----------------------------------------
[E2] ~7.7h remaining (264160 steps left @ 0.10s/step)
-----------------------------------------
| rollout/                |             |
|    ep_len_mean          | 9.32        |
|    ep_rew_mean          | 1.16        |
| time/                   |             |
|    eta_hours            | 7.65        |
|    fps                  | 9           |
|    iterations           | 70          |
|    sec_per_step         | 0.104       |
|    time_elapsed         | 3704        |
|    total_timesteps      | 68608       |
| train/                  |             |
|    approx_kl            | 0.020226171 |
|    clip_fraction        | 0.165       |
|    clip_range           | 0.2         |
|    entropy_loss         | -1.97       |
|    explained_variance   | 0.835       |
|    learning_rate        | 0.0001      |
|    loss                 | 0.0741      |
|    n_updates            | 1290        |
|    policy_gradient_loss | -0.0303     |
|    std                  | 0.654       |
|    value_loss           | 0.176       |
-----------------------------------------
[E2] ~7.7h remaining (263648 steps left @ 0.11s/step)
-----------------------------------------
| rollout/                |             |
|    ep_len_mean          | 9.21        |
|    ep_rew_mean          | 1.13        |
| time/                   |             |
|    eta_hours            | 7.71        |
|    fps                  | 9           |
|    iterations           | 71          |
|    sec_per_step         | 0.105       |
|    time_elapsed         | 3759        |
|    total_timesteps      | 69120       |
| train/                  |             |
|    approx_kl            | 0.013130357 |
|    clip_fraction        | 0.116       |
|    clip_range           | 0.2         |
|    entropy_loss         | -1.96       |
|    explained_variance   | 0.792       |
|    learning_rate        | 0.0001      |
|    loss                 | 0.0359      |
|    n_updates            | 1300        |
|    policy_gradient_loss | -0.0189     |
|    std                  | 0.653       |
|    value_loss           | 0.215       |
-----------------------------------------
[E2] ~7.6h remaining (263136 steps left @ 0.10s/step)
-----------------------------------------
| rollout/                |             |
|    ep_len_mean          | 9.62        |
|    ep_rew_mean          | 1.16        |
| time/                   |             |
|    eta_hours            | 7.63        |
|    fps                  | 9           |
|    iterations           | 72          |
|    sec_per_step         | 0.104       |
|    time_elapsed         | 3812        |
|    total_timesteps      | 69632       |
| train/                  |             |
|    approx_kl            | 0.019981833 |
|    clip_fraction        | 0.166       |
|    clip_range           | 0.2         |
|    entropy_loss         | -1.96       |
|    explained_variance   | 0.795       |
|    learning_rate        | 0.0001      |
|    loss                 | 0.0369      |
|    n_updates            | 1310        |
|    policy_gradient_loss | -0.0252     |
|    std                  | 0.652       |
|    value_loss           | 0.21        |
-----------------------------------------
[E2] ~7.7h remaining (262624 steps left @ 0.11s/step)
-----------------------------------------
| rollout/                |             |
|    ep_len_mean          | 9.54        |
|    ep_rew_mean          | 1.19        |
| time/                   |             |
|    eta_hours            | 7.72        |
|    fps                  | 9           |
|    iterations           | 73          |
|    sec_per_step         | 0.106       |
|    time_elapsed         | 3868        |
|    total_timesteps      | 70144       |
| train/                  |             |
|    approx_kl            | 0.011963198 |
|    clip_fraction        | 0.101       |
|    clip_range           | 0.2         |
|    entropy_loss         | -1.96       |
|    explained_variance   | 0.814       |
|    learning_rate        | 0.0001      |
|    loss                 | 0.0292      |
|    n_updates            | 1320        |
|    policy_gradient_loss | -0.0168     |
|    std                  | 0.652       |
|    value_loss           | 0.217       |
-----------------------------------------
[E2] ~7.5h remaining (262112 steps left @ 0.10s/step)
-----------------------------------------
| rollout/                |             |
|    ep_len_mean          | 9.21        |
|    ep_rew_mean          | 1.19        |
| time/                   |             |
|    eta_hours            | 7.51        |
|    fps                  | 9           |
|    iterations           | 74          |
|    sec_per_step         | 0.103       |
|    time_elapsed         | 3917        |
|    total_timesteps      | 70656       |
| train/                  |             |
|    approx_kl            | 0.010744166 |
|    clip_fraction        | 0.0965      |
|    clip_range           | 0.2         |
|    entropy_loss         | -1.95       |
|    explained_variance   | 0.822       |
|    learning_rate        | 0.0001      |
|    loss                 | 0.0993      |
|    n_updates            | 1330        |
|    policy_gradient_loss | -0.0172     |
|    std                  | 0.647       |
|    value_loss           | 0.198       |
-----------------------------------------
[E2] ~7.5h remaining (261600 steps left @ 0.10s/step)
-----------------------------------------
| rollout/                |             |
|    ep_len_mean          | 9.24        |
|    ep_rew_mean          | 1.17        |
| time/                   |             |
|    eta_hours            | 7.46        |
|    fps                  | 9           |
|    iterations           | 75          |
|    sec_per_step         | 0.103       |
|    time_elapsed         | 3969        |
|    total_timesteps      | 71168       |
| train/                  |             |
|    approx_kl            | 0.009902857 |
|    clip_fraction        | 0.0832      |
|    clip_range           | 0.2         |
|    entropy_loss         | -1.94       |
|    explained_variance   | 0.817       |
|    learning_rate        | 0.0001      |
|    loss                 | 0.047       |
|    n_updates            | 1340        |
|    policy_gradient_loss | -0.0177     |
|    std                  | 0.646       |
|    value_loss           | 0.21        |
-----------------------------------------
[E2] ~7.3h remaining (261088 steps left @ 0.10s/step)
-----------------------------------------
| rollout/                |             |
|    ep_len_mean          | 9.36        |
|    ep_rew_mean          | 1.18        |
| time/                   |             |
|    eta_hours            | 7.3         |
|    fps                  | 9           |
|    iterations           | 76          |
|    sec_per_step         | 0.101       |
|    time_elapsed         | 4018        |
|    total_timesteps      | 71680       |
| train/                  |             |
|    approx_kl            | 0.015315486 |
|    clip_fraction        | 0.137       |
|    clip_range           | 0.2         |
|    entropy_loss         | -1.93       |
|    explained_variance   | 0.818       |
|    learning_rate        | 0.0001      |
|    loss                 | 0.0363      |
|    n_updates            | 1350        |
|    policy_gradient_loss | -0.0231     |
|    std                  | 0.644       |
|    value_loss           | 0.2         |
-----------------------------------------
[E2] ~7.4h remaining (260576 steps left @ 0.10s/step)
-----------------------------------------
| rollout/                |             |
|    ep_len_mean          | 9.76        |
|    ep_rew_mean          | 1.21        |
| time/                   |             |
|    eta_hours            | 7.4         |
|    fps                  | 9           |
|    iterations           | 77          |
|    sec_per_step         | 0.102       |
|    time_elapsed         | 4073        |
|    total_timesteps      | 72192       |
| train/                  |             |
|    approx_kl            | 0.015324002 |
|    clip_fraction        | 0.132       |
|    clip_range           | 0.2         |
|    entropy_loss         | -1.93       |
|    explained_variance   | 0.819       |
|    learning_rate        | 0.0001      |
|    loss                 | 0.0248      |
|    n_updates            | 1360        |
|    policy_gradient_loss | -0.0221     |
|    std                  | 0.643       |
|    value_loss           | 0.202       |
-----------------------------------------
[E2] ~7.8h remaining (260064 steps left @ 0.11s/step)
-----------------------------------------
| rollout/                |             |
|    ep_len_mean          | 9.61        |
|    ep_rew_mean          | 1.21        |
| time/                   |             |
|    eta_hours            | 7.8         |
|    fps                  | 9           |
|    iterations           | 78          |
|    sec_per_step         | 0.108       |
|    time_elapsed         | 4135        |
|    total_timesteps      | 72704       |
| train/                  |             |
|    approx_kl            | 0.019580454 |
|    clip_fraction        | 0.159       |
|    clip_range           | 0.2         |
|    entropy_loss         | -1.93       |
|    explained_variance   | 0.826       |
|    learning_rate        | 0.0001      |
|    loss                 | 0.0605      |
|    n_updates            | 1370        |
|    policy_gradient_loss | -0.0226     |
|    std                  | 0.642       |
|    value_loss           | 0.2         |
-----------------------------------------
[E2 eval @ step 72769]  MAPE=9.39%  p90=11.76%  success(<5%)=5.0%  mean_scan_time=527.3s
[E2] ~8.3h remaining (259552 steps left @ 0.11s/step)
-----------------------------------------
| rollout/                |             |
|    ep_len_mean          | 9.47        |
|    ep_rew_mean          | 1.18        |
| time/                   |             |
|    eta_hours            | 8.28        |
|    fps                  | 9           |
|    iterations           | 79          |
|    sec_per_step         | 0.115       |
|    time_elapsed         | 4202        |
|    total_timesteps      | 73216       |
| train/                  |             |
|    approx_kl            | 0.016897012 |
|    clip_fraction        | 0.139       |
|    clip_range           | 0.2         |
|    entropy_loss         | -1.92       |
|    explained_variance   | 0.803       |
|    learning_rate        | 0.0001      |
|    loss                 | 0.0575      |
|    n_updates            | 1380        |
|    policy_gradient_loss | -0.0217     |
|    std                  | 0.639       |
|    value_loss           | 0.219       |
-----------------------------------------
[E2] ~8.2h remaining (259040 steps left @ 0.11s/step)
-----------------------------------------
| rollout/                |             |
|    ep_len_mean          | 9.59        |
|    ep_rew_mean          | 1.19        |
| time/                   |             |
|    eta_hours            | 8.25        |
|    fps                  | 9           |
|    iterations           | 80          |
|    sec_per_step         | 0.115       |
|    time_elapsed         | 4260        |
|    total_timesteps      | 73728       |
| train/                  |             |
|    approx_kl            | 0.011672519 |
|    clip_fraction        | 0.0844      |
|    clip_range           | 0.2         |
|    entropy_loss         | -1.91       |
|    explained_variance   | 0.792       |
|    learning_rate        | 0.0001      |
|    loss                 | 0.0748      |
|    n_updates            | 1390        |
|    policy_gradient_loss | -0.0158     |
|    std                  | 0.638       |
|    value_loss           | 0.231       |
-----------------------------------------
[E2] ~8.0h remaining (258528 steps left @ 0.11s/step)
-----------------------------------------
| rollout/                |             |
|    ep_len_mean          | 9.34        |
|    ep_rew_mean          | 1.19        |
| time/                   |             |
|    eta_hours            | 8.01        |
|    fps                  | 9           |
|    iterations           | 81          |
|    sec_per_step         | 0.112       |
|    time_elapsed         | 4314        |
|    total_timesteps      | 74240       |
| train/                  |             |
|    approx_kl            | 0.013562315 |
|    clip_fraction        | 0.136       |
|    clip_range           | 0.2         |
|    entropy_loss         | -1.91       |
|    explained_variance   | 0.761       |
|    learning_rate        | 0.0001      |
|    loss                 | 0.0501      |
|    n_updates            | 1400        |
|    policy_gradient_loss | -0.0181     |
|    std                  | 0.634       |
|    value_loss           | 0.271       |
-----------------------------------------
[E2] ~7.7h remaining (258016 steps left @ 0.11s/step)
-----------------------------------------
| rollout/                |             |
|    ep_len_mean          | 9.26        |
|    ep_rew_mean          | 1.18        |
| time/                   |             |
|    eta_hours            | 7.7         |
|    fps                  | 9           |
|    iterations           | 82          |
|    sec_per_step         | 0.107       |
|    time_elapsed         | 4364        |
|    total_timesteps      | 74752       |
| train/                  |             |
|    approx_kl            | 0.023193011 |
|    clip_fraction        | 0.173       |
|    clip_range           | 0.2         |
|    entropy_loss         | -1.89       |
|    explained_variance   | 0.802       |
|    learning_rate        | 0.0001      |
|    loss                 | 0.029       |
|    n_updates            | 1410        |
|    policy_gradient_loss | -0.0264     |
|    std                  | 0.63        |
|    value_loss           | 0.227       |
-----------------------------------------
[E2] ~7.5h remaining (257504 steps left @ 0.10s/step)
-----------------------------------------
| rollout/                |             |
|    ep_len_mean          | 9.54        |
|    ep_rew_mean          | 1.18        |
| time/                   |             |
|    eta_hours            | 7.51        |
|    fps                  | 9           |
|    iterations           | 83          |
|    sec_per_step         | 0.105       |
|    time_elapsed         | 4415        |
|    total_timesteps      | 75264       |
| train/                  |             |
|    approx_kl            | 0.015202918 |
|    clip_fraction        | 0.139       |
|    clip_range           | 0.2         |
|    entropy_loss         | -1.88       |
|    explained_variance   | 0.807       |
|    learning_rate        | 0.0001      |
|    loss                 | 0.0417      |
|    n_updates            | 1420        |
|    policy_gradient_loss | -0.0228     |
|    std                  | 0.629       |
|    value_loss           | 0.216       |
-----------------------------------------
[E2] ~7.1h remaining (256992 steps left @ 0.10s/step)
-----------------------------------------
| rollout/                |             |
|    ep_len_mean          | 9.48        |
|    ep_rew_mean          | 1.19        |
| time/                   |             |
|    eta_hours            | 7.12        |
|    fps                  | 9           |
|    iterations           | 84          |
|    sec_per_step         | 0.0997      |
|    time_elapsed         | 4459        |
|    total_timesteps      | 75776       |
| train/                  |             |
|    approx_kl            | 0.019501591 |
|    clip_fraction        | 0.151       |
|    clip_range           | 0.2         |
|    entropy_loss         | -1.88       |
|    explained_variance   | 0.838       |
|    learning_rate        | 0.0001      |
|    loss                 | 0.0498      |
|    n_updates            | 1430        |
|    policy_gradient_loss | -0.0226     |
|    std                  | 0.628       |
|    value_loss           | 0.185       |
-----------------------------------------
[E2] ~7.3h remaining (256480 steps left @ 0.10s/step)
-----------------------------------------
| rollout/                |             |
|    ep_len_mean          | 9.6         |
|    ep_rew_mean          | 1.18        |
| time/                   |             |
|    eta_hours            | 7.3         |
|    fps                  | 9           |
|    iterations           | 85          |
|    sec_per_step         | 0.102       |
|    time_elapsed         | 4515        |
|    total_timesteps      | 76288       |
| train/                  |             |
|    approx_kl            | 0.011352241 |
|    clip_fraction        | 0.0887      |
|    clip_range           | 0.2         |
|    entropy_loss         | -1.87       |
|    explained_variance   | 0.796       |
|    learning_rate        | 0.0001      |
|    loss                 | 0.0641      |
|    n_updates            | 1440        |
|    policy_gradient_loss | -0.0154     |
|    std                  | 0.625       |
|    value_loss           | 0.236       |
-----------------------------------------
[E2] ~7.4h remaining (255968 steps left @ 0.10s/step)
-----------------------------------------
| rollout/                |             |
|    ep_len_mean          | 9.33        |
|    ep_rew_mean          | 1.19        |
| time/                   |             |
|    eta_hours            | 7.43        |
|    fps                  | 9           |
|    iterations           | 86          |
|    sec_per_step         | 0.105       |
|    time_elapsed         | 4571        |
|    total_timesteps      | 76800       |
| train/                  |             |
|    approx_kl            | 0.012884786 |
|    clip_fraction        | 0.122       |
|    clip_range           | 0.2         |
|    entropy_loss         | -1.87       |
|    explained_variance   | 0.809       |
|    learning_rate        | 0.0001      |
|    loss                 | 0.051       |
|    n_updates            | 1450        |
|    policy_gradient_loss | -0.0164     |
|    std                  | 0.622       |
|    value_loss           | 0.204       |
-----------------------------------------
[E2] ~7.3h remaining (255456 steps left @ 0.10s/step)
------------------------------------------
| rollout/                |              |
|    ep_len_mean          | 9.35         |
|    ep_rew_mean          | 1.2          |
| time/                   |              |
|    eta_hours            | 7.3          |
|    fps                  | 9            |
|    iterations           | 87           |
|    sec_per_step         | 0.103        |
|    time_elapsed         | 4622         |
|    total_timesteps      | 77312        |
| train/                  |              |
|    approx_kl            | 0.0116687035 |
|    clip_fraction        | 0.132        |
|    clip_range           | 0.2          |
|    entropy_loss         | -1.86        |
|    explained_variance   | 0.835        |
|    learning_rate        | 0.0001       |
|    loss                 | 0.0304       |
|    n_updates            | 1460         |
|    policy_gradient_loss | -0.0196      |
|    std                  | 0.62         |
|    value_loss           | 0.194        |
------------------------------------------
[E2] ~7.3h remaining (254944 steps left @ 0.10s/step)
-----------------------------------------
| rollout/                |             |
|    ep_len_mean          | 9.51        |
|    ep_rew_mean          | 1.15        |
| time/                   |             |
|    eta_hours            | 7.27        |
|    fps                  | 9           |
|    iterations           | 88          |
|    sec_per_step         | 0.103       |
|    time_elapsed         | 4674        |
|    total_timesteps      | 77824       |
| train/                  |             |
|    approx_kl            | 0.015111368 |
|    clip_fraction        | 0.146       |
|    clip_range           | 0.2         |
|    entropy_loss         | -1.85       |
|    explained_variance   | 0.814       |
|    learning_rate        | 0.0001      |
|    loss                 | 0.0829      |
|    n_updates            | 1470        |
|    policy_gradient_loss | -0.0217     |
|    std                  | 0.62        |
|    value_loss           | 0.196       |
-----------------------------------------
[E2] ~7.0h remaining (254432 steps left @ 0.10s/step)
-----------------------------------------
| rollout/                |             |
|    ep_len_mean          | 9.25        |
|    ep_rew_mean          | 1.19        |
| time/                   |             |
|    eta_hours            | 6.99        |
|    fps                  | 9           |
|    iterations           | 89          |
|    sec_per_step         | 0.0989      |
|    time_elapsed         | 4720        |
|    total_timesteps      | 78336       |
| train/                  |             |
|    approx_kl            | 0.022868196 |
|    clip_fraction        | 0.199       |
|    clip_range           | 0.2         |
|    entropy_loss         | -1.85       |
|    explained_variance   | 0.767       |
|    learning_rate        | 0.0001      |
|    loss                 | 0.116       |
|    n_updates            | 1480        |
|    policy_gradient_loss | -0.0273     |
|    std                  | 0.62        |
|    value_loss           | 0.271       |
-----------------------------------------
[E2] ~7.3h remaining (253920 steps left @ 0.10s/step)
-----------------------------------------
| rollout/                |             |
|    ep_len_mean          | 9.42        |
|    ep_rew_mean          | 1.21        |
| time/                   |             |
|    eta_hours            | 7.26        |
|    fps                  | 9           |
|    iterations           | 90          |
|    sec_per_step         | 0.103       |
|    time_elapsed         | 4778        |
|    total_timesteps      | 78848       |
| train/                  |             |
|    approx_kl            | 0.017840747 |
|    clip_fraction        | 0.119       |
|    clip_range           | 0.2         |
|    entropy_loss         | -1.85       |
|    explained_variance   | 0.816       |
|    learning_rate        | 0.0001      |
|    loss                 | 0.0676      |
|    n_updates            | 1490        |
|    policy_gradient_loss | -0.0196     |
|    std                  | 0.618       |
|    value_loss           | 0.224       |
-----------------------------------------
[E2] ~7.0h remaining (253408 steps left @ 0.10s/step)
-----------------------------------------
| rollout/                |             |
|    ep_len_mean          | 9.14        |
|    ep_rew_mean          | 1.14        |
| time/                   |             |
|    eta_hours            | 7.03        |
|    fps                  | 9           |
|    iterations           | 91          |
|    sec_per_step         | 0.0998      |
|    time_elapsed         | 4825        |
|    total_timesteps      | 79360       |
| train/                  |             |
|    approx_kl            | 0.025511235 |
|    clip_fraction        | 0.191       |
|    clip_range           | 0.2         |
|    entropy_loss         | -1.84       |
|    explained_variance   | 0.794       |
|    learning_rate        | 0.0001      |
|    loss                 | 0.0911      |
|    n_updates            | 1500        |
|    policy_gradient_loss | -0.0306     |
|    std                  | 0.616       |
|    value_loss           | 0.246       |
-----------------------------------------
[E2] ~6.9h remaining (252896 steps left @ 0.10s/step)
-----------------------------------------
| rollout/                |             |
|    ep_len_mean          | 9.13        |
|    ep_rew_mean          | 1.16        |
| time/                   |             |
|    eta_hours            | 6.93        |
|    fps                  | 9           |
|    iterations           | 92          |
|    sec_per_step         | 0.0987      |
|    time_elapsed         | 4874        |
|    total_timesteps      | 79872       |
| train/                  |             |
|    approx_kl            | 0.013926836 |
|    clip_fraction        | 0.124       |
|    clip_range           | 0.2         |
|    entropy_loss         | -1.84       |
|    explained_variance   | 0.758       |
|    learning_rate        | 0.0001      |
|    loss                 | 0.0913      |
|    n_updates            | 1510        |
|    policy_gradient_loss | -0.0209     |
|    std                  | 0.615       |
|    value_loss           | 0.261       |
-----------------------------------------
[E2] ~7.1h remaining (252384 steps left @ 0.10s/step)
-----------------------------------------
| rollout/                |             |
|    ep_len_mean          | 9.81        |
|    ep_rew_mean          | 1.19        |
| time/                   |             |
|    eta_hours            | 7.12        |
|    fps                  | 9           |
|    iterations           | 93          |
|    sec_per_step         | 0.102       |
|    time_elapsed         | 4930        |
|    total_timesteps      | 80384       |
| train/                  |             |
|    approx_kl            | 0.015383292 |
|    clip_fraction        | 0.162       |
|    clip_range           | 0.2         |
|    entropy_loss         | -1.83       |
|    explained_variance   | 0.789       |
|    learning_rate        | 0.0001      |
|    loss                 | 0.114       |
|    n_updates            | 1520        |
|    policy_gradient_loss | -0.0222     |
|    std                  | 0.614       |
|    value_loss           | 0.243       |
-----------------------------------------
[E2] ~6.9h remaining (251872 steps left @ 0.10s/step)
-----------------------------------------
| rollout/                |             |
|    ep_len_mean          | 9.8         |
|    ep_rew_mean          | 1.21        |
| time/                   |             |
|    eta_hours            | 6.86        |
|    fps                  | 9           |
|    iterations           | 94          |
|    sec_per_step         | 0.0981      |
|    time_elapsed         | 4976        |
|    total_timesteps      | 80896       |
| train/                  |             |
|    approx_kl            | 0.011160709 |
|    clip_fraction        | 0.115       |
|    clip_range           | 0.2         |
|    entropy_loss         | -1.83       |
|    explained_variance   | 0.817       |
|    learning_rate        | 0.0001      |
|    loss                 | 0.0704      |
|    n_updates            | 1530        |
|    policy_gradient_loss | -0.0152     |
|    std                  | 0.615       |
|    value_loss           | 0.181       |
-----------------------------------------
[E2] ~6.8h remaining (251360 steps left @ 0.10s/step)
----------------------------------------
| rollout/                |            |
|    ep_len_mean          | 9.75       |
|    ep_rew_mean          | 1.22       |
| time/                   |            |
|    eta_hours            | 6.8        |
|    fps                  | 9          |
|    iterations           | 95         |
|    sec_per_step         | 0.0975     |
|    time_elapsed         | 5025       |
|    total_timesteps      | 81408      |
| train/                  |            |
|    approx_kl            | 0.01616678 |
|    clip_fraction        | 0.143      |
|    clip_range           | 0.2        |
|    entropy_loss         | -1.83      |
|    explained_variance   | 0.824      |
|    learning_rate        | 0.0001     |
|    loss                 | 0.102      |
|    n_updates            | 1540       |
|    policy_gradient_loss | -0.0265    |
|    std                  | 0.613      |
|    value_loss           | 0.2        |
----------------------------------------
[E2] ~7.0h remaining (250848 steps left @ 0.10s/step)
-----------------------------------------
| rollout/                |             |
|    ep_len_mean          | 9.95        |
|    ep_rew_mean          | 1.18        |
| time/                   |             |
|    eta_hours            | 7.03        |
|    fps                  | 9           |
|    iterations           | 96          |
|    sec_per_step         | 0.101       |
|    time_elapsed         | 5081        |
|    total_timesteps      | 81920       |
| train/                  |             |
|    approx_kl            | 0.016000308 |
|    clip_fraction        | 0.15        |
|    clip_range           | 0.2         |
|    entropy_loss         | -1.83       |
|    explained_variance   | 0.779       |
|    learning_rate        | 0.0001      |
|    loss                 | 0.0858      |
|    n_updates            | 1550        |
|    policy_gradient_loss | -0.0229     |
|    std                  | 0.611       |
|    value_loss           | 0.259       |
-----------------------------------------
[E2] ~7.1h remaining (250336 steps left @ 0.10s/step)
-----------------------------------------
| rollout/                |             |
|    ep_len_mean          | 9.75        |
|    ep_rew_mean          | 1.17        |
| time/                   |             |
|    eta_hours            | 7.13        |
|    fps                  | 9           |
|    iterations           | 97          |
|    sec_per_step         | 0.102       |
|    time_elapsed         | 5135        |
|    total_timesteps      | 82432       |
| train/                  |             |
|    approx_kl            | 0.014091352 |
|    clip_fraction        | 0.119       |
|    clip_range           | 0.2         |
|    entropy_loss         | -1.82       |
|    explained_variance   | 0.8         |
|    learning_rate        | 0.0001      |
|    loss                 | 0.0438      |
|    n_updates            | 1560        |
|    policy_gradient_loss | -0.0207     |
|    std                  | 0.609       |
|    value_loss           | 0.201       |
-----------------------------------------
[E2 eval @ step 82769]  MAPE=7.38%  p90=13.18%  success(<5%)=30.0%  mean_scan_time=537.7s
[E2] ~7.8h remaining (249824 steps left @ 0.11s/step)
-----------------------------------------
| rollout/                |             |
|    ep_len_mean          | 9.35        |
|    ep_rew_mean          | 1.21        |
| time/                   |             |
|    eta_hours            | 7.81        |
|    fps                  | 9           |
|    iterations           | 98          |
|    sec_per_step         | 0.113       |
|    time_elapsed         | 5205        |
|    total_timesteps      | 82944       |
| train/                  |             |
|    approx_kl            | 0.016257662 |
|    clip_fraction        | 0.145       |
|    clip_range           | 0.2         |
|    entropy_loss         | -1.81       |
|    explained_variance   | 0.836       |
|    learning_rate        | 0.0001      |
|    loss                 | 0.0446      |
|    n_updates            | 1570        |
|    policy_gradient_loss | -0.0236     |
|    std                  | 0.607       |
|    value_loss           | 0.17        |
-----------------------------------------
[E2] ~7.4h remaining (249312 steps left @ 0.11s/step)
-----------------------------------------
| rollout/                |             |
|    ep_len_mean          | 9.65        |
|    ep_rew_mean          | 1.2         |
| time/                   |             |
|    eta_hours            | 7.39        |
|    fps                  | 9           |
|    iterations           | 99          |
|    sec_per_step         | 0.107       |
|    time_elapsed         | 5252        |
|    total_timesteps      | 83456       |
| train/                  |             |
|    approx_kl            | 0.012925816 |
|    clip_fraction        | 0.106       |
|    clip_range           | 0.2         |
|    entropy_loss         | -1.8        |
|    explained_variance   | 0.791       |
|    learning_rate        | 0.0001      |
|    loss                 | 0.133       |
|    n_updates            | 1580        |
|    policy_gradient_loss | -0.0215     |
|    std                  | 0.605       |
|    value_loss           | 0.26        |
-----------------------------------------
[E2] ~7.1h remaining (248800 steps left @ 0.10s/step)
-----------------------------------------
| rollout/                |             |
|    ep_len_mean          | 9.58        |
|    ep_rew_mean          | 1.15        |
| time/                   |             |
|    eta_hours            | 7.12        |
|    fps                  | 9           |
|    iterations           | 100         |
|    sec_per_step         | 0.103       |
|    time_elapsed         | 5301        |
|    total_timesteps      | 83968       |
| train/                  |             |
|    approx_kl            | 0.010525787 |
|    clip_fraction        | 0.108       |
|    clip_range           | 0.2         |
|    entropy_loss         | -1.8        |
|    explained_variance   | 0.778       |
|    learning_rate        | 0.0001      |
|    loss                 | 0.127       |
|    n_updates            | 1590        |
|    policy_gradient_loss | -0.0179     |
|    std                  | 0.603       |
|    value_loss           | 0.241       |
-----------------------------------------
[E2] ~7.2h remaining (248288 steps left @ 0.10s/step)
-----------------------------------------
| rollout/                |             |
|    ep_len_mean          | 9.26        |
|    ep_rew_mean          | 1.16        |
| time/                   |             |
|    eta_hours            | 7.16        |
|    fps                  | 9           |
|    iterations           | 101         |
|    sec_per_step         | 0.104       |
|    time_elapsed         | 5355        |
|    total_timesteps      | 84480       |
| train/                  |             |
|    approx_kl            | 0.011213341 |
|    clip_fraction        | 0.107       |
|    clip_range           | 0.2         |
|    entropy_loss         | -1.79       |
|    explained_variance   | 0.772       |
|    learning_rate        | 0.0001      |
|    loss                 | 0.0643      |
|    n_updates            | 1600        |
|    policy_gradient_loss | -0.0199     |
|    std                  | 0.6         |
|    value_loss           | 0.277       |
-----------------------------------------
[E2] ~6.9h remaining (247776 steps left @ 0.10s/step)
-----------------------------------------
| rollout/                |             |
|    ep_len_mean          | 9.52        |
|    ep_rew_mean          | 1.19        |
| time/                   |             |
|    eta_hours            | 6.91        |
|    fps                  | 9           |
|    iterations           | 102         |
|    sec_per_step         | 0.1         |
|    time_elapsed         | 5402        |
|    total_timesteps      | 84992       |
| train/                  |             |
|    approx_kl            | 0.010649497 |
|    clip_fraction        | 0.0783      |
|    clip_range           | 0.2         |
|    entropy_loss         | -1.78       |
|    explained_variance   | 0.814       |
|    learning_rate        | 0.0001      |
|    loss                 | 0.098       |
|    n_updates            | 1610        |
|    policy_gradient_loss | -0.014      |
|    std                  | 0.599       |
|    value_loss           | 0.217       |
-----------------------------------------
[E2] ~7.3h remaining (247264 steps left @ 0.11s/step)
-----------------------------------------
| rollout/                |             |
|    ep_len_mean          | 9.63        |
|    ep_rew_mean          | 1.19        |
| time/                   |             |
|    eta_hours            | 7.31        |
|    fps                  | 9           |
|    iterations           | 103         |
|    sec_per_step         | 0.106       |
|    time_elapsed         | 5464        |
|    total_timesteps      | 85504       |
| train/                  |             |
|    approx_kl            | 0.010681216 |
|    clip_fraction        | 0.0936      |
|    clip_range           | 0.2         |
|    entropy_loss         | -1.78       |
|    explained_variance   | 0.792       |
|    learning_rate        | 0.0001      |
|    loss                 | 0.112       |
|    n_updates            | 1620        |
|    policy_gradient_loss | -0.0191     |
|    std                  | 0.597       |
|    value_loss           | 0.227       |
-----------------------------------------
[E2] ~7.0h remaining (246752 steps left @ 0.10s/step)
-----------------------------------------
| rollout/                |             |
|    ep_len_mean          | 9.38        |
|    ep_rew_mean          | 1.2         |
| time/                   |             |
|    eta_hours            | 7.01        |
|    fps                  | 9           |
|    iterations           | 104         |
|    sec_per_step         | 0.102       |
|    time_elapsed         | 5511        |
|    total_timesteps      | 86016       |
| train/                  |             |
|    approx_kl            | 0.009765066 |
|    clip_fraction        | 0.0803      |
|    clip_range           | 0.2         |
|    entropy_loss         | -1.77       |
|    explained_variance   | 0.79        |
|    learning_rate        | 0.0001      |
|    loss                 | 0.0732      |
|    n_updates            | 1630        |
|    policy_gradient_loss | -0.0167     |
|    std                  | 0.596       |
|    value_loss           | 0.224       |
-----------------------------------------
[E2] ~6.6h remaining (246240 steps left @ 0.10s/step)
-----------------------------------------
| rollout/                |             |
|    ep_len_mean          | 9.36        |
|    ep_rew_mean          | 1.21        |
| time/                   |             |
|    eta_hours            | 6.59        |
|    fps                  | 9           |
|    iterations           | 105         |
|    sec_per_step         | 0.0964      |
|    time_elapsed         | 5553        |
|    total_timesteps      | 86528       |
| train/                  |             |
|    approx_kl            | 0.015079316 |
|    clip_fraction        | 0.147       |
|    clip_range           | 0.2         |
|    entropy_loss         | -1.77       |
|    explained_variance   | 0.806       |
|    learning_rate        | 0.0001      |
|    loss                 | 0.0625      |
|    n_updates            | 1640        |
|    policy_gradient_loss | -0.0233     |
|    std                  | 0.595       |
|    value_loss           | 0.232       |
-----------------------------------------
[E2] ~6.6h remaining (245728 steps left @ 0.10s/step)
-----------------------------------------
| rollout/                |             |
|    ep_len_mean          | 9.41        |
|    ep_rew_mean          | 1.19        |
| time/                   |             |
|    eta_hours            | 6.6         |
|    fps                  | 9           |
|    iterations           | 106         |
|    sec_per_step         | 0.0966      |
|    time_elapsed         | 5603        |
|    total_timesteps      | 87040       |
| train/                  |             |
|    approx_kl            | 0.018352278 |
|    clip_fraction        | 0.15        |
|    clip_range           | 0.2         |
|    entropy_loss         | -1.77       |
|    explained_variance   | 0.749       |
|    learning_rate        | 0.0001      |
|    loss                 | 0.0645      |
|    n_updates            | 1650        |
|    policy_gradient_loss | -0.0255     |
|    std                  | 0.595       |
|    value_loss           | 0.268       |
-----------------------------------------
[E2] ~6.4h remaining (245216 steps left @ 0.09s/step)
-----------------------------------------
| rollout/                |             |
|    ep_len_mean          | 9.3         |
|    ep_rew_mean          | 1.21        |
| time/                   |             |
|    eta_hours            | 6.43        |
|    fps                  | 9           |
|    iterations           | 107         |
|    sec_per_step         | 0.0944      |
|    time_elapsed         | 5649        |
|    total_timesteps      | 87552       |
| train/                  |             |
|    approx_kl            | 0.013035867 |
|    clip_fraction        | 0.114       |
|    clip_range           | 0.2         |
|    entropy_loss         | -1.77       |
|    explained_variance   | 0.811       |
|    learning_rate        | 0.0001      |
|    loss                 | 0.038       |
|    n_updates            | 1660        |
|    policy_gradient_loss | -0.0182     |
|    std                  | 0.594       |
|    value_loss           | 0.223       |
-----------------------------------------
[E2] ~6.7h remaining (244704 steps left @ 0.10s/step)
-----------------------------------------
| rollout/                |             |
|    ep_len_mean          | 9.11        |
|    ep_rew_mean          | 1.2         |
| time/                   |             |
|    eta_hours            | 6.73        |
|    fps                  | 9           |
|    iterations           | 108         |
|    sec_per_step         | 0.099       |
|    time_elapsed         | 5705        |
|    total_timesteps      | 88064       |
| train/                  |             |
|    approx_kl            | 0.016162954 |
|    clip_fraction        | 0.119       |
|    clip_range           | 0.2         |
|    entropy_loss         | -1.77       |
|    explained_variance   | 0.794       |
|    learning_rate        | 0.0001      |
|    loss                 | 0.046       |
|    n_updates            | 1670        |
|    policy_gradient_loss | -0.0218     |
|    std                  | 0.594       |
|    value_loss           | 0.223       |
-----------------------------------------
[E2] ~6.9h remaining (244192 steps left @ 0.10s/step)
-----------------------------------------
| rollout/                |             |
|    ep_len_mean          | 9.31        |
|    ep_rew_mean          | 1.19        |
| time/                   |             |
|    eta_hours            | 6.87        |
|    fps                  | 9           |
|    iterations           | 109         |
|    sec_per_step         | 0.101       |
|    time_elapsed         | 5760        |
|    total_timesteps      | 88576       |
| train/                  |             |
|    approx_kl            | 0.013952224 |
|    clip_fraction        | 0.119       |
|    clip_range           | 0.2         |
|    entropy_loss         | -1.77       |
|    explained_variance   | 0.8         |
|    learning_rate        | 0.0001      |
|    loss                 | 0.0666      |
|    n_updates            | 1680        |
|    policy_gradient_loss | -0.0205     |
|    std                  | 0.595       |
|    value_loss           | 0.209       |
-----------------------------------------
[E2] ~6.8h remaining (243680 steps left @ 0.10s/step)
-----------------------------------------
| rollout/                |             |
|    ep_len_mean          | 9.47        |
|    ep_rew_mean          | 1.21        |
| time/                   |             |
|    eta_hours            | 6.85        |
|    fps                  | 9           |
|    iterations           | 110         |
|    sec_per_step         | 0.101       |
|    time_elapsed         | 5811        |
|    total_timesteps      | 89088       |
| train/                  |             |
|    approx_kl            | 0.014950814 |
|    clip_fraction        | 0.128       |
|    clip_range           | 0.2         |
|    entropy_loss         | -1.77       |
|    explained_variance   | 0.797       |
|    learning_rate        | 0.0001      |
|    loss                 | 0.104       |
|    n_updates            | 1690        |
|    policy_gradient_loss | -0.0196     |
|    std                  | 0.595       |
|    value_loss           | 0.256       |
-----------------------------------------
[E2] ~7.0h remaining (243168 steps left @ 0.10s/step)
-----------------------------------------
| rollout/                |             |
|    ep_len_mean          | 9.47        |
|    ep_rew_mean          | 1.22        |
| time/                   |             |
|    eta_hours            | 6.98        |
|    fps                  | 9           |
|    iterations           | 111         |
|    sec_per_step         | 0.103       |
|    time_elapsed         | 5867        |
|    total_timesteps      | 89600       |
| train/                  |             |
|    approx_kl            | 0.017568406 |
|    clip_fraction        | 0.172       |
|    clip_range           | 0.2         |
|    entropy_loss         | -1.76       |
|    explained_variance   | 0.82        |
|    learning_rate        | 0.0001      |
|    loss                 | 0.0835      |
|    n_updates            | 1700        |
|    policy_gradient_loss | -0.0264     |
|    std                  | 0.593       |
|    value_loss           | 0.221       |
-----------------------------------------
[E2] ~6.9h remaining (242656 steps left @ 0.10s/step)
-----------------------------------------
| rollout/                |             |
|    ep_len_mean          | 9.5         |
|    ep_rew_mean          | 1.21        |
| time/                   |             |
|    eta_hours            | 6.93        |
|    fps                  | 9           |
|    iterations           | 112         |
|    sec_per_step         | 0.103       |
|    time_elapsed         | 5919        |
|    total_timesteps      | 90112       |
| train/                  |             |
|    approx_kl            | 0.014559107 |
|    clip_fraction        | 0.126       |
|    clip_range           | 0.2         |
|    entropy_loss         | -1.76       |
|    explained_variance   | 0.824       |
|    learning_rate        | 0.0001      |
|    loss                 | 0.0671      |
|    n_updates            | 1710        |
|    policy_gradient_loss | -0.0197     |
|    std                  | 0.592       |
|    value_loss           | 0.204       |
-----------------------------------------
[E2] ~6.8h remaining (242144 steps left @ 0.10s/step)
-----------------------------------------
| rollout/                |             |
|    ep_len_mean          | 9.35        |
|    ep_rew_mean          | 1.19        |
| time/                   |             |
|    eta_hours            | 6.82        |
|    fps                  | 9           |
|    iterations           | 113         |
|    sec_per_step         | 0.101       |
|    time_elapsed         | 5969        |
|    total_timesteps      | 90624       |
| train/                  |             |
|    approx_kl            | 0.011834229 |
|    clip_fraction        | 0.102       |
|    clip_range           | 0.2         |
|    entropy_loss         | -1.76       |
|    explained_variance   | 0.774       |
|    learning_rate        | 0.0001      |
|    loss                 | 0.112       |
|    n_updates            | 1720        |
|    policy_gradient_loss | -0.0167     |
|    std                  | 0.592       |
|    value_loss           | 0.255       |
-----------------------------------------
[E2] ~6.9h remaining (241632 steps left @ 0.10s/step)
----------------------------------------
| rollout/                |            |
|    ep_len_mean          | 9.45       |
|    ep_rew_mean          | 1.18       |
| time/                   |            |
|    eta_hours            | 6.93       |
|    fps                  | 9          |
|    iterations           | 114        |
|    sec_per_step         | 0.103      |
|    time_elapsed         | 6024       |
|    total_timesteps      | 91136      |
| train/                  |            |
|    approx_kl            | 0.01821379 |
|    clip_fraction        | 0.141      |
|    clip_range           | 0.2        |
|    entropy_loss         | -1.75      |
|    explained_variance   | 0.802      |
|    learning_rate        | 0.0001     |
|    loss                 | 0.0826     |
|    n_updates            | 1730       |
|    policy_gradient_loss | -0.0258    |
|    std                  | 0.591      |
|    value_loss           | 0.237      |
----------------------------------------
[E2] ~6.9h remaining (241120 steps left @ 0.10s/step)
-----------------------------------------
| rollout/                |             |
|    ep_len_mean          | 9.72        |
|    ep_rew_mean          | 1.19        |
| time/                   |             |
|    eta_hours            | 6.88        |
|    fps                  | 9           |
|    iterations           | 115         |
|    sec_per_step         | 0.103       |
|    time_elapsed         | 6076        |
|    total_timesteps      | 91648       |
| train/                  |             |
|    approx_kl            | 0.013339791 |
|    clip_fraction        | 0.115       |
|    clip_range           | 0.2         |
|    entropy_loss         | -1.75       |
|    explained_variance   | 0.781       |
|    learning_rate        | 0.0001      |
|    loss                 | 0.147       |
|    n_updates            | 1740        |
|    policy_gradient_loss | -0.0226     |
|    std                  | 0.589       |
|    value_loss           | 0.243       |
-----------------------------------------
[E2] ~7.0h remaining (240608 steps left @ 0.10s/step)
-----------------------------------------
| rollout/                |             |
|    ep_len_mean          | 9.23        |
|    ep_rew_mean          | 1.2         |
| time/                   |             |
|    eta_hours            | 7.01        |
|    fps                  | 9           |
|    iterations           | 116         |
|    sec_per_step         | 0.105       |
|    time_elapsed         | 6132        |
|    total_timesteps      | 92160       |
| train/                  |             |
|    approx_kl            | 0.012329016 |
|    clip_fraction        | 0.124       |
|    clip_range           | 0.2         |
|    entropy_loss         | -1.74       |
|    explained_variance   | 0.799       |
|    learning_rate        | 0.0001      |
|    loss                 | 0.0612      |
|    n_updates            | 1750        |
|    policy_gradient_loss | -0.0183     |
|    std                  | 0.589       |
|    value_loss           | 0.208       |
-----------------------------------------
[E2] ~7.2h remaining (240096 steps left @ 0.11s/step)
------------------------------------------
| rollout/                |              |
|    ep_len_mean          | 8.92         |
|    ep_rew_mean          | 1.22         |
| time/                   |              |
|    eta_hours            | 7.19         |
|    fps                  | 9            |
|    iterations           | 117          |
|    sec_per_step         | 0.108        |
|    time_elapsed         | 6191         |
|    total_timesteps      | 92672        |
| train/                  |              |
|    approx_kl            | 0.0153360255 |
|    clip_fraction        | 0.13         |
|    clip_range           | 0.2          |
|    entropy_loss         | -1.74        |
|    explained_variance   | 0.757        |
|    learning_rate        | 0.0001       |
|    loss                 | 0.0768       |
|    n_updates            | 1760         |
|    policy_gradient_loss | -0.0222      |
|    std                  | 0.587        |
|    value_loss           | 0.292        |
------------------------------------------
[E2 eval @ step 92769]  MAPE=4.15%  p90=5.75%  success(<5%)=70.0%  mean_scan_time=516.4s
[E2 eval]  → new best MAPE 4.15% saved to runs/e2/mf_runB_5sphere_hist_560s_gpu/stage4_full/best
[MF global-best] 4.92% confirmed full-Bloch MAPE saved from full/stage_eval_full @ step 92769 (screen=4.15%) → runs/e2/mf_runB_5sphere_hist_560s_gpu/global_best
[E2] ~8.0h remaining (239584 steps left @ 0.12s/step)
-----------------------------------------
| rollout/                |             |
|    ep_len_mean          | 9.13        |
|    ep_rew_mean          | 1.22        |
| time/                   |             |
|    eta_hours            | 8.05        |
|    fps                  | 9           |
|    iterations           | 118         |
|    sec_per_step         | 0.121       |
|    time_elapsed         | 6269        |
|    total_timesteps      | 93184       |
| train/                  |             |
|    approx_kl            | 0.013816105 |
|    clip_fraction        | 0.123       |
|    clip_range           | 0.2         |
|    entropy_loss         | -1.73       |
|    explained_variance   | 0.804       |
|    learning_rate        | 0.0001      |
|    loss                 | 0.0909      |
|    n_updates            | 1770        |
|    policy_gradient_loss | -0.0162     |
|    std                  | 0.585       |
|    value_loss           | 0.231       |
-----------------------------------------
[E2] ~7.5h remaining (239072 steps left @ 0.11s/step)
----------------------------------------
| rollout/                |            |
|    ep_len_mean          | 9.11       |
|    ep_rew_mean          | 1.19       |
| time/                   |            |
|    eta_hours            | 7.46       |
|    fps                  | 9          |
|    iterations           | 119        |
|    sec_per_step         | 0.112      |
|    time_elapsed         | 6316       |
|    total_timesteps      | 93696      |
| train/                  |            |
|    approx_kl            | 0.01614784 |
|    clip_fraction        | 0.148      |
|    clip_range           | 0.2        |
|    entropy_loss         | -1.73      |
|    explained_variance   | 0.811      |
|    learning_rate        | 0.0001     |
|    loss                 | 0.0186     |
|    n_updates            | 1780       |
|    policy_gradient_loss | -0.0254    |
|    std                  | 0.584      |
|    value_loss           | 0.214      |
----------------------------------------
[E2] ~7.3h remaining (238560 steps left @ 0.11s/step)
-----------------------------------------
| rollout/                |             |
|    ep_len_mean          | 9.04        |
|    ep_rew_mean          | 1.18        |
| time/                   |             |
|    eta_hours            | 7.32        |
|    fps                  | 9           |
|    iterations           | 120         |
|    sec_per_step         | 0.11        |
|    time_elapsed         | 6370        |
|    total_timesteps      | 94208       |
| train/                  |             |
|    approx_kl            | 0.012977985 |
|    clip_fraction        | 0.137       |
|    clip_range           | 0.2         |
|    entropy_loss         | -1.72       |
|    explained_variance   | 0.783       |
|    learning_rate        | 0.0001      |
|    loss                 | 0.102       |
|    n_updates            | 1790        |
|    policy_gradient_loss | -0.0224     |
|    std                  | 0.582       |
|    value_loss           | 0.257       |
-----------------------------------------
[E2] ~7.3h remaining (238048 steps left @ 0.11s/step)
-----------------------------------------
| rollout/                |             |
|    ep_len_mean          | 9.14        |
|    ep_rew_mean          | 1.19        |
| time/                   |             |
|    eta_hours            | 7.34        |
|    fps                  | 9           |
|    iterations           | 121         |
|    sec_per_step         | 0.111       |
|    time_elapsed         | 6428        |
|    total_timesteps      | 94720       |
| train/                  |             |
|    approx_kl            | 0.017988816 |
|    clip_fraction        | 0.163       |
|    clip_range           | 0.2         |
|    entropy_loss         | -1.72       |
|    explained_variance   | 0.848       |
|    learning_rate        | 0.0001      |
|    loss                 | 0.033       |
|    n_updates            | 1800        |
|    policy_gradient_loss | -0.0238     |
|    std                  | 0.582       |
|    value_loss           | 0.164       |
-----------------------------------------
[E2] ~7.1h remaining (237536 steps left @ 0.11s/step)
-----------------------------------------
| rollout/                |             |
|    ep_len_mean          | 8.96        |
|    ep_rew_mean          | 1.21        |
| time/                   |             |
|    eta_hours            | 7.07        |
|    fps                  | 9           |
|    iterations           | 122         |
|    sec_per_step         | 0.107       |
|    time_elapsed         | 6478        |
|    total_timesteps      | 95232       |
| train/                  |             |
|    approx_kl            | 0.013366748 |
|    clip_fraction        | 0.117       |
|    clip_range           | 0.2         |
|    entropy_loss         | -1.71       |
|    explained_variance   | 0.778       |
|    learning_rate        | 0.0001      |
|    loss                 | 0.111       |
|    n_updates            | 1810        |
|    policy_gradient_loss | -0.019      |
|    std                  | 0.579       |
|    value_loss           | 0.264       |
-----------------------------------------
[E2] ~6.9h remaining (237024 steps left @ 0.10s/step)
-----------------------------------------
| rollout/                |             |
|    ep_len_mean          | 8.91        |
|    ep_rew_mean          | 1.19        |
| time/                   |             |
|    eta_hours            | 6.91        |
|    fps                  | 9           |
|    iterations           | 123         |
|    sec_per_step         | 0.105       |
|    time_elapsed         | 6529        |
|    total_timesteps      | 95744       |
| train/                  |             |
|    approx_kl            | 0.008667238 |
|    clip_fraction        | 0.0781      |
|    clip_range           | 0.2         |
|    entropy_loss         | -1.71       |
|    explained_variance   | 0.794       |
|    learning_rate        | 0.0001      |
|    loss                 | 0.0882      |
|    n_updates            | 1820        |
|    policy_gradient_loss | -0.0145     |
|    std                  | 0.577       |
|    value_loss           | 0.255       |
-----------------------------------------
[E2] ~6.9h remaining (236512 steps left @ 0.11s/step)
-----------------------------------------
| rollout/                |             |
|    ep_len_mean          | 9.28        |
|    ep_rew_mean          | 1.21        |
| time/                   |             |
|    eta_hours            | 6.92        |
|    fps                  | 9           |
|    iterations           | 124         |
|    sec_per_step         | 0.105       |
|    time_elapsed         | 6583        |
|    total_timesteps      | 96256       |
| train/                  |             |
|    approx_kl            | 0.011232989 |
|    clip_fraction        | 0.0938      |
|    clip_range           | 0.2         |
|    entropy_loss         | -1.7        |
|    explained_variance   | 0.803       |
|    learning_rate        | 0.0001      |
|    loss                 | 0.0922      |
|    n_updates            | 1830        |
|    policy_gradient_loss | -0.0157     |
|    std                  | 0.576       |
|    value_loss           | 0.215       |
-----------------------------------------
[E2] ~6.9h remaining (236000 steps left @ 0.10s/step)
-----------------------------------------
| rollout/                |             |
|    ep_len_mean          | 9.15        |
|    ep_rew_mean          | 1.2         |
| time/                   |             |
|    eta_hours            | 6.86        |
|    fps                  | 9           |
|    iterations           | 125         |
|    sec_per_step         | 0.105       |
|    time_elapsed         | 6636        |
|    total_timesteps      | 96768       |
| train/                  |             |
|    approx_kl            | 0.013399893 |
|    clip_fraction        | 0.113       |
|    clip_range           | 0.2         |
|    entropy_loss         | -1.69       |
|    explained_variance   | 0.823       |
|    learning_rate        | 0.0001      |
|    loss                 | 0.079       |
|    n_updates            | 1840        |
|    policy_gradient_loss | -0.0186     |
|    std                  | 0.574       |
|    value_loss           | 0.209       |
-----------------------------------------
[E2] ~6.9h remaining (235488 steps left @ 0.11s/step)
-----------------------------------------
| rollout/                |             |
|    ep_len_mean          | 9.3         |
|    ep_rew_mean          | 1.19        |
| time/                   |             |
|    eta_hours            | 6.9         |
|    fps                  | 9           |
|    iterations           | 126         |
|    sec_per_step         | 0.105       |
|    time_elapsed         | 6691        |
|    total_timesteps      | 97280       |
| train/                  |             |
|    approx_kl            | 0.013363548 |
|    clip_fraction        | 0.0967      |
|    clip_range           | 0.2         |
|    entropy_loss         | -1.69       |
|    explained_variance   | 0.796       |
|    learning_rate        | 0.0001      |
|    loss                 | 0.0648      |
|    n_updates            | 1850        |
|    policy_gradient_loss | -0.0157     |
|    std                  | 0.572       |
|    value_loss           | 0.241       |
-----------------------------------------
[E2] ~7.0h remaining (234976 steps left @ 0.11s/step)
-----------------------------------------
| rollout/                |             |
|    ep_len_mean          | 9.37        |
|    ep_rew_mean          | 1.18        |
| time/                   |             |
|    eta_hours            | 7.02        |
|    fps                  | 9           |
|    iterations           | 127         |
|    sec_per_step         | 0.108       |
|    time_elapsed         | 6749        |
|    total_timesteps      | 97792       |
| train/                  |             |
|    approx_kl            | 0.013873175 |
|    clip_fraction        | 0.128       |
|    clip_range           | 0.2         |
|    entropy_loss         | -1.68       |
|    explained_variance   | 0.805       |
|    learning_rate        | 0.0001      |
|    loss                 | 0.0653      |
|    n_updates            | 1860        |
|    policy_gradient_loss | -0.0176     |
|    std                  | 0.571       |
|    value_loss           | 0.213       |
-----------------------------------------
[E2] ~7.0h remaining (234464 steps left @ 0.11s/step)
----------------------------------------
| rollout/                |            |
|    ep_len_mean          | 9.41       |
|    ep_rew_mean          | 1.22       |
| time/                   |            |
|    eta_hours            | 6.99       |
|    fps                  | 9          |
|    iterations           | 128        |
|    sec_per_step         | 0.107      |
|    time_elapsed         | 6803       |
|    total_timesteps      | 98304      |
| train/                  |            |
|    approx_kl            | 0.01786222 |
|    clip_fraction        | 0.145      |
|    clip_range           | 0.2        |
|    entropy_loss         | -1.68      |
|    explained_variance   | 0.823      |
|    learning_rate        | 0.0001     |
|    loss                 | 0.0508     |
|    n_updates            | 1870       |
|    policy_gradient_loss | -0.0201    |
|    std                  | 0.571      |
|    value_loss           | 0.196      |
----------------------------------------
[E2] ~7.0h remaining (233952 steps left @ 0.11s/step)
-----------------------------------------
| rollout/                |             |
|    ep_len_mean          | 9.42        |
|    ep_rew_mean          | 1.24        |
| time/                   |             |
|    eta_hours            | 6.99        |
|    fps                  | 9           |
|    iterations           | 129         |
|    sec_per_step         | 0.107       |
|    time_elapsed         | 6859        |
|    total_timesteps      | 98816       |
| train/                  |             |
|    approx_kl            | 0.011674265 |
|    clip_fraction        | 0.102       |
|    clip_range           | 0.2         |
|    entropy_loss         | -1.67       |
|    explained_variance   | 0.789       |
|    learning_rate        | 0.0001      |
|    loss                 | 0.0454      |
|    n_updates            | 1880        |
|    policy_gradient_loss | -0.0172     |
|    std                  | 0.568       |
|    value_loss           | 0.243       |
-----------------------------------------
[E2] ~7.1h remaining (233440 steps left @ 0.11s/step)
----------------------------------------
| rollout/                |            |
|    ep_len_mean          | 9.27       |
|    ep_rew_mean          | 1.21       |
| time/                   |            |
|    eta_hours            | 7.06       |
|    fps                  | 9          |
|    iterations           | 130        |
|    sec_per_step         | 0.109      |
|    time_elapsed         | 6916       |
|    total_timesteps      | 99328      |
| train/                  |            |
|    approx_kl            | 0.02183149 |
|    clip_fraction        | 0.207      |
|    clip_range           | 0.2        |
|    entropy_loss         | -1.67      |
|    explained_variance   | 0.807      |
|    learning_rate        | 0.0001     |
|    loss                 | 0.0764     |
|    n_updates            | 1890       |
|    policy_gradient_loss | -0.0283    |
|    std                  | 0.567      |
|    value_loss           | 0.215      |
----------------------------------------
[E2] ~7.0h remaining (232928 steps left @ 0.11s/step)
-----------------------------------------
| rollout/                |             |
|    ep_len_mean          | 9.44        |
|    ep_rew_mean          | 1.21        |
| time/                   |             |
|    eta_hours            | 7.02        |
|    fps                  | 9           |
|    iterations           | 131         |
|    sec_per_step         | 0.109       |
|    time_elapsed         | 6971        |
|    total_timesteps      | 99840       |
| train/                  |             |
|    approx_kl            | 0.015750434 |
|    clip_fraction        | 0.137       |
|    clip_range           | 0.2         |
|    entropy_loss         | -1.66       |
|    explained_variance   | 0.786       |
|    learning_rate        | 0.0001      |
|    loss                 | 0.115       |
|    n_updates            | 1900        |
|    policy_gradient_loss | -0.02       |
|    std                  | 0.566       |
|    value_loss           | 0.269       |
-----------------------------------------
[E2] ~6.6h remaining (232416 steps left @ 0.10s/step)
----------------------------------------
| rollout/                |            |
|    ep_len_mean          | 9.33       |
|    ep_rew_mean          | 1.19       |
| time/                   |            |
|    eta_hours            | 6.58       |
|    fps                  | 9          |
|    iterations           | 132        |
|    sec_per_step         | 0.102      |
|    time_elapsed         | 7015       |
|    total_timesteps      | 100352     |
| train/                  |            |
|    approx_kl            | 0.01854758 |
|    clip_fraction        | 0.17       |
|    clip_range           | 0.2        |
|    entropy_loss         | -1.66      |
|    explained_variance   | 0.795      |
|    learning_rate        | 0.0001     |
|    loss                 | 0.0855     |
|    n_updates            | 1910       |
|    policy_gradient_loss | -0.0232    |
|    std                  | 0.565      |
|    value_loss           | 0.241      |
----------------------------------------
[E2] ~6.5h remaining (231904 steps left @ 0.10s/step)
-----------------------------------------
| rollout/                |             |
|    ep_len_mean          | 9.13        |
|    ep_rew_mean          | 1.19        |
| time/                   |             |
|    eta_hours            | 6.52        |
|    fps                  | 9           |
|    iterations           | 133         |
|    sec_per_step         | 0.101       |
|    time_elapsed         | 7066        |
|    total_timesteps      | 100864      |
| train/                  |             |
|    approx_kl            | 0.017810713 |
|    clip_fraction        | 0.139       |
|    clip_range           | 0.2         |
|    entropy_loss         | -1.65       |
|    explained_variance   | 0.809       |
|    learning_rate        | 0.0001      |
|    loss                 | 0.0913      |
|    n_updates            | 1920        |
|    policy_gradient_loss | -0.0204     |
|    std                  | 0.561       |
|    value_loss           | 0.221       |
-----------------------------------------
[E2] ~6.5h remaining (231392 steps left @ 0.10s/step)
-----------------------------------------
| rollout/                |             |
|    ep_len_mean          | 9.4         |
|    ep_rew_mean          | 1.22        |
| time/                   |             |
|    eta_hours            | 6.53        |
|    fps                  | 9           |
|    iterations           | 134         |
|    sec_per_step         | 0.102       |
|    time_elapsed         | 7119        |
|    total_timesteps      | 101376      |
| train/                  |             |
|    approx_kl            | 0.013685707 |
|    clip_fraction        | 0.136       |
|    clip_range           | 0.2         |
|    entropy_loss         | -1.64       |
|    explained_variance   | 0.82        |
|    learning_rate        | 0.0001      |
|    loss                 | 0.0486      |
|    n_updates            | 1930        |
|    policy_gradient_loss | -0.0206     |
|    std                  | 0.56        |
|    value_loss           | 0.227       |
-----------------------------------------
[E2] ~6.6h remaining (230880 steps left @ 0.10s/step)
-----------------------------------------
| rollout/                |             |
|    ep_len_mean          | 9.54        |
|    ep_rew_mean          | 1.25        |
| time/                   |             |
|    eta_hours            | 6.59        |
|    fps                  | 9           |
|    iterations           | 135         |
|    sec_per_step         | 0.103       |
|    time_elapsed         | 7173        |
|    total_timesteps      | 101888      |
| train/                  |             |
|    approx_kl            | 0.011164492 |
|    clip_fraction        | 0.124       |
|    clip_range           | 0.2         |
|    entropy_loss         | -1.64       |
|    explained_variance   | 0.813       |
|    learning_rate        | 0.0001      |
|    loss                 | 0.0274      |
|    n_updates            | 1940        |
|    policy_gradient_loss | -0.0189     |
|    std                  | 0.559       |
|    value_loss           | 0.208       |
-----------------------------------------
[E2] ~6.7h remaining (230368 steps left @ 0.11s/step)
----------------------------------------
| rollout/                |            |
|    ep_len_mean          | 9.49       |
|    ep_rew_mean          | 1.23       |
| time/                   |            |
|    eta_hours            | 6.73       |
|    fps                  | 9          |
|    iterations           | 136        |
|    sec_per_step         | 0.105      |
|    time_elapsed         | 7230       |
|    total_timesteps      | 102400     |
| train/                  |            |
|    approx_kl            | 0.01754551 |
|    clip_fraction        | 0.141      |
|    clip_range           | 0.2        |
|    entropy_loss         | -1.64      |
|    explained_variance   | 0.819      |
|    learning_rate        | 0.0001     |
|    loss                 | 0.057      |
|    n_updates            | 1950       |
|    policy_gradient_loss | -0.021     |
|    std                  | 0.559      |
|    value_loss           | 0.237      |
----------------------------------------
[E2 eval @ step 102769]  MAPE=5.93%  p90=10.72%  success(<5%)=40.0%  mean_scan_time=533.6s
[E2] ~7.6h remaining (229856 steps left @ 0.12s/step)
-----------------------------------------
| rollout/                |             |
|    ep_len_mean          | 9.26        |
|    ep_rew_mean          | 1.2         |
| time/                   |             |
|    eta_hours            | 7.58        |
|    fps                  | 9           |
|    iterations           | 137         |
|    sec_per_step         | 0.119       |
|    time_elapsed         | 7307        |
|    total_timesteps      | 102912      |
| train/                  |             |
|    approx_kl            | 0.015826551 |
|    clip_fraction        | 0.124       |
|    clip_range           | 0.2         |
|    entropy_loss         | -1.64       |
|    explained_variance   | 0.783       |
|    learning_rate        | 0.0001      |
|    loss                 | 0.121       |
|    n_updates            | 1960        |
|    policy_gradient_loss | -0.0178     |
|    std                  | 0.559       |
|    value_loss           | 0.256       |
-----------------------------------------
[E2] ~7.3h remaining (229344 steps left @ 0.11s/step)
-----------------------------------------
| rollout/                |             |
|    ep_len_mean          | 9.35        |
|    ep_rew_mean          | 1.26        |
| time/                   |             |
|    eta_hours            | 7.27        |
|    fps                  | 9           |
|    iterations           | 138         |
|    sec_per_step         | 0.114       |
|    time_elapsed         | 7360        |
|    total_timesteps      | 103424      |
| train/                  |             |
|    approx_kl            | 0.017877635 |
|    clip_fraction        | 0.138       |
|    clip_range           | 0.2         |
|    entropy_loss         | -1.63       |
|    explained_variance   | 0.833       |
|    learning_rate        | 0.0001      |
|    loss                 | 0.0149      |
|    n_updates            | 1970        |
|    policy_gradient_loss | -0.0241     |
|    std                  | 0.558       |
|    value_loss           | 0.193       |
-----------------------------------------
[E2] ~7.1h remaining (228832 steps left @ 0.11s/step)
-----------------------------------------
| rollout/                |             |
|    ep_len_mean          | 9.15        |
|    ep_rew_mean          | 1.24        |
| time/                   |             |
|    eta_hours            | 7.11        |
|    fps                  | 9           |
|    iterations           | 139         |
|    sec_per_step         | 0.112       |
|    time_elapsed         | 7414        |
|    total_timesteps      | 103936      |
| train/                  |             |
|    approx_kl            | 0.016988259 |
|    clip_fraction        | 0.147       |
|    clip_range           | 0.2         |
|    entropy_loss         | -1.63       |
|    explained_variance   | 0.8         |
|    learning_rate        | 0.0001      |
|    loss                 | 0.105       |
|    n_updates            | 1980        |
|    policy_gradient_loss | -0.0229     |
|    std                  | 0.556       |
|    value_loss           | 0.247       |
-----------------------------------------
[E2] ~6.9h remaining (228320 steps left @ 0.11s/step)
-----------------------------------------
| rollout/                |             |
|    ep_len_mean          | 9.18        |
|    ep_rew_mean          | 1.23        |
| time/                   |             |
|    eta_hours            | 6.9         |
|    fps                  | 9           |
|    iterations           | 140         |
|    sec_per_step         | 0.109       |
|    time_elapsed         | 7466        |
|    total_timesteps      | 104448      |
| train/                  |             |
|    approx_kl            | 0.016015772 |
|    clip_fraction        | 0.123       |
|    clip_range           | 0.2         |
|    entropy_loss         | -1.62       |
|    explained_variance   | 0.813       |
|    learning_rate        | 0.0001      |
|    loss                 | 0.0219      |
|    n_updates            | 1990        |
|    policy_gradient_loss | -0.0197     |
|    std                  | 0.554       |
|    value_loss           | 0.212       |
-----------------------------------------
[E2] ~6.7h remaining (227808 steps left @ 0.11s/step)
-----------------------------------------
| rollout/                |             |
|    ep_len_mean          | 9.21        |
|    ep_rew_mean          | 1.21        |
| time/                   |             |
|    eta_hours            | 6.69        |
|    fps                  | 9           |
|    iterations           | 141         |
|    sec_per_step         | 0.106       |
|    time_elapsed         | 7516        |
|    total_timesteps      | 104960      |
| train/                  |             |
|    approx_kl            | 0.016279578 |
|    clip_fraction        | 0.141       |
|    clip_range           | 0.2         |
|    entropy_loss         | -1.61       |
|    explained_variance   | 0.812       |
|    learning_rate        | 0.0001      |
|    loss                 | 0.0803      |
|    n_updates            | 2000        |
|    policy_gradient_loss | -0.0237     |
|    std                  | 0.55        |
|    value_loss           | 0.238       |
-----------------------------------------
[E2] ~6.9h remaining (227296 steps left @ 0.11s/step)
-----------------------------------------
| rollout/                |             |
|    ep_len_mean          | 9.2         |
|    ep_rew_mean          | 1.23        |
| time/                   |             |
|    eta_hours            | 6.9         |
|    fps                  | 9           |
|    iterations           | 142         |
|    sec_per_step         | 0.109       |
|    time_elapsed         | 7577        |
|    total_timesteps      | 105472      |
| train/                  |             |
|    approx_kl            | 0.021222549 |
|    clip_fraction        | 0.152       |
|    clip_range           | 0.2         |
|    entropy_loss         | -1.6        |
|    explained_variance   | 0.834       |
|    learning_rate        | 0.0001      |
|    loss                 | 0.0578      |
|    n_updates            | 2010        |
|    policy_gradient_loss | -0.0216     |
|    std                  | 0.55        |
|    value_loss           | 0.187       |
-----------------------------------------
[E2] ~6.8h remaining (226784 steps left @ 0.11s/step)
-----------------------------------------
| rollout/                |             |
|    ep_len_mean          | 9.17        |
|    ep_rew_mean          | 1.25        |
| time/                   |             |
|    eta_hours            | 6.8         |
|    fps                  | 9           |
|    iterations           | 143         |
|    sec_per_step         | 0.108       |
|    time_elapsed         | 7630        |
|    total_timesteps      | 105984      |
| train/                  |             |
|    approx_kl            | 0.012676073 |
|    clip_fraction        | 0.11        |
|    clip_range           | 0.2         |
|    entropy_loss         | -1.6        |
|    explained_variance   | 0.858       |
|    learning_rate        | 0.0001      |
|    loss                 | 0.041       |
|    n_updates            | 2020        |
|    policy_gradient_loss | -0.0168     |
|    std                  | 0.55        |
|    value_loss           | 0.168       |
-----------------------------------------
[E2] ~6.7h remaining (226272 steps left @ 0.11s/step)
-----------------------------------------
| rollout/                |             |
|    ep_len_mean          | 9.05        |
|    ep_rew_mean          | 1.22        |
| time/                   |             |
|    eta_hours            | 6.72        |
|    fps                  | 9           |
|    iterations           | 144         |
|    sec_per_step         | 0.107       |
|    time_elapsed         | 7684        |
|    total_timesteps      | 106496      |
| train/                  |             |
|    approx_kl            | 0.020052487 |
|    clip_fraction        | 0.159       |
|    clip_range           | 0.2         |
|    entropy_loss         | -1.6        |
|    explained_variance   | 0.831       |
|    learning_rate        | 0.0001      |
|    loss                 | 0.0806      |
|    n_updates            | 2030        |
|    policy_gradient_loss | -0.0223     |
|    std                  | 0.549       |
|    value_loss           | 0.222       |
-----------------------------------------
[E2] ~6.7h remaining (225760 steps left @ 0.11s/step)
----------------------------------------
| rollout/                |            |
|    ep_len_mean          | 9.02       |
|    ep_rew_mean          | 1.2        |
| time/                   |            |
|    eta_hours            | 6.66       |
|    fps                  | 9          |
|    iterations           | 145        |
|    sec_per_step         | 0.106      |
|    time_elapsed         | 7737       |
|    total_timesteps      | 107008     |
| train/                  |            |
|    approx_kl            | 0.01786559 |
|    clip_fraction        | 0.14       |
|    clip_range           | 0.2        |
|    entropy_loss         | -1.6       |
|    explained_variance   | 0.817      |
|    learning_rate        | 0.0001     |
|    loss                 | 0.0718     |
|    n_updates            | 2040       |
|    policy_gradient_loss | -0.0241    |
|    std                  | 0.547      |
|    value_loss           | 0.223      |
----------------------------------------
[E2] ~6.9h remaining (225248 steps left @ 0.11s/step)
-----------------------------------------
| rollout/                |             |
|    ep_len_mean          | 8.85        |
|    ep_rew_mean          | 1.18        |
| time/                   |             |
|    eta_hours            | 6.89        |
|    fps                  | 9           |
|    iterations           | 146         |
|    sec_per_step         | 0.11        |
|    time_elapsed         | 7798        |
|    total_timesteps      | 107520      |
| train/                  |             |
|    approx_kl            | 0.013355304 |
|    clip_fraction        | 0.13        |
|    clip_range           | 0.2         |
|    entropy_loss         | -1.59       |
|    explained_variance   | 0.8         |
|    learning_rate        | 0.0001      |
|    loss                 | 0.072       |
|    n_updates            | 2050        |
|    policy_gradient_loss | -0.0178     |
|    std                  | 0.546       |
|    value_loss           | 0.226       |
-----------------------------------------
[E2] ~6.8h remaining (224736 steps left @ 0.11s/step)
-----------------------------------------
| rollout/                |             |
|    ep_len_mean          | 8.74        |
|    ep_rew_mean          | 1.21        |
| time/                   |             |
|    eta_hours            | 6.78        |
|    fps                  | 9           |
|    iterations           | 147         |
|    sec_per_step         | 0.109       |
|    time_elapsed         | 7852        |
|    total_timesteps      | 108032      |
| train/                  |             |
|    approx_kl            | 0.024170153 |
|    clip_fraction        | 0.195       |
|    clip_range           | 0.2         |
|    entropy_loss         | -1.59       |
|    explained_variance   | 0.816       |
|    learning_rate        | 0.0001      |
|    loss                 | 0.0242      |
|    n_updates            | 2060        |
|    policy_gradient_loss | -0.0261     |
|    std                  | 0.544       |
|    value_loss           | 0.2         |
-----------------------------------------
[E2] ~6.5h remaining (224224 steps left @ 0.10s/step)
-----------------------------------------
| rollout/                |             |
|    ep_len_mean          | 9.08        |
|    ep_rew_mean          | 1.22        |
| time/                   |             |
|    eta_hours            | 6.49        |
|    fps                  | 9           |
|    iterations           | 148         |
|    sec_per_step         | 0.104       |
|    time_elapsed         | 7900        |
|    total_timesteps      | 108544      |
| train/                  |             |
|    approx_kl            | 0.017189816 |
|    clip_fraction        | 0.152       |
|    clip_range           | 0.2         |
|    entropy_loss         | -1.58       |
|    explained_variance   | 0.842       |
|    learning_rate        | 0.0001      |
|    loss                 | 0.0872      |
|    n_updates            | 2070        |
|    policy_gradient_loss | -0.0216     |
|    std                  | 0.543       |
|    value_loss           | 0.19        |
-----------------------------------------
[E2] ~6.6h remaining (223712 steps left @ 0.11s/step)
-----------------------------------------
| rollout/                |             |
|    ep_len_mean          | 9.09        |
|    ep_rew_mean          | 1.25        |
| time/                   |             |
|    eta_hours            | 6.58        |
|    fps                  | 9           |
|    iterations           | 149         |
|    sec_per_step         | 0.106       |
|    time_elapsed         | 7956        |
|    total_timesteps      | 109056      |
| train/                  |             |
|    approx_kl            | 0.018288173 |
|    clip_fraction        | 0.153       |
|    clip_range           | 0.2         |
|    entropy_loss         | -1.58       |
|    explained_variance   | 0.797       |
|    learning_rate        | 0.0001      |
|    loss                 | 0.0944      |
|    n_updates            | 2080        |
|    policy_gradient_loss | -0.0244     |
|    std                  | 0.542       |
|    value_loss           | 0.227       |
-----------------------------------------
[E2] ~6.2h remaining (223200 steps left @ 0.10s/step)
-----------------------------------------
| rollout/                |             |
|    ep_len_mean          | 8.67        |
|    ep_rew_mean          | 1.23        |
| time/                   |             |
|    eta_hours            | 6.24        |
|    fps                  | 9           |
|    iterations           | 150         |
|    sec_per_step         | 0.101       |
|    time_elapsed         | 8002        |
|    total_timesteps      | 109568      |
| train/                  |             |
|    approx_kl            | 0.013136812 |
|    clip_fraction        | 0.112       |
|    clip_range           | 0.2         |
|    entropy_loss         | -1.57       |
|    explained_variance   | 0.841       |
|    learning_rate        | 0.0001      |
|    loss                 | 0.0805      |
|    n_updates            | 2090        |
|    policy_gradient_loss | -0.0209     |
|    std                  | 0.541       |
|    value_loss           | 0.18        |
-----------------------------------------
[E2] ~6.3h remaining (222688 steps left @ 0.10s/step)
-----------------------------------------
| rollout/                |             |
|    ep_len_mean          | 8.72        |
|    ep_rew_mean          | 1.21        |
| time/                   |             |
|    eta_hours            | 6.27        |
|    fps                  | 9           |
|    iterations           | 151         |
|    sec_per_step         | 0.101       |
|    time_elapsed         | 8055        |
|    total_timesteps      | 110080      |
| train/                  |             |
|    approx_kl            | 0.011082156 |
|    clip_fraction        | 0.115       |
|    clip_range           | 0.2         |
|    entropy_loss         | -1.57       |
|    explained_variance   | 0.806       |
|    learning_rate        | 0.0001      |
|    loss                 | 0.0957      |
|    n_updates            | 2100        |
|    policy_gradient_loss | -0.0166     |
|    std                  | 0.54        |
|    value_loss           | 0.236       |
-----------------------------------------
[E2] ~6.4h remaining (222176 steps left @ 0.10s/step)
-----------------------------------------
| rollout/                |             |
|    ep_len_mean          | 9.06        |
|    ep_rew_mean          | 1.24        |
| time/                   |             |
|    eta_hours            | 6.41        |
|    fps                  | 9           |
|    iterations           | 152         |
|    sec_per_step         | 0.104       |
|    time_elapsed         | 8111        |
|    total_timesteps      | 110592      |
| train/                  |             |
|    approx_kl            | 0.016503047 |
|    clip_fraction        | 0.156       |
|    clip_range           | 0.2         |
|    entropy_loss         | -1.56       |
|    explained_variance   | 0.837       |
|    learning_rate        | 0.0001      |
|    loss                 | 0.151       |
|    n_updates            | 2110        |
|    policy_gradient_loss | -0.0228     |
|    std                  | 0.538       |
|    value_loss           | 0.182       |
-----------------------------------------
[E2] ~6.5h remaining (221664 steps left @ 0.11s/step)
-----------------------------------------
| rollout/                |             |
|    ep_len_mean          | 9.29        |
|    ep_rew_mean          | 1.21        |
| time/                   |             |
|    eta_hours            | 6.5         |
|    fps                  | 9           |
|    iterations           | 153         |
|    sec_per_step         | 0.106       |
|    time_elapsed         | 8167        |
|    total_timesteps      | 111104      |
| train/                  |             |
|    approx_kl            | 0.015300612 |
|    clip_fraction        | 0.143       |
|    clip_range           | 0.2         |
|    entropy_loss         | -1.56       |
|    explained_variance   | 0.795       |
|    learning_rate        | 0.0001      |
|    loss                 | 0.132       |
|    n_updates            | 2120        |
|    policy_gradient_loss | -0.0196     |
|    std                  | 0.538       |
|    value_loss           | 0.248       |
-----------------------------------------
[E2] ~6.6h remaining (221152 steps left @ 0.11s/step)
-----------------------------------------
| rollout/                |             |
|    ep_len_mean          | 9.08        |
|    ep_rew_mean          | 1.2         |
| time/                   |             |
|    eta_hours            | 6.56        |
|    fps                  | 9           |
|    iterations           | 154         |
|    sec_per_step         | 0.107       |
|    time_elapsed         | 8223        |
|    total_timesteps      | 111616      |
| train/                  |             |
|    approx_kl            | 0.022081263 |
|    clip_fraction        | 0.205       |
|    clip_range           | 0.2         |
|    entropy_loss         | -1.56       |
|    explained_variance   | 0.813       |
|    learning_rate        | 0.0001      |
|    loss                 | 0.0838      |
|    n_updates            | 2130        |
|    policy_gradient_loss | -0.0265     |
|    std                  | 0.538       |
|    value_loss           | 0.208       |
-----------------------------------------
[E2] ~6.4h remaining (220640 steps left @ 0.10s/step)
----------------------------------------
| rollout/                |            |
|    ep_len_mean          | 9.08       |
|    ep_rew_mean          | 1.21       |
| time/                   |            |
|    eta_hours            | 6.36       |
|    fps                  | 9          |
|    iterations           | 155        |
|    sec_per_step         | 0.104      |
|    time_elapsed         | 8272       |
|    total_timesteps      | 112128     |
| train/                  |            |
|    approx_kl            | 0.02207128 |
|    clip_fraction        | 0.195      |
|    clip_range           | 0.2        |
|    entropy_loss         | -1.55      |
|    explained_variance   | 0.774      |
|    learning_rate        | 0.0001     |
|    loss                 | 0.038      |
|    n_updates            | 2140       |
|    policy_gradient_loss | -0.0291    |
|    std                  | 0.537      |
|    value_loss           | 0.256      |
----------------------------------------
[E2] ~6.6h remaining (220128 steps left @ 0.11s/step)
-----------------------------------------
| rollout/                |             |
|    ep_len_mean          | 9.11        |
|    ep_rew_mean          | 1.21        |
| time/                   |             |
|    eta_hours            | 6.57        |
|    fps                  | 9           |
|    iterations           | 156         |
|    sec_per_step         | 0.108       |
|    time_elapsed         | 8332        |
|    total_timesteps      | 112640      |
| train/                  |             |
|    approx_kl            | 0.012971213 |
|    clip_fraction        | 0.139       |
|    clip_range           | 0.2         |
|    entropy_loss         | -1.55       |
|    explained_variance   | 0.792       |
|    learning_rate        | 0.0001      |
|    loss                 | 0.0435      |
|    n_updates            | 2150        |
|    policy_gradient_loss | -0.0222     |
|    std                  | 0.536       |
|    value_loss           | 0.227       |
-----------------------------------------
[E2 eval @ step 112769]  MAPE=6.87%  p90=11.26%  success(<5%)=30.0%  mean_scan_time=529.6s
[E2] ~7.0h remaining (219616 steps left @ 0.12s/step)
-----------------------------------------
| rollout/                |             |
|    ep_len_mean          | 8.94        |
|    ep_rew_mean          | 1.2         |
| time/                   |             |
|    eta_hours            | 7.04        |
|    fps                  | 9           |
|    iterations           | 157         |
|    sec_per_step         | 0.115       |
|    time_elapsed         | 8400        |
|    total_timesteps      | 113152      |
| train/                  |             |
|    approx_kl            | 0.016910512 |
|    clip_fraction        | 0.167       |
|    clip_range           | 0.2         |
|    entropy_loss         | -1.55       |
|    explained_variance   | 0.835       |
|    learning_rate        | 0.0001      |
|    loss                 | 0.0432      |
|    n_updates            | 2160        |
|    policy_gradient_loss | -0.0239     |
|    std                  | 0.535       |
|    value_loss           | 0.211       |
-----------------------------------------
[E2] ~6.8h remaining (219104 steps left @ 0.11s/step)
-----------------------------------------
| rollout/                |             |
|    ep_len_mean          | 8.73        |
|    ep_rew_mean          | 1.18        |
| time/                   |             |
|    eta_hours            | 6.78        |
|    fps                  | 9           |
|    iterations           | 158         |
|    sec_per_step         | 0.111       |
|    time_elapsed         | 8453        |
|    total_timesteps      | 113664      |
| train/                  |             |
|    approx_kl            | 0.023228195 |
|    clip_fraction        | 0.197       |
|    clip_range           | 0.2         |
|    entropy_loss         | -1.54       |
|    explained_variance   | 0.808       |
|    learning_rate        | 0.0001      |
|    loss                 | 0.144       |
|    n_updates            | 2170        |
|    policy_gradient_loss | -0.0238     |
|    std                  | 0.535       |
|    value_loss           | 0.23        |
-----------------------------------------
[E2] ~6.9h remaining (218592 steps left @ 0.11s/step)
-----------------------------------------
| rollout/                |             |
|    ep_len_mean          | 8.72        |
|    ep_rew_mean          | 1.23        |
| time/                   |             |
|    eta_hours            | 6.86        |
|    fps                  | 9           |
|    iterations           | 159         |
|    sec_per_step         | 0.113       |
|    time_elapsed         | 8512        |
|    total_timesteps      | 114176      |
| train/                  |             |
|    approx_kl            | 0.012682405 |
|    clip_fraction        | 0.133       |
|    clip_range           | 0.2         |
|    entropy_loss         | -1.54       |
|    explained_variance   | 0.795       |
|    learning_rate        | 0.0001      |
|    loss                 | 0.0739      |
|    n_updates            | 2180        |
|    policy_gradient_loss | -0.0239     |
|    std                  | 0.533       |
|    value_loss           | 0.218       |
-----------------------------------------
[E2] ~6.7h remaining (218080 steps left @ 0.11s/step)
-----------------------------------------
| rollout/                |             |
|    ep_len_mean          | 8.8         |
|    ep_rew_mean          | 1.23        |
| time/                   |             |
|    eta_hours            | 6.65        |
|    fps                  | 9           |
|    iterations           | 160         |
|    sec_per_step         | 0.11        |
|    time_elapsed         | 8565        |
|    total_timesteps      | 114688      |
| train/                  |             |
|    approx_kl            | 0.018032901 |
|    clip_fraction        | 0.159       |
|    clip_range           | 0.2         |
|    entropy_loss         | -1.53       |
|    explained_variance   | 0.806       |
|    learning_rate        | 0.0001      |
|    loss                 | 0.101       |
|    n_updates            | 2190        |
|    policy_gradient_loss | -0.0251     |
|    std                  | 0.531       |
|    value_loss           | 0.242       |
-----------------------------------------
[E2] ~6.5h remaining (217568 steps left @ 0.11s/step)
-----------------------------------------
| rollout/                |             |
|    ep_len_mean          | 9.08        |
|    ep_rew_mean          | 1.22        |
| time/                   |             |
|    eta_hours            | 6.49        |
|    fps                  | 9           |
|    iterations           | 161         |
|    sec_per_step         | 0.107       |
|    time_elapsed         | 8617        |
|    total_timesteps      | 115200      |
| train/                  |             |
|    approx_kl            | 0.015625328 |
|    clip_fraction        | 0.131       |
|    clip_range           | 0.2         |
|    entropy_loss         | -1.53       |
|    explained_variance   | 0.811       |
|    learning_rate        | 0.0001      |
|    loss                 | 0.0903      |
|    n_updates            | 2200        |
|    policy_gradient_loss | -0.0196     |
|    std                  | 0.528       |
|    value_loss           | 0.237       |
-----------------------------------------
[E2] ~6.4h remaining (217056 steps left @ 0.11s/step)
-----------------------------------------
| rollout/                |             |
|    ep_len_mean          | 9.32        |
|    ep_rew_mean          | 1.21        |
| time/                   |             |
|    eta_hours            | 6.42        |
|    fps                  | 9           |
|    iterations           | 162         |
|    sec_per_step         | 0.106       |
|    time_elapsed         | 8670        |
|    total_timesteps      | 115712      |
| train/                  |             |
|    approx_kl            | 0.014667476 |
|    clip_fraction        | 0.121       |
|    clip_range           | 0.2         |
|    entropy_loss         | -1.52       |
|    explained_variance   | 0.839       |
|    learning_rate        | 0.0001      |
|    loss                 | 0.0374      |
|    n_updates            | 2210        |
|    policy_gradient_loss | -0.019      |
|    std                  | 0.526       |
|    value_loss           | 0.189       |
-----------------------------------------
[E2] ~6.5h remaining (216544 steps left @ 0.11s/step)
-----------------------------------------
| rollout/                |             |
|    ep_len_mean          | 9.18        |
|    ep_rew_mean          | 1.23        |
| time/                   |             |
|    eta_hours            | 6.52        |
|    fps                  | 9           |
|    iterations           | 163         |
|    sec_per_step         | 0.108       |
|    time_elapsed         | 8728        |
|    total_timesteps      | 116224      |
| train/                  |             |
|    approx_kl            | 0.017947406 |
|    clip_fraction        | 0.209       |
|    clip_range           | 0.2         |
|    entropy_loss         | -1.51       |
|    explained_variance   | 0.808       |
|    learning_rate        | 0.0001      |
|    loss                 | 0.0728      |
|    n_updates            | 2220        |
|    policy_gradient_loss | -0.0291     |
|    std                  | 0.525       |
|    value_loss           | 0.215       |
-----------------------------------------
[E2] ~6.6h remaining (216032 steps left @ 0.11s/step)
-----------------------------------------
| rollout/                |             |
|    ep_len_mean          | 8.99        |
|    ep_rew_mean          | 1.26        |
| time/                   |             |
|    eta_hours            | 6.6         |
|    fps                  | 9           |
|    iterations           | 164         |
|    sec_per_step         | 0.11        |
|    time_elapsed         | 8786        |
|    total_timesteps      | 116736      |
| train/                  |             |
|    approx_kl            | 0.013885289 |
|    clip_fraction        | 0.108       |
|    clip_range           | 0.2         |
|    entropy_loss         | -1.5        |
|    explained_variance   | 0.816       |
|    learning_rate        | 0.0001      |
|    loss                 | 0.0657      |
|    n_updates            | 2230        |
|    policy_gradient_loss | -0.0154     |
|    std                  | 0.523       |
|    value_loss           | 0.228       |
-----------------------------------------
[E2] ~6.4h remaining (215520 steps left @ 0.11s/step)
-----------------------------------------
| rollout/                |             |
|    ep_len_mean          | 9.04        |
|    ep_rew_mean          | 1.23        |
| time/                   |             |
|    eta_hours            | 6.43        |
|    fps                  | 9           |
|    iterations           | 165         |
|    sec_per_step         | 0.107       |
|    time_elapsed         | 8838        |
|    total_timesteps      | 117248      |
| train/                  |             |
|    approx_kl            | 0.023695763 |
|    clip_fraction        | 0.194       |
|    clip_range           | 0.2         |
|    entropy_loss         | -1.5        |
|    explained_variance   | 0.852       |
|    learning_rate        | 0.0001      |
|    loss                 | 0.0418      |
|    n_updates            | 2240        |
|    policy_gradient_loss | -0.0303     |
|    std                  | 0.521       |
|    value_loss           | 0.186       |
-----------------------------------------
[E2] ~6.4h remaining (215008 steps left @ 0.11s/step)
-----------------------------------------
| rollout/                |             |
|    ep_len_mean          | 8.97        |
|    ep_rew_mean          | 1.22        |
| time/                   |             |
|    eta_hours            | 6.4         |
|    fps                  | 9           |
|    iterations           | 166         |
|    sec_per_step         | 0.107       |
|    time_elapsed         | 8893        |
|    total_timesteps      | 117760      |
| train/                  |             |
|    approx_kl            | 0.018260024 |
|    clip_fraction        | 0.147       |
|    clip_range           | 0.2         |
|    entropy_loss         | -1.49       |
|    explained_variance   | 0.818       |
|    learning_rate        | 0.0001      |
|    loss                 | 0.0799      |
|    n_updates            | 2250        |
|    policy_gradient_loss | -0.023      |
|    std                  | 0.519       |
|    value_loss           | 0.221       |
-----------------------------------------
[E2] ~6.3h remaining (214496 steps left @ 0.11s/step)
-----------------------------------------
| rollout/                |             |
|    ep_len_mean          | 8.87        |
|    ep_rew_mean          | 1.22        |
| time/                   |             |
|    eta_hours            | 6.31        |
|    fps                  | 9           |
|    iterations           | 167         |
|    sec_per_step         | 0.106       |
|    time_elapsed         | 8945        |
|    total_timesteps      | 118272      |
| train/                  |             |
|    approx_kl            | 0.014693517 |
|    clip_fraction        | 0.134       |
|    clip_range           | 0.2         |
|    entropy_loss         | -1.48       |
|    explained_variance   | 0.84        |
|    learning_rate        | 0.0001      |
|    loss                 | 0.0356      |
|    n_updates            | 2260        |
|    policy_gradient_loss | -0.0197     |
|    std                  | 0.517       |
|    value_loss           | 0.19        |
-----------------------------------------
[E2] ~6.3h remaining (213984 steps left @ 0.11s/step)
-----------------------------------------
| rollout/                |             |
|    ep_len_mean          | 9.1         |
|    ep_rew_mean          | 1.24        |
| time/                   |             |
|    eta_hours            | 6.32        |
|    fps                  | 9           |
|    iterations           | 168         |
|    sec_per_step         | 0.106       |
|    time_elapsed         | 9001        |
|    total_timesteps      | 118784      |
| train/                  |             |
|    approx_kl            | 0.016370302 |
|    clip_fraction        | 0.169       |
|    clip_range           | 0.2         |
|    entropy_loss         | -1.48       |
|    explained_variance   | 0.845       |
|    learning_rate        | 0.0001      |
|    loss                 | 0.0275      |
|    n_updates            | 2270        |
|    policy_gradient_loss | -0.0185     |
|    std                  | 0.516       |
|    value_loss           | 0.195       |
-----------------------------------------
[E2] ~6.6h remaining (213472 steps left @ 0.11s/step)
-----------------------------------------
| rollout/                |             |
|    ep_len_mean          | 9.28        |
|    ep_rew_mean          | 1.24        |
| time/                   |             |
|    eta_hours            | 6.61        |
|    fps                  | 9           |
|    iterations           | 169         |
|    sec_per_step         | 0.112       |
|    time_elapsed         | 9064        |
|    total_timesteps      | 119296      |
| train/                  |             |
|    approx_kl            | 0.013914771 |
|    clip_fraction        | 0.114       |
|    clip_range           | 0.2         |
|    entropy_loss         | -1.47       |
|    explained_variance   | 0.781       |
|    learning_rate        | 0.0001      |
|    loss                 | 0.139       |
|    n_updates            | 2280        |
|    policy_gradient_loss | -0.0186     |
|    std                  | 0.515       |
|    value_loss           | 0.251       |
-----------------------------------------
[E2] ~6.2h remaining (212960 steps left @ 0.11s/step)
----------------------------------------
| rollout/                |            |
|    ep_len_mean          | 9.33       |
|    ep_rew_mean          | 1.22       |
| time/                   |            |
|    eta_hours            | 6.24       |
|    fps                  | 9          |
|    iterations           | 170        |
|    sec_per_step         | 0.106      |
|    time_elapsed         | 9111       |
|    total_timesteps      | 119808     |
| train/                  |            |
|    approx_kl            | 0.01784829 |
|    clip_fraction        | 0.17       |
|    clip_range           | 0.2        |
|    entropy_loss         | -1.47      |
|    explained_variance   | 0.772      |
|    learning_rate        | 0.0001     |
|    loss                 | 0.0407     |
|    n_updates            | 2290       |
|    policy_gradient_loss | -0.0277    |
|    std                  | 0.514      |
|    value_loss           | 0.242      |
----------------------------------------
[E2] ~6.2h remaining (212448 steps left @ 0.11s/step)
-----------------------------------------
| rollout/                |             |
|    ep_len_mean          | 9.53        |
|    ep_rew_mean          | 1.22        |
| time/                   |             |
|    eta_hours            | 6.22        |
|    fps                  | 9           |
|    iterations           | 171         |
|    sec_per_step         | 0.105       |
|    time_elapsed         | 9164        |
|    total_timesteps      | 120320      |
| train/                  |             |
|    approx_kl            | 0.013052064 |
|    clip_fraction        | 0.117       |
|    clip_range           | 0.2         |
|    entropy_loss         | -1.46       |
|    explained_variance   | 0.807       |
|    learning_rate        | 0.0001      |
|    loss                 | 0.0672      |
|    n_updates            | 2300        |
|    policy_gradient_loss | -0.0174     |
|    std                  | 0.513       |
|    value_loss           | 0.236       |
-----------------------------------------
[E2] ~6.1h remaining (211936 steps left @ 0.10s/step)
-----------------------------------------
| rollout/                |             |
|    ep_len_mean          | 9.36        |
|    ep_rew_mean          | 1.24        |
| time/                   |             |
|    eta_hours            | 6.13        |
|    fps                  | 9           |
|    iterations           | 172         |
|    sec_per_step         | 0.104       |
|    time_elapsed         | 9216        |
|    total_timesteps      | 120832      |
| train/                  |             |
|    approx_kl            | 0.014771642 |
|    clip_fraction        | 0.126       |
|    clip_range           | 0.2         |
|    entropy_loss         | -1.46       |
|    explained_variance   | 0.823       |
|    learning_rate        | 0.0001      |
|    loss                 | 0.0821      |
|    n_updates            | 2310        |
|    policy_gradient_loss | -0.0215     |
|    std                  | 0.512       |
|    value_loss           | 0.199       |
-----------------------------------------
[E2] ~6.2h remaining (211424 steps left @ 0.11s/step)
---------------------------------------
| rollout/                |           |
|    ep_len_mean          | 9.39      |
|    ep_rew_mean          | 1.22      |
| time/                   |           |
|    eta_hours            | 6.19      |
|    fps                  | 9         |
|    iterations           | 173       |
|    sec_per_step         | 0.105     |
|    time_elapsed         | 9272      |
|    total_timesteps      | 121344    |
| train/                  |           |
|    approx_kl            | 0.0163568 |
|    clip_fraction        | 0.154     |
|    clip_range           | 0.2       |
|    entropy_loss         | -1.45     |
|    explained_variance   | 0.856     |
|    learning_rate        | 0.0001    |
|    loss                 | 0.0451    |
|    n_updates            | 2320      |
|    policy_gradient_loss | -0.0186   |
|    std                  | 0.51      |
|    value_loss           | 0.174     |
---------------------------------------
[E2] ~6.1h remaining (210912 steps left @ 0.10s/step)
-----------------------------------------
| rollout/                |             |
|    ep_len_mean          | 9.18        |
|    ep_rew_mean          | 1.23        |
| time/                   |             |
|    eta_hours            | 6.13        |
|    fps                  | 9           |
|    iterations           | 174         |
|    sec_per_step         | 0.105       |
|    time_elapsed         | 9324        |
|    total_timesteps      | 121856      |
| train/                  |             |
|    approx_kl            | 0.022187836 |
|    clip_fraction        | 0.204       |
|    clip_range           | 0.2         |
|    entropy_loss         | -1.44       |
|    explained_variance   | 0.776       |
|    learning_rate        | 0.0001      |
|    loss                 | 0.0526      |
|    n_updates            | 2330        |
|    policy_gradient_loss | -0.0267     |
|    std                  | 0.509       |
|    value_loss           | 0.235       |
-----------------------------------------
[E2] ~6.0h remaining (210400 steps left @ 0.10s/step)
-----------------------------------------
| rollout/                |             |
|    ep_len_mean          | 9.02        |
|    ep_rew_mean          | 1.23        |
| time/                   |             |
|    eta_hours            | 5.95        |
|    fps                  | 9           |
|    iterations           | 175         |
|    sec_per_step         | 0.102       |
|    time_elapsed         | 9373        |
|    total_timesteps      | 122368      |
| train/                  |             |
|    approx_kl            | 0.022487339 |
|    clip_fraction        | 0.171       |
|    clip_range           | 0.2         |
|    entropy_loss         | -1.44       |
|    explained_variance   | 0.841       |
|    learning_rate        | 0.0001      |
|    loss                 | 0.0513      |
|    n_updates            | 2340        |
|    policy_gradient_loss | -0.0287     |
|    std                  | 0.507       |
|    value_loss           | 0.207       |
-----------------------------------------
[E2 eval @ step 122769]  MAPE=6.62%  p90=11.36%  success(<5%)=45.0%  mean_scan_time=534.0s
[E2] ~6.6h remaining (209888 steps left @ 0.11s/step)
-----------------------------------------
| rollout/                |             |
|    ep_len_mean          | 9.32        |
|    ep_rew_mean          | 1.23        |
| time/                   |             |
|    eta_hours            | 6.6         |
|    fps                  | 9           |
|    iterations           | 176         |
|    sec_per_step         | 0.113       |
|    time_elapsed         | 9445        |
|    total_timesteps      | 122880      |
| train/                  |             |
|    approx_kl            | 0.015217495 |
|    clip_fraction        | 0.145       |
|    clip_range           | 0.2         |
|    entropy_loss         | -1.43       |
|    explained_variance   | 0.851       |
|    learning_rate        | 0.0001      |
|    loss                 | 0.0465      |
|    n_updates            | 2350        |
|    policy_gradient_loss | -0.0212     |
|    std                  | 0.505       |
|    value_loss           | 0.175       |
-----------------------------------------
[E2] ~6.5h remaining (209376 steps left @ 0.11s/step)
-----------------------------------------
| rollout/                |             |
|    ep_len_mean          | 9.29        |
|    ep_rew_mean          | 1.23        |
| time/                   |             |
|    eta_hours            | 6.5         |
|    fps                  | 9           |
|    iterations           | 177         |
|    sec_per_step         | 0.112       |
|    time_elapsed         | 9500        |
|    total_timesteps      | 123392      |
| train/                  |             |
|    approx_kl            | 0.017353658 |
|    clip_fraction        | 0.18        |
|    clip_range           | 0.2         |
|    entropy_loss         | -1.42       |
|    explained_variance   | 0.812       |
|    learning_rate        | 0.0001      |
|    loss                 | 0.0415      |
|    n_updates            | 2360        |
|    policy_gradient_loss | -0.02       |
|    std                  | 0.504       |
|    value_loss           | 0.22        |
-----------------------------------------
[E2] ~6.1h remaining (208864 steps left @ 0.10s/step)
-----------------------------------------
| rollout/                |             |
|    ep_len_mean          | 9.26        |
|    ep_rew_mean          | 1.22        |
| time/                   |             |
|    eta_hours            | 6.09        |
|    fps                  | 9           |
|    iterations           | 178         |
|    sec_per_step         | 0.105       |
|    time_elapsed         | 9546        |
|    total_timesteps      | 123904      |
| train/                  |             |
|    approx_kl            | 0.020133954 |
|    clip_fraction        | 0.187       |
|    clip_range           | 0.2         |
|    entropy_loss         | -1.42       |
|    explained_variance   | 0.82        |
|    learning_rate        | 0.0001      |
|    loss                 | 0.019       |
|    n_updates            | 2370        |
|    policy_gradient_loss | -0.025      |
|    std                  | 0.502       |
|    value_loss           | 0.202       |
-----------------------------------------
[E2] ~6.2h remaining (208352 steps left @ 0.11s/step)
-----------------------------------------
| rollout/                |             |
|    ep_len_mean          | 9.58        |
|    ep_rew_mean          | 1.22        |
| time/                   |             |
|    eta_hours            | 6.2         |
|    fps                  | 9           |
|    iterations           | 179         |
|    sec_per_step         | 0.107       |
|    time_elapsed         | 9603        |
|    total_timesteps      | 124416      |
| train/                  |             |
|    approx_kl            | 0.018236589 |
|    clip_fraction        | 0.198       |
|    clip_range           | 0.2         |
|    entropy_loss         | -1.41       |
|    explained_variance   | 0.832       |
|    learning_rate        | 0.0001      |
|    loss                 | 0.0302      |
|    n_updates            | 2380        |
|    policy_gradient_loss | -0.028      |
|    std                  | 0.5         |
|    value_loss           | 0.213       |
-----------------------------------------
[E2] ~5.9h remaining (207840 steps left @ 0.10s/step)
-----------------------------------------
| rollout/                |             |
|    ep_len_mean          | 9.62        |
|    ep_rew_mean          | 1.25        |
| time/                   |             |
|    eta_hours            | 5.89        |
|    fps                  | 9           |
|    iterations           | 180         |
|    sec_per_step         | 0.102       |
|    time_elapsed         | 9649        |
|    total_timesteps      | 124928      |
| train/                  |             |
|    approx_kl            | 0.020530617 |
|    clip_fraction        | 0.16        |
|    clip_range           | 0.2         |
|    entropy_loss         | -1.41       |
|    explained_variance   | 0.805       |
|    learning_rate        | 0.0001      |
|    loss                 | 0.0651      |
|    n_updates            | 2390        |
|    policy_gradient_loss | -0.0223     |
|    std                  | 0.499       |
|    value_loss           | 0.214       |
-----------------------------------------
[E2] ~5.7h remaining (207328 steps left @ 0.10s/step)
-----------------------------------------
| rollout/                |             |
|    ep_len_mean          | 9.73        |
|    ep_rew_mean          | 1.28        |
| time/                   |             |
|    eta_hours            | 5.72        |
|    fps                  | 9           |
|    iterations           | 181         |
|    sec_per_step         | 0.0993      |
|    time_elapsed         | 9697        |
|    total_timesteps      | 125440      |
| train/                  |             |
|    approx_kl            | 0.025074031 |
|    clip_fraction        | 0.182       |
|    clip_range           | 0.2         |
|    entropy_loss         | -1.4        |
|    explained_variance   | 0.833       |
|    learning_rate        | 0.0001      |
|    loss                 | 0.0265      |
|    n_updates            | 2400        |
|    policy_gradient_loss | -0.0241     |
|    std                  | 0.497       |
|    value_loss           | 0.203       |
-----------------------------------------
[E2] ~5.7h remaining (206816 steps left @ 0.10s/step)
------------------------------------------
| rollout/                |              |
|    ep_len_mean          | 9.58         |
|    ep_rew_mean          | 1.25         |
| time/                   |              |
|    eta_hours            | 5.69         |
|    fps                  | 9            |
|    iterations           | 182          |
|    sec_per_step         | 0.099        |
|    time_elapsed         | 9747         |
|    total_timesteps      | 125952       |
| train/                  |              |
|    approx_kl            | 0.0141839525 |
|    clip_fraction        | 0.14         |
|    clip_range           | 0.2          |
|    entropy_loss         | -1.39        |
|    explained_variance   | 0.802        |
|    learning_rate        | 0.0001       |
|    loss                 | 0.0659       |
|    n_updates            | 2410         |
|    policy_gradient_loss | -0.0206      |
|    std                  | 0.497        |
|    value_loss           | 0.256        |
------------------------------------------
[E2] ~5.8h remaining (206304 steps left @ 0.10s/step)
-----------------------------------------
| rollout/                |             |
|    ep_len_mean          | 9.69        |
|    ep_rew_mean          | 1.24        |
| time/                   |             |
|    eta_hours            | 5.8         |
|    fps                  | 9           |
|    iterations           | 183         |
|    sec_per_step         | 0.101       |
|    time_elapsed         | 9802        |
|    total_timesteps      | 126464      |
| train/                  |             |
|    approx_kl            | 0.018666973 |
|    clip_fraction        | 0.18        |
|    clip_range           | 0.2         |
|    entropy_loss         | -1.39       |
|    explained_variance   | 0.805       |
|    learning_rate        | 0.0001      |
|    loss                 | 0.0684      |
|    n_updates            | 2420        |
|    policy_gradient_loss | -0.0226     |
|    std                  | 0.495       |
|    value_loss           | 0.233       |
-----------------------------------------
[E2] ~6.1h remaining (205792 steps left @ 0.11s/step)
-----------------------------------------
| rollout/                |             |
|    ep_len_mean          | 9.97        |
|    ep_rew_mean          | 1.25        |
| time/                   |             |
|    eta_hours            | 6.06        |
|    fps                  | 9           |
|    iterations           | 184         |
|    sec_per_step         | 0.106       |
|    time_elapsed         | 9862        |
|    total_timesteps      | 126976      |
| train/                  |             |
|    approx_kl            | 0.014780419 |
|    clip_fraction        | 0.138       |
|    clip_range           | 0.2         |
|    entropy_loss         | -1.38       |
|    explained_variance   | 0.789       |
|    learning_rate        | 0.0001      |
|    loss                 | 0.0737      |
|    n_updates            | 2430        |
|    policy_gradient_loss | -0.0198     |
|    std                  | 0.494       |
|    value_loss           | 0.28        |
-----------------------------------------
[E2] ~5.9h remaining (205280 steps left @ 0.10s/step)
-----------------------------------------
| rollout/                |             |
|    ep_len_mean          | 9.7         |
|    ep_rew_mean          | 1.26        |
| time/                   |             |
|    eta_hours            | 5.93        |
|    fps                  | 9           |
|    iterations           | 185         |
|    sec_per_step         | 0.104       |
|    time_elapsed         | 9913        |
|    total_timesteps      | 127488      |
| train/                  |             |
|    approx_kl            | 0.013271452 |
|    clip_fraction        | 0.121       |
|    clip_range           | 0.2         |
|    entropy_loss         | -1.38       |
|    explained_variance   | 0.8         |
|    learning_rate        | 0.0001      |
|    loss                 | 0.104       |
|    n_updates            | 2440        |
|    policy_gradient_loss | -0.0209     |
|    std                  | 0.494       |
|    value_loss           | 0.243       |
-----------------------------------------
[E2] ~5.7h remaining (204768 steps left @ 0.10s/step)
-----------------------------------------
| rollout/                |             |
|    ep_len_mean          | 9.8         |
|    ep_rew_mean          | 1.28        |
| time/                   |             |
|    eta_hours            | 5.71        |
|    fps                  | 9           |
|    iterations           | 186         |
|    sec_per_step         | 0.1         |
|    time_elapsed         | 9960        |
|    total_timesteps      | 128000      |
| train/                  |             |
|    approx_kl            | 0.010331005 |
|    clip_fraction        | 0.101       |
|    clip_range           | 0.2         |
|    entropy_loss         | -1.38       |
|    explained_variance   | 0.826       |
|    learning_rate        | 0.0001      |
|    loss                 | 0.0563      |
|    n_updates            | 2450        |
|    policy_gradient_loss | -0.0161     |
|    std                  | 0.493       |
|    value_loss           | 0.222       |
-----------------------------------------
[E2] ~5.8h remaining (204256 steps left @ 0.10s/step)
-----------------------------------------
| rollout/                |             |
|    ep_len_mean          | 9.85        |
|    ep_rew_mean          | 1.23        |
| time/                   |             |
|    eta_hours            | 5.8         |
|    fps                  | 9           |
|    iterations           | 187         |
|    sec_per_step         | 0.102       |
|    time_elapsed         | 10014       |
|    total_timesteps      | 128512      |
| train/                  |             |
|    approx_kl            | 0.011737922 |
|    clip_fraction        | 0.121       |
|    clip_range           | 0.2         |
|    entropy_loss         | -1.38       |
|    explained_variance   | 0.824       |
|    learning_rate        | 0.0001      |
|    loss                 | 0.0827      |
|    n_updates            | 2460        |
|    policy_gradient_loss | -0.0215     |
|    std                  | 0.492       |
|    value_loss           | 0.22        |
-----------------------------------------
[E2] ~5.6h remaining (203744 steps left @ 0.10s/step)
-----------------------------------------
| rollout/                |             |
|    ep_len_mean          | 9.76        |
|    ep_rew_mean          | 1.23        |
| time/                   |             |
|    eta_hours            | 5.63        |
|    fps                  | 9           |
|    iterations           | 188         |
|    sec_per_step         | 0.0995      |
|    time_elapsed         | 10062       |
|    total_timesteps      | 129024      |
| train/                  |             |
|    approx_kl            | 0.015250328 |
|    clip_fraction        | 0.143       |
|    clip_range           | 0.2         |
|    entropy_loss         | -1.37       |
|    explained_variance   | 0.825       |
|    learning_rate        | 0.0001      |
|    loss                 | 0.0414      |
|    n_updates            | 2470        |
|    policy_gradient_loss | -0.022      |
|    std                  | 0.491       |
|    value_loss           | 0.222       |
-----------------------------------------
[E2] ~5.8h remaining (203232 steps left @ 0.10s/step)
----------------------------------------
| rollout/                |            |
|    ep_len_mean          | 9.68       |
|    ep_rew_mean          | 1.25       |
| time/                   |            |
|    eta_hours            | 5.76       |
|    fps                  | 9          |
|    iterations           | 189        |
|    sec_per_step         | 0.102      |
|    time_elapsed         | 10117      |
|    total_timesteps      | 129536     |
| train/                  |            |
|    approx_kl            | 0.01654315 |
|    clip_fraction        | 0.136      |
|    clip_range           | 0.2        |
|    entropy_loss         | -1.37      |
|    explained_variance   | 0.765      |
|    learning_rate        | 0.0001     |
|    loss                 | 0.0598     |
|    n_updates            | 2480       |
|    policy_gradient_loss | -0.0179    |
|    std                  | 0.49       |
|    value_loss           | 0.274      |
----------------------------------------
[E2] ~5.7h remaining (202720 steps left @ 0.10s/step)
-----------------------------------------
| rollout/                |             |
|    ep_len_mean          | 9.79        |
|    ep_rew_mean          | 1.21        |
| time/                   |             |
|    eta_hours            | 5.68        |
|    fps                  | 9           |
|    iterations           | 190         |
|    sec_per_step         | 0.101       |
|    time_elapsed         | 10168       |
|    total_timesteps      | 130048      |
| train/                  |             |
|    approx_kl            | 0.017757364 |
|    clip_fraction        | 0.168       |
|    clip_range           | 0.2         |
|    entropy_loss         | -1.36       |
|    explained_variance   | 0.81        |
|    learning_rate        | 0.0001      |
|    loss                 | 0.0552      |
|    n_updates            | 2490        |
|    policy_gradient_loss | -0.0228     |
|    std                  | 0.489       |
|    value_loss           | 0.245       |
-----------------------------------------
[E2] ~5.7h remaining (202208 steps left @ 0.10s/step)
-----------------------------------------
| rollout/                |             |
|    ep_len_mean          | 10.2        |
|    ep_rew_mean          | 1.19        |
| time/                   |             |
|    eta_hours            | 5.67        |
|    fps                  | 9           |
|    iterations           | 191         |
|    sec_per_step         | 0.101       |
|    time_elapsed         | 10219       |
|    total_timesteps      | 130560      |
| train/                  |             |
|    approx_kl            | 0.019419707 |
|    clip_fraction        | 0.177       |
|    clip_range           | 0.2         |
|    entropy_loss         | -1.35       |
|    explained_variance   | 0.778       |
|    learning_rate        | 0.0001      |
|    loss                 | 0.0555      |
|    n_updates            | 2500        |
|    policy_gradient_loss | -0.0241     |
|    std                  | 0.488       |
|    value_loss           | 0.221       |
-----------------------------------------
[E2] ~5.5h remaining (201696 steps left @ 0.10s/step)
-----------------------------------------
| rollout/                |             |
|    ep_len_mean          | 10.1        |
|    ep_rew_mean          | 1.23        |
| time/                   |             |
|    eta_hours            | 5.55        |
|    fps                  | 9           |
|    iterations           | 192         |
|    sec_per_step         | 0.099       |
|    time_elapsed         | 10268       |
|    total_timesteps      | 131072      |
| train/                  |             |
|    approx_kl            | 0.017659377 |
|    clip_fraction        | 0.141       |
|    clip_range           | 0.2         |
|    entropy_loss         | -1.35       |
|    explained_variance   | 0.823       |
|    learning_rate        | 0.0001      |
|    loss                 | 0.00861     |
|    n_updates            | 2510        |
|    policy_gradient_loss | -0.0253     |
|    std                  | 0.486       |
|    value_loss           | 0.19        |
-----------------------------------------
[E2] ~5.6h remaining (201184 steps left @ 0.10s/step)
-----------------------------------------
| rollout/                |             |
|    ep_len_mean          | 9.6         |
|    ep_rew_mean          | 1.24        |
| time/                   |             |
|    eta_hours            | 5.6         |
|    fps                  | 9           |
|    iterations           | 193         |
|    sec_per_step         | 0.1         |
|    time_elapsed         | 10320       |
|    total_timesteps      | 131584      |
| train/                  |             |
|    approx_kl            | 0.016712211 |
|    clip_fraction        | 0.145       |
|    clip_range           | 0.2         |
|    entropy_loss         | -1.34       |
|    explained_variance   | 0.817       |
|    learning_rate        | 0.0001      |
|    loss                 | 0.089       |
|    n_updates            | 2520        |
|    policy_gradient_loss | -0.0206     |
|    std                  | 0.485       |
|    value_loss           | 0.203       |
-----------------------------------------
[E2] ~5.8h remaining (200672 steps left @ 0.10s/step)
-----------------------------------------
| rollout/                |             |
|    ep_len_mean          | 9.7         |
|    ep_rew_mean          | 1.25        |
| time/                   |             |
|    eta_hours            | 5.81        |
|    fps                  | 9           |
|    iterations           | 194         |
|    sec_per_step         | 0.104       |
|    time_elapsed         | 10379       |
|    total_timesteps      | 132096      |
| train/                  |             |
|    approx_kl            | 0.017357606 |
|    clip_fraction        | 0.151       |
|    clip_range           | 0.2         |
|    entropy_loss         | -1.34       |
|    explained_variance   | 0.836       |
|    learning_rate        | 0.0001      |
|    loss                 | 0.0822      |
|    n_updates            | 2530        |
|    policy_gradient_loss | -0.0169     |
|    std                  | 0.484       |
|    value_loss           | 0.211       |
-----------------------------------------
[E2] ~5.7h remaining (200160 steps left @ 0.10s/step)
-----------------------------------------
| rollout/                |             |
|    ep_len_mean          | 9.77        |
|    ep_rew_mean          | 1.22        |
| time/                   |             |
|    eta_hours            | 5.66        |
|    fps                  | 9           |
|    iterations           | 195         |
|    sec_per_step         | 0.102       |
|    time_elapsed         | 10428       |
|    total_timesteps      | 132608      |
| train/                  |             |
|    approx_kl            | 0.015583903 |
|    clip_fraction        | 0.113       |
|    clip_range           | 0.2         |
|    entropy_loss         | -1.33       |
|    explained_variance   | 0.823       |
|    learning_rate        | 0.0001      |
|    loss                 | 0.0662      |
|    n_updates            | 2540        |
|    policy_gradient_loss | -0.0157     |
|    std                  | 0.483       |
|    value_loss           | 0.208       |
-----------------------------------------
[E2 eval @ step 132769]  MAPE=4.07%  p90=5.50%  success(<5%)=80.0%  mean_scan_time=541.5s
[E2 eval]  → new best MAPE 4.07% saved to runs/e2/mf_runB_5sphere_hist_560s_gpu/stage4_full/best
[MF global-best] 4.60% confirmed full-Bloch MAPE saved from full/stage_eval_full @ step 132769 (screen=4.07%) → runs/e2/mf_runB_5sphere_hist_560s_gpu/global_best
[E2] ~6.6h remaining (199648 steps left @ 0.12s/step)
-----------------------------------------
| rollout/                |             |
|    ep_len_mean          | 9.85        |
|    ep_rew_mean          | 1.22        |
| time/                   |             |
|    eta_hours            | 6.57        |
|    fps                  | 9           |
|    iterations           | 196         |
|    sec_per_step         | 0.118       |
|    time_elapsed         | 10508       |
|    total_timesteps      | 133120      |
| train/                  |             |
|    approx_kl            | 0.019119792 |
|    clip_fraction        | 0.204       |
|    clip_range           | 0.2         |
|    entropy_loss         | -1.33       |
|    explained_variance   | 0.775       |
|    learning_rate        | 0.0001      |
|    loss                 | 0.0789      |
|    n_updates            | 2550        |
|    policy_gradient_loss | -0.0281     |
|    std                  | 0.48        |
|    value_loss           | 0.239       |
-----------------------------------------
[E2] ~6.4h remaining (199136 steps left @ 0.12s/step)
-----------------------------------------
| rollout/                |             |
|    ep_len_mean          | 9.78        |
|    ep_rew_mean          | 1.26        |
| time/                   |             |
|    eta_hours            | 6.4         |
|    fps                  | 9           |
|    iterations           | 197         |
|    sec_per_step         | 0.116       |
|    time_elapsed         | 10564       |
|    total_timesteps      | 133632      |
| train/                  |             |
|    approx_kl            | 0.018866397 |
|    clip_fraction        | 0.152       |
|    clip_range           | 0.2         |
|    entropy_loss         | -1.32       |
|    explained_variance   | 0.8         |
|    learning_rate        | 0.0001      |
|    loss                 | 0.0544      |
|    n_updates            | 2560        |
|    policy_gradient_loss | -0.0212     |
|    std                  | 0.48        |
|    value_loss           | 0.245       |
-----------------------------------------
[E2] ~6.1h remaining (198624 steps left @ 0.11s/step)
-----------------------------------------
| rollout/                |             |
|    ep_len_mean          | 10          |
|    ep_rew_mean          | 1.26        |
| time/                   |             |
|    eta_hours            | 6.13        |
|    fps                  | 9           |
|    iterations           | 198         |
|    sec_per_step         | 0.111       |
|    time_elapsed         | 10616       |
|    total_timesteps      | 134144      |
| train/                  |             |
|    approx_kl            | 0.021459144 |
|    clip_fraction        | 0.155       |
|    clip_range           | 0.2         |
|    entropy_loss         | -1.32       |
|    explained_variance   | 0.813       |
|    learning_rate        | 0.0001      |
|    loss                 | 0.05        |
|    n_updates            | 2570        |
|    policy_gradient_loss | -0.023      |
|    std                  | 0.479       |
|    value_loss           | 0.231       |
-----------------------------------------
[E2] ~6.2h remaining (198112 steps left @ 0.11s/step)
-----------------------------------------
| rollout/                |             |
|    ep_len_mean          | 10.2        |
|    ep_rew_mean          | 1.23        |
| time/                   |             |
|    eta_hours            | 6.22        |
|    fps                  | 9           |
|    iterations           | 199         |
|    sec_per_step         | 0.113       |
|    time_elapsed         | 10676       |
|    total_timesteps      | 134656      |
| train/                  |             |
|    approx_kl            | 0.013351688 |
|    clip_fraction        | 0.134       |
|    clip_range           | 0.2         |
|    entropy_loss         | -1.31       |
|    explained_variance   | 0.819       |
|    learning_rate        | 0.0001      |
|    loss                 | 0.0138      |
|    n_updates            | 2580        |
|    policy_gradient_loss | -0.019      |
|    std                  | 0.477       |
|    value_loss           | 0.201       |
-----------------------------------------
[E2] ~5.8h remaining (197600 steps left @ 0.11s/step)
-----------------------------------------
| rollout/                |             |
|    ep_len_mean          | 9.91        |
|    ep_rew_mean          | 1.24        |
| time/                   |             |
|    eta_hours            | 5.79        |
|    fps                  | 9           |
|    iterations           | 200         |
|    sec_per_step         | 0.106       |
|    time_elapsed         | 10721       |
|    total_timesteps      | 135168      |
| train/                  |             |
|    approx_kl            | 0.017556084 |
|    clip_fraction        | 0.179       |
|    clip_range           | 0.2         |
|    entropy_loss         | -1.3        |
|    explained_variance   | 0.769       |
|    learning_rate        | 0.0001      |
|    loss                 | 0.0472      |
|    n_updates            | 2590        |
|    policy_gradient_loss | -0.0247     |
|    std                  | 0.475       |
|    value_loss           | 0.287       |
-----------------------------------------
[E2] ~5.7h remaining (197088 steps left @ 0.10s/step)
-----------------------------------------
| rollout/                |             |
|    ep_len_mean          | 9.89        |
|    ep_rew_mean          | 1.26        |
| time/                   |             |
|    eta_hours            | 5.69        |
|    fps                  | 9           |
|    iterations           | 201         |
|    sec_per_step         | 0.104       |
|    time_elapsed         | 10772       |
|    total_timesteps      | 135680      |
| train/                  |             |
|    approx_kl            | 0.022771247 |
|    clip_fraction        | 0.225       |
|    clip_range           | 0.2         |
|    entropy_loss         | -1.29       |
|    explained_variance   | 0.845       |
|    learning_rate        | 0.0001      |
|    loss                 | 0.0199      |
|    n_updates            | 2600        |
|    policy_gradient_loss | -0.0257     |
|    std                  | 0.474       |
|    value_loss           | 0.186       |
-----------------------------------------
[E2] ~5.7h remaining (196576 steps left @ 0.10s/step)
----------------------------------------
| rollout/                |            |
|    ep_len_mean          | 9.96       |
|    ep_rew_mean          | 1.27       |
| time/                   |            |
|    eta_hours            | 5.67       |
|    fps                  | 9          |
|    iterations           | 202        |
|    sec_per_step         | 0.104      |
|    time_elapsed         | 10825      |
|    total_timesteps      | 136192     |
| train/                  |            |
|    approx_kl            | 0.01123589 |
|    clip_fraction        | 0.119      |
|    clip_range           | 0.2        |
|    entropy_loss         | -1.29      |
|    explained_variance   | 0.788      |
|    learning_rate        | 0.0001     |
|    loss                 | 0.0913     |
|    n_updates            | 2610       |
|    policy_gradient_loss | -0.0184    |
|    std                  | 0.472      |
|    value_loss           | 0.287      |
----------------------------------------
[E2] ~5.8h remaining (196064 steps left @ 0.11s/step)
-----------------------------------------
| rollout/                |             |
|    ep_len_mean          | 10.2        |
|    ep_rew_mean          | 1.27        |
| time/                   |             |
|    eta_hours            | 5.84        |
|    fps                  | 9           |
|    iterations           | 203         |
|    sec_per_step         | 0.107       |
|    time_elapsed         | 10884       |
|    total_timesteps      | 136704      |
| train/                  |             |
|    approx_kl            | 0.017678022 |
|    clip_fraction        | 0.175       |
|    clip_range           | 0.2         |
|    entropy_loss         | -1.28       |
|    explained_variance   | 0.803       |
|    learning_rate        | 0.0001      |
|    loss                 | 0.0895      |
|    n_updates            | 2620        |
|    policy_gradient_loss | -0.0226     |
|    std                  | 0.471       |
|    value_loss           | 0.231       |
-----------------------------------------
[E2] ~5.7h remaining (195552 steps left @ 0.10s/step)
-----------------------------------------
| rollout/                |             |
|    ep_len_mean          | 10.4        |
|    ep_rew_mean          | 1.25        |
| time/                   |             |
|    eta_hours            | 5.65        |
|    fps                  | 9           |
|    iterations           | 204         |
|    sec_per_step         | 0.104       |
|    time_elapsed         | 10934       |
|    total_timesteps      | 137216      |
| train/                  |             |
|    approx_kl            | 0.018797722 |
|    clip_fraction        | 0.171       |
|    clip_range           | 0.2         |
|    entropy_loss         | -1.28       |
|    explained_variance   | 0.81        |
|    learning_rate        | 0.0001      |
|    loss                 | 0.0808      |
|    n_updates            | 2630        |
|    policy_gradient_loss | -0.0224     |
|    std                  | 0.471       |
|    value_loss           | 0.226       |
-----------------------------------------
[E2] ~5.6h remaining (195040 steps left @ 0.10s/step)
-----------------------------------------
| rollout/                |             |
|    ep_len_mean          | 10.2        |
|    ep_rew_mean          | 1.22        |
| time/                   |             |
|    eta_hours            | 5.62        |
|    fps                  | 9           |
|    iterations           | 205         |
|    sec_per_step         | 0.104       |
|    time_elapsed         | 10987       |
|    total_timesteps      | 137728      |
| train/                  |             |
|    approx_kl            | 0.017529251 |
|    clip_fraction        | 0.17        |
|    clip_range           | 0.2         |
|    entropy_loss         | -1.27       |
|    explained_variance   | 0.82        |
|    learning_rate        | 0.0001      |
|    loss                 | 0.0382      |
|    n_updates            | 2640        |
|    policy_gradient_loss | -0.0243     |
|    std                  | 0.469       |
|    value_loss           | 0.206       |
-----------------------------------------
[E2] ~5.3h remaining (194528 steps left @ 0.10s/step)
----------------------------------------
| rollout/                |            |
|    ep_len_mean          | 10         |
|    ep_rew_mean          | 1.25       |
| time/                   |            |
|    eta_hours            | 5.27       |
|    fps                  | 9          |
|    iterations           | 206        |
|    sec_per_step         | 0.0975     |
|    time_elapsed         | 11029      |
|    total_timesteps      | 138240     |
| train/                  |            |
|    approx_kl            | 0.01137102 |
|    clip_fraction        | 0.106      |
|    clip_range           | 0.2        |
|    entropy_loss         | -1.27      |
|    explained_variance   | 0.842      |
|    learning_rate        | 0.0001     |
|    loss                 | 0.098      |
|    n_updates            | 2650       |
|    policy_gradient_loss | -0.0144    |
|    std                  | 0.468      |
|    value_loss           | 0.176      |
----------------------------------------
[E2] ~5.2h remaining (194016 steps left @ 0.10s/step)
-----------------------------------------
| rollout/                |             |
|    ep_len_mean          | 10.3        |
|    ep_rew_mean          | 1.28        |
| time/                   |             |
|    eta_hours            | 5.25        |
|    fps                  | 9           |
|    iterations           | 207         |
|    sec_per_step         | 0.0974      |
|    time_elapsed         | 11079       |
|    total_timesteps      | 138752      |
| train/                  |             |
|    approx_kl            | 0.014326341 |
|    clip_fraction        | 0.139       |
|    clip_range           | 0.2         |
|    entropy_loss         | -1.26       |
|    explained_variance   | 0.838       |
|    learning_rate        | 0.0001      |
|    loss                 | 0.087       |
|    n_updates            | 2660        |
|    policy_gradient_loss | -0.0159     |
|    std                  | 0.467       |
|    value_loss           | 0.2         |
-----------------------------------------
[E2] ~5.4h remaining (193504 steps left @ 0.10s/step)
-----------------------------------------
| rollout/                |             |
|    ep_len_mean          | 10.2        |
|    ep_rew_mean          | 1.26        |
| time/                   |             |
|    eta_hours            | 5.39        |
|    fps                  | 9           |
|    iterations           | 208         |
|    sec_per_step         | 0.1         |
|    time_elapsed         | 11134       |
|    total_timesteps      | 139264      |
| train/                  |             |
|    approx_kl            | 0.018288903 |
|    clip_fraction        | 0.18        |
|    clip_range           | 0.2         |
|    entropy_loss         | -1.26       |
|    explained_variance   | 0.804       |
|    learning_rate        | 0.0001      |
|    loss                 | 0.105       |
|    n_updates            | 2670        |
|    policy_gradient_loss | -0.0233     |
|    std                  | 0.467       |
|    value_loss           | 0.244       |
-----------------------------------------
[E2] ~5.5h remaining (192992 steps left @ 0.10s/step)
-----------------------------------------
| rollout/                |             |
|    ep_len_mean          | 10.3        |
|    ep_rew_mean          | 1.27        |
| time/                   |             |
|    eta_hours            | 5.54        |
|    fps                  | 9           |
|    iterations           | 209         |
|    sec_per_step         | 0.103       |
|    time_elapsed         | 11190       |
|    total_timesteps      | 139776      |
| train/                  |             |
|    approx_kl            | 0.014922264 |
|    clip_fraction        | 0.135       |
|    clip_range           | 0.2         |
|    entropy_loss         | -1.26       |
|    explained_variance   | 0.807       |
|    learning_rate        | 0.0001      |
|    loss                 | 0.0806      |
|    n_updates            | 2680        |
|    policy_gradient_loss | -0.0188     |
|    std                  | 0.466       |
|    value_loss           | 0.234       |
-----------------------------------------
[E2] ~5.6h remaining (192480 steps left @ 0.11s/step)
-----------------------------------------
| rollout/                |             |
|    ep_len_mean          | 10.3        |
|    ep_rew_mean          | 1.29        |
| time/                   |             |
|    eta_hours            | 5.64        |
|    fps                  | 9           |
|    iterations           | 210         |
|    sec_per_step         | 0.106       |
|    time_elapsed         | 11247       |
|    total_timesteps      | 140288      |
| train/                  |             |
|    approx_kl            | 0.014826097 |
|    clip_fraction        | 0.179       |
|    clip_range           | 0.2         |
|    entropy_loss         | -1.25       |
|    explained_variance   | 0.821       |
|    learning_rate        | 0.0001      |
|    loss                 | 0.0369      |
|    n_updates            | 2690        |
|    policy_gradient_loss | -0.0261     |
|    std                  | 0.466       |
|    value_loss           | 0.209       |
-----------------------------------------
[E2] ~5.9h remaining (191968 steps left @ 0.11s/step)
-----------------------------------------
| rollout/                |             |
|    ep_len_mean          | 10.2        |
|    ep_rew_mean          | 1.29        |
| time/                   |             |
|    eta_hours            | 5.89        |
|    fps                  | 9           |
|    iterations           | 211         |
|    sec_per_step         | 0.111       |
|    time_elapsed         | 11309       |
|    total_timesteps      | 140800      |
| train/                  |             |
|    approx_kl            | 0.020303395 |
|    clip_fraction        | 0.155       |
|    clip_range           | 0.2         |
|    entropy_loss         | -1.25       |
|    explained_variance   | 0.849       |
|    learning_rate        | 0.0001      |
|    loss                 | 0.0528      |
|    n_updates            | 2700        |
|    policy_gradient_loss | -0.0229     |
|    std                  | 0.464       |
|    value_loss           | 0.188       |
-----------------------------------------
[E2] ~6.0h remaining (191456 steps left @ 0.11s/step)
-----------------------------------------
| rollout/                |             |
|    ep_len_mean          | 10.2        |
|    ep_rew_mean          | 1.27        |
| time/                   |             |
|    eta_hours            | 5.97        |
|    fps                  | 9           |
|    iterations           | 212         |
|    sec_per_step         | 0.112       |
|    time_elapsed         | 11369       |
|    total_timesteps      | 141312      |
| train/                  |             |
|    approx_kl            | 0.028014066 |
|    clip_fraction        | 0.234       |
|    clip_range           | 0.2         |
|    entropy_loss         | -1.24       |
|    explained_variance   | 0.806       |
|    learning_rate        | 0.0001      |
|    loss                 | 0.0199      |
|    n_updates            | 2710        |
|    policy_gradient_loss | -0.0292     |
|    std                  | 0.463       |
|    value_loss           | 0.231       |
-----------------------------------------
[E2] ~5.9h remaining (190944 steps left @ 0.11s/step)
-----------------------------------------
| rollout/                |             |
|    ep_len_mean          | 10          |
|    ep_rew_mean          | 1.26        |
| time/                   |             |
|    eta_hours            | 5.89        |
|    fps                  | 9           |
|    iterations           | 213         |
|    sec_per_step         | 0.111       |
|    time_elapsed         | 11424       |
|    total_timesteps      | 141824      |
| train/                  |             |
|    approx_kl            | 0.011113522 |
|    clip_fraction        | 0.0938      |
|    clip_range           | 0.2         |
|    entropy_loss         | -1.24       |
|    explained_variance   | 0.836       |
|    learning_rate        | 0.0001      |
|    loss                 | 0.0771      |
|    n_updates            | 2720        |
|    policy_gradient_loss | -0.0122     |
|    std                  | 0.463       |
|    value_loss           | 0.187       |
-----------------------------------------
[E2] ~5.5h remaining (190432 steps left @ 0.10s/step)
----------------------------------------
| rollout/                |            |
|    ep_len_mean          | 10.4       |
|    ep_rew_mean          | 1.27       |
| time/                   |            |
|    eta_hours            | 5.53       |
|    fps                  | 9          |
|    iterations           | 214        |
|    sec_per_step         | 0.105      |
|    time_elapsed         | 11470      |
|    total_timesteps      | 142336     |
| train/                  |            |
|    approx_kl            | 0.01491538 |
|    clip_fraction        | 0.138      |
|    clip_range           | 0.2        |
|    entropy_loss         | -1.24      |
|    explained_variance   | 0.793      |
|    learning_rate        | 0.0001     |
|    loss                 | 0.087      |
|    n_updates            | 2730       |
|    policy_gradient_loss | -0.0167    |
|    std                  | 0.462      |
|    value_loss           | 0.279      |
----------------------------------------
[E2 eval @ step 142769]  MAPE=5.65%  p90=9.65%  success(<5%)=45.0%  mean_scan_time=543.6s
[E2] ~6.0h remaining (189920 steps left @ 0.11s/step)
-----------------------------------------
| rollout/                |             |
|    ep_len_mean          | 10.7        |
|    ep_rew_mean          | 1.27        |
| time/                   |             |
|    eta_hours            | 5.99        |
|    fps                  | 9           |
|    iterations           | 215         |
|    sec_per_step         | 0.114       |
|    time_elapsed         | 11539       |
|    total_timesteps      | 142848      |
| train/                  |             |
|    approx_kl            | 0.015538108 |
|    clip_fraction        | 0.136       |
|    clip_range           | 0.2         |
|    entropy_loss         | -1.23       |
|    explained_variance   | 0.812       |
|    learning_rate        | 0.0001      |
|    loss                 | 0.0975      |
|    n_updates            | 2740        |
|    policy_gradient_loss | -0.0216     |
|    std                  | 0.461       |
|    value_loss           | 0.222       |
-----------------------------------------
[E2] ~5.7h remaining (189408 steps left @ 0.11s/step)
------------------------------------------
| rollout/                |              |
|    ep_len_mean          | 10.7         |
|    ep_rew_mean          | 1.24         |
| time/                   |              |
|    eta_hours            | 5.71         |
|    fps                  | 9            |
|    iterations           | 216          |
|    sec_per_step         | 0.108        |
|    time_elapsed         | 11589        |
|    total_timesteps      | 143360       |
| train/                  |              |
|    approx_kl            | 0.0107219685 |
|    clip_fraction        | 0.104        |
|    clip_range           | 0.2          |
|    entropy_loss         | -1.23        |
|    explained_variance   | 0.831        |
|    learning_rate        | 0.0001       |
|    loss                 | 0.0849       |
|    n_updates            | 2750         |
|    policy_gradient_loss | -0.0167      |
|    std                  | 0.461        |
|    value_loss           | 0.182        |
------------------------------------------
[E2] ~5.6h remaining (188896 steps left @ 0.11s/step)
-----------------------------------------
| rollout/                |             |
|    ep_len_mean          | 10.6        |
|    ep_rew_mean          | 1.24        |
| time/                   |             |
|    eta_hours            | 5.59        |
|    fps                  | 9           |
|    iterations           | 217         |
|    sec_per_step         | 0.106       |
|    time_elapsed         | 11641       |
|    total_timesteps      | 143872      |
| train/                  |             |
|    approx_kl            | 0.014186749 |
|    clip_fraction        | 0.136       |
|    clip_range           | 0.2         |
|    entropy_loss         | -1.22       |
|    explained_variance   | 0.829       |
|    learning_rate        | 0.0001      |
|    loss                 | 0.0452      |
|    n_updates            | 2760        |
|    policy_gradient_loss | -0.023      |
|    std                  | 0.459       |
|    value_loss           | 0.182       |
-----------------------------------------
[E2] ~5.5h remaining (188384 steps left @ 0.10s/step)
-----------------------------------------
| rollout/                |             |
|    ep_len_mean          | 10.3        |
|    ep_rew_mean          | 1.29        |
| time/                   |             |
|    eta_hours            | 5.49        |
|    fps                  | 9           |
|    iterations           | 218         |
|    sec_per_step         | 0.105       |
|    time_elapsed         | 11693       |
|    total_timesteps      | 144384      |
| train/                  |             |
|    approx_kl            | 0.018753653 |
|    clip_fraction        | 0.169       |
|    clip_range           | 0.2         |
|    entropy_loss         | -1.22       |
|    explained_variance   | 0.823       |
|    learning_rate        | 0.0001      |
|    loss                 | 0.085       |
|    n_updates            | 2770        |
|    policy_gradient_loss | -0.026      |
|    std                  | 0.457       |
|    value_loss           | 0.188       |
-----------------------------------------
[E2] ~5.5h remaining (187872 steps left @ 0.11s/step)
-----------------------------------------
| rollout/                |             |
|    ep_len_mean          | 10.6        |
|    ep_rew_mean          | 1.26        |
| time/                   |             |
|    eta_hours            | 5.51        |
|    fps                  | 9           |
|    iterations           | 219         |
|    sec_per_step         | 0.106       |
|    time_elapsed         | 11747       |
|    total_timesteps      | 144896      |
| train/                  |             |
|    approx_kl            | 0.019553084 |
|    clip_fraction        | 0.153       |
|    clip_range           | 0.2         |
|    entropy_loss         | -1.21       |
|    explained_variance   | 0.79        |
|    learning_rate        | 0.0001      |
|    loss                 | 0.084       |
|    n_updates            | 2780        |
|    policy_gradient_loss | -0.0221     |
|    std                  | 0.456       |
|    value_loss           | 0.229       |
-----------------------------------------
[E2] ~5.6h remaining (187360 steps left @ 0.11s/step)
-----------------------------------------
| rollout/                |             |
|    ep_len_mean          | 10.8        |
|    ep_rew_mean          | 1.27        |
| time/                   |             |
|    eta_hours            | 5.56        |
|    fps                  | 9           |
|    iterations           | 220         |
|    sec_per_step         | 0.107       |
|    time_elapsed         | 11804       |
|    total_timesteps      | 145408      |
| train/                  |             |
|    approx_kl            | 0.014485881 |
|    clip_fraction        | 0.161       |
|    clip_range           | 0.2         |
|    entropy_loss         | -1.2        |
|    explained_variance   | 0.801       |
|    learning_rate        | 0.0001      |
|    loss                 | 0.0303      |
|    n_updates            | 2790        |
|    policy_gradient_loss | -0.0228     |
|    std                  | 0.454       |
|    value_loss           | 0.207       |
-----------------------------------------
[E2] ~5.6h remaining (186848 steps left @ 0.11s/step)
-----------------------------------------
| rollout/                |             |
|    ep_len_mean          | 10.5        |
|    ep_rew_mean          | 1.34        |
| time/                   |             |
|    eta_hours            | 5.6         |
|    fps                  | 9           |
|    iterations           | 221         |
|    sec_per_step         | 0.108       |
|    time_elapsed         | 11860       |
|    total_timesteps      | 145920      |
| train/                  |             |
|    approx_kl            | 0.019620882 |
|    clip_fraction        | 0.136       |
|    clip_range           | 0.2         |
|    entropy_loss         | -1.2        |
|    explained_variance   | 0.807       |
|    learning_rate        | 0.0001      |
|    loss                 | 0.156       |
|    n_updates            | 2800        |
|    policy_gradient_loss | -0.0168     |
|    std                  | 0.454       |
|    value_loss           | 0.249       |
-----------------------------------------
[E2] ~5.7h remaining (186336 steps left @ 0.11s/step)
-----------------------------------------
| rollout/                |             |
|    ep_len_mean          | 10.7        |
|    ep_rew_mean          | 1.32        |
| time/                   |             |
|    eta_hours            | 5.68        |
|    fps                  | 9           |
|    iterations           | 222         |
|    sec_per_step         | 0.11        |
|    time_elapsed         | 11918       |
|    total_timesteps      | 146432      |
| train/                  |             |
|    approx_kl            | 0.014090748 |
|    clip_fraction        | 0.127       |
|    clip_range           | 0.2         |
|    entropy_loss         | -1.19       |
|    explained_variance   | 0.841       |
|    learning_rate        | 0.0001      |
|    loss                 | 0.0319      |
|    n_updates            | 2810        |
|    policy_gradient_loss | -0.017      |
|    std                  | 0.453       |
|    value_loss           | 0.171       |
-----------------------------------------
[E2] ~5.8h remaining (185824 steps left @ 0.11s/step)
------------------------------------------
| rollout/                |              |
|    ep_len_mean          | 10.9         |
|    ep_rew_mean          | 1.31         |
| time/                   |              |
|    eta_hours            | 5.78         |
|    fps                  | 9            |
|    iterations           | 223          |
|    sec_per_step         | 0.112        |
|    time_elapsed         | 11979        |
|    total_timesteps      | 146944       |
| train/                  |              |
|    approx_kl            | 0.0151611045 |
|    clip_fraction        | 0.175        |
|    clip_range           | 0.2          |
|    entropy_loss         | -1.19        |
|    explained_variance   | 0.836        |
|    learning_rate        | 0.0001       |
|    loss                 | 0.0468       |
|    n_updates            | 2820         |
|    policy_gradient_loss | -0.0206      |
|    std                  | 0.452        |
|    value_loss           | 0.199        |
------------------------------------------
[E2] ~5.6h remaining (185312 steps left @ 0.11s/step)
-----------------------------------------
| rollout/                |             |
|    ep_len_mean          | 11.2        |
|    ep_rew_mean          | 1.29        |
| time/                   |             |
|    eta_hours            | 5.56        |
|    fps                  | 9           |
|    iterations           | 224         |
|    sec_per_step         | 0.108       |
|    time_elapsed         | 12029       |
|    total_timesteps      | 147456      |
| train/                  |             |
|    approx_kl            | 0.021313569 |
|    clip_fraction        | 0.215       |
|    clip_range           | 0.2         |
|    entropy_loss         | -1.18       |
|    explained_variance   | 0.81        |
|    learning_rate        | 0.0001      |
|    loss                 | 0.0472      |
|    n_updates            | 2830        |
|    policy_gradient_loss | -0.0278     |
|    std                  | 0.452       |
|    value_loss           | 0.205       |
-----------------------------------------
[E2] ~5.4h remaining (184800 steps left @ 0.11s/step)
-----------------------------------------
| rollout/                |             |
|    ep_len_mean          | 11.3        |
|    ep_rew_mean          | 1.28        |
| time/                   |             |
|    eta_hours            | 5.43        |
|    fps                  | 9           |
|    iterations           | 225         |
|    sec_per_step         | 0.106       |
|    time_elapsed         | 12081       |
|    total_timesteps      | 147968      |
| train/                  |             |
|    approx_kl            | 0.016063284 |
|    clip_fraction        | 0.157       |
|    clip_range           | 0.2         |
|    entropy_loss         | -1.18       |
|    explained_variance   | 0.805       |
|    learning_rate        | 0.0001      |
|    loss                 | 0.104       |
|    n_updates            | 2840        |
|    policy_gradient_loss | -0.025      |
|    std                  | 0.45        |
|    value_loss           | 0.217       |
-----------------------------------------
[E2] ~5.6h remaining (184288 steps left @ 0.11s/step)
-----------------------------------------
| rollout/                |             |
|    ep_len_mean          | 11.2        |
|    ep_rew_mean          | 1.3         |
| time/                   |             |
|    eta_hours            | 5.59        |
|    fps                  | 9           |
|    iterations           | 226         |
|    sec_per_step         | 0.109       |
|    time_elapsed         | 12140       |
|    total_timesteps      | 148480      |
| train/                  |             |
|    approx_kl            | 0.015091583 |
|    clip_fraction        | 0.171       |
|    clip_range           | 0.2         |
|    entropy_loss         | -1.17       |
|    explained_variance   | 0.814       |
|    learning_rate        | 0.0001      |
|    loss                 | 0.0737      |
|    n_updates            | 2850        |
|    policy_gradient_loss | -0.0229     |
|    std                  | 0.449       |
|    value_loss           | 0.179       |
-----------------------------------------
[E2] ~5.6h remaining (183776 steps left @ 0.11s/step)
-----------------------------------------
| rollout/                |             |
|    ep_len_mean          | 11          |
|    ep_rew_mean          | 1.34        |
| time/                   |             |
|    eta_hours            | 5.63        |
|    fps                  | 9           |
|    iterations           | 227         |
|    sec_per_step         | 0.11        |
|    time_elapsed         | 12198       |
|    total_timesteps      | 148992      |
| train/                  |             |
|    approx_kl            | 0.027318966 |
|    clip_fraction        | 0.192       |
|    clip_range           | 0.2         |
|    entropy_loss         | -1.17       |
|    explained_variance   | 0.82        |
|    learning_rate        | 0.0001      |
|    loss                 | 0.0591      |
|    n_updates            | 2860        |
|    policy_gradient_loss | -0.0286     |
|    std                  | 0.447       |
|    value_loss           | 0.196       |
-----------------------------------------
[E2] ~5.4h remaining (183264 steps left @ 0.11s/step)
-----------------------------------------
| rollout/                |             |
|    ep_len_mean          | 10.8        |
|    ep_rew_mean          | 1.33        |
| time/                   |             |
|    eta_hours            | 5.39        |
|    fps                  | 9           |
|    iterations           | 228         |
|    sec_per_step         | 0.106       |
|    time_elapsed         | 12247       |
|    total_timesteps      | 149504      |
| train/                  |             |
|    approx_kl            | 0.014624285 |
|    clip_fraction        | 0.141       |
|    clip_range           | 0.2         |
|    entropy_loss         | -1.16       |
|    explained_variance   | 0.829       |
|    learning_rate        | 0.0001      |
|    loss                 | 0.0856      |
|    n_updates            | 2870        |
|    policy_gradient_loss | -0.0217     |
|    std                  | 0.445       |
|    value_loss           | 0.225       |
-----------------------------------------
[E2] ~5.3h remaining (182752 steps left @ 0.10s/step)
-----------------------------------------
| rollout/                |             |
|    ep_len_mean          | 11          |
|    ep_rew_mean          | 1.3         |
| time/                   |             |
|    eta_hours            | 5.3         |
|    fps                  | 9           |
|    iterations           | 229         |
|    sec_per_step         | 0.104       |
|    time_elapsed         | 12299       |
|    total_timesteps      | 150016      |
| train/                  |             |
|    approx_kl            | 0.020056287 |
|    clip_fraction        | 0.146       |
|    clip_range           | 0.2         |
|    entropy_loss         | -1.15       |
|    explained_variance   | 0.812       |
|    learning_rate        | 0.0001      |
|    loss                 | 0.0833      |
|    n_updates            | 2880        |
|    policy_gradient_loss | -0.0215     |
|    std                  | 0.444       |
|    value_loss           | 0.218       |
-----------------------------------------
[E2] ~5.3h remaining (182240 steps left @ 0.10s/step)
-----------------------------------------
| rollout/                |             |
|    ep_len_mean          | 11.2        |
|    ep_rew_mean          | 1.32        |
| time/                   |             |
|    eta_hours            | 5.29        |
|    fps                  | 9           |
|    iterations           | 230         |
|    sec_per_step         | 0.104       |
|    time_elapsed         | 12352       |
|    total_timesteps      | 150528      |
| train/                  |             |
|    approx_kl            | 0.016584106 |
|    clip_fraction        | 0.158       |
|    clip_range           | 0.2         |
|    entropy_loss         | -1.15       |
|    explained_variance   | 0.817       |
|    learning_rate        | 0.0001      |
|    loss                 | 0.089       |
|    n_updates            | 2890        |
|    policy_gradient_loss | -0.0179     |
|    std                  | 0.443       |
|    value_loss           | 0.231       |
-----------------------------------------
[E2] ~5.4h remaining (181728 steps left @ 0.11s/step)
-----------------------------------------
| rollout/                |             |
|    ep_len_mean          | 11.2        |
|    ep_rew_mean          | 1.32        |
| time/                   |             |
|    eta_hours            | 5.36        |
|    fps                  | 9           |
|    iterations           | 231         |
|    sec_per_step         | 0.106       |
|    time_elapsed         | 12409       |
|    total_timesteps      | 151040      |
| train/                  |             |
|    approx_kl            | 0.014860737 |
|    clip_fraction        | 0.14        |
|    clip_range           | 0.2         |
|    entropy_loss         | -1.14       |
|    explained_variance   | 0.826       |
|    learning_rate        | 0.0001      |
|    loss                 | 0.0697      |
|    n_updates            | 2900        |
|    policy_gradient_loss | -0.0197     |
|    std                  | 0.442       |
|    value_loss           | 0.223       |
-----------------------------------------
[E2] ~5.3h remaining (181216 steps left @ 0.11s/step)
-----------------------------------------
| rollout/                |             |
|    ep_len_mean          | 11          |
|    ep_rew_mean          | 1.31        |
| time/                   |             |
|    eta_hours            | 5.31        |
|    fps                  | 9           |
|    iterations           | 232         |
|    sec_per_step         | 0.106       |
|    time_elapsed         | 12462       |
|    total_timesteps      | 151552      |
| train/                  |             |
|    approx_kl            | 0.015441033 |
|    clip_fraction        | 0.128       |
|    clip_range           | 0.2         |
|    entropy_loss         | -1.14       |
|    explained_variance   | 0.868       |
|    learning_rate        | 0.0001      |
|    loss                 | 0.0379      |
|    n_updates            | 2910        |
|    policy_gradient_loss | -0.0163     |
|    std                  | 0.441       |
|    value_loss           | 0.159       |
-----------------------------------------
[E2] ~5.4h remaining (180704 steps left @ 0.11s/step)
-----------------------------------------
| rollout/                |             |
|    ep_len_mean          | 10.9        |
|    ep_rew_mean          | 1.3         |
| time/                   |             |
|    eta_hours            | 5.38        |
|    fps                  | 9           |
|    iterations           | 233         |
|    sec_per_step         | 0.107       |
|    time_elapsed         | 12519       |
|    total_timesteps      | 152064      |
| train/                  |             |
|    approx_kl            | 0.025014888 |
|    clip_fraction        | 0.217       |
|    clip_range           | 0.2         |
|    entropy_loss         | -1.13       |
|    explained_variance   | 0.828       |
|    learning_rate        | 0.0001      |
|    loss                 | 0.00077     |
|    n_updates            | 2920        |
|    policy_gradient_loss | -0.0247     |
|    std                  | 0.44        |
|    value_loss           | 0.208       |
-----------------------------------------
[E2] ~5.4h remaining (180192 steps left @ 0.11s/step)
-----------------------------------------
| rollout/                |             |
|    ep_len_mean          | 11.2        |
|    ep_rew_mean          | 1.29        |
| time/                   |             |
|    eta_hours            | 5.37        |
|    fps                  | 9           |
|    iterations           | 234         |
|    sec_per_step         | 0.107       |
|    time_elapsed         | 12574       |
|    total_timesteps      | 152576      |
| train/                  |             |
|    approx_kl            | 0.013608645 |
|    clip_fraction        | 0.168       |
|    clip_range           | 0.2         |
|    entropy_loss         | -1.13       |
|    explained_variance   | 0.848       |
|    learning_rate        | 0.0001      |
|    loss                 | 0.0265      |
|    n_updates            | 2930        |
|    policy_gradient_loss | -0.0231     |
|    std                  | 0.438       |
|    value_loss           | 0.176       |
-----------------------------------------
[E2 eval @ step 152769]  MAPE=3.47%  p90=5.00%  success(<5%)=90.0%  mean_scan_time=542.0s
[E2 eval]  → new best MAPE 3.47% saved to runs/e2/mf_runB_5sphere_hist_560s_gpu/stage4_full/best
[MF global-best] 3.58% confirmed full-Bloch MAPE saved from full/stage_eval_full @ step 152769 (screen=3.47%) → runs/e2/mf_runB_5sphere_hist_560s_gpu/global_best
[E2] ~6.4h remaining (179680 steps left @ 0.13s/step)
-----------------------------------------
| rollout/                |             |
|    ep_len_mean          | 11.4        |
|    ep_rew_mean          | 1.31        |
| time/                   |             |
|    eta_hours            | 6.36        |
|    fps                  | 9           |
|    iterations           | 235         |
|    sec_per_step         | 0.127       |
|    time_elapsed         | 12663       |
|    total_timesteps      | 153088      |
| train/                  |             |
|    approx_kl            | 0.015446169 |
|    clip_fraction        | 0.166       |
|    clip_range           | 0.2         |
|    entropy_loss         | -1.12       |
|    explained_variance   | 0.827       |
|    learning_rate        | 0.0001      |
|    loss                 | 0.0399      |
|    n_updates            | 2940        |
|    policy_gradient_loss | -0.0249     |
|    std                  | 0.437       |
|    value_loss           | 0.194       |
-----------------------------------------
[E2] ~6.2h remaining (179168 steps left @ 0.12s/step)
-----------------------------------------
| rollout/                |             |
|    ep_len_mean          | 11.3        |
|    ep_rew_mean          | 1.32        |
| time/                   |             |
|    eta_hours            | 6.15        |
|    fps                  | 9           |
|    iterations           | 236         |
|    sec_per_step         | 0.124       |
|    time_elapsed         | 12722       |
|    total_timesteps      | 153600      |
| train/                  |             |
|    approx_kl            | 0.016795475 |
|    clip_fraction        | 0.157       |
|    clip_range           | 0.2         |
|    entropy_loss         | -1.12       |
|    explained_variance   | 0.818       |
|    learning_rate        | 0.0001      |
|    loss                 | 0.0562      |
|    n_updates            | 2950        |
|    policy_gradient_loss | -0.022      |
|    std                  | 0.437       |
|    value_loss           | 0.225       |
-----------------------------------------
[E2] ~5.8h remaining (178656 steps left @ 0.12s/step)
-----------------------------------------
| rollout/                |             |
|    ep_len_mean          | 11.1        |
|    ep_rew_mean          | 1.31        |
| time/                   |             |
|    eta_hours            | 5.83        |
|    fps                  | 9           |
|    iterations           | 237         |
|    sec_per_step         | 0.117       |
|    time_elapsed         | 12775       |
|    total_timesteps      | 154112      |
| train/                  |             |
|    approx_kl            | 0.014687824 |
|    clip_fraction        | 0.132       |
|    clip_range           | 0.2         |
|    entropy_loss         | -1.11       |
|    explained_variance   | 0.811       |
|    learning_rate        | 0.0001      |
|    loss                 | 0.0334      |
|    n_updates            | 2960        |
|    policy_gradient_loss | -0.0197     |
|    std                  | 0.436       |
|    value_loss           | 0.221       |
-----------------------------------------
[E2] ~5.7h remaining (178144 steps left @ 0.12s/step)
-----------------------------------------
| rollout/                |             |
|    ep_len_mean          | 11          |
|    ep_rew_mean          | 1.3         |
| time/                   |             |
|    eta_hours            | 5.74        |
|    fps                  | 9           |
|    iterations           | 238         |
|    sec_per_step         | 0.116       |
|    time_elapsed         | 12832       |
|    total_timesteps      | 154624      |
| train/                  |             |
|    approx_kl            | 0.015339041 |
|    clip_fraction        | 0.155       |
|    clip_range           | 0.2         |
|    entropy_loss         | -1.11       |
|    explained_variance   | 0.841       |
|    learning_rate        | 0.0001      |
|    loss                 | 0.00894     |
|    n_updates            | 2970        |
|    policy_gradient_loss | -0.021      |
|    std                  | 0.436       |
|    value_loss           | 0.188       |
-----------------------------------------
[E2] ~5.4h remaining (177632 steps left @ 0.11s/step)
----------------------------------------
| rollout/                |            |
|    ep_len_mean          | 11.2       |
|    ep_rew_mean          | 1.31       |
| time/                   |            |
|    eta_hours            | 5.38       |
|    fps                  | 9          |
|    iterations           | 239        |
|    sec_per_step         | 0.109      |
|    time_elapsed         | 12880      |
|    total_timesteps      | 155136     |
| train/                  |            |
|    approx_kl            | 0.01591782 |
|    clip_fraction        | 0.146      |
|    clip_range           | 0.2        |
|    entropy_loss         | -1.11      |
|    explained_variance   | 0.827      |
|    learning_rate        | 0.0001     |
|    loss                 | 0.0823     |
|    n_updates            | 2980       |
|    policy_gradient_loss | -0.0195    |
|    std                  | 0.435      |
|    value_loss           | 0.215      |
----------------------------------------
[E2] ~5.1h remaining (177120 steps left @ 0.10s/step)
-----------------------------------------
| rollout/                |             |
|    ep_len_mean          | 11.2        |
|    ep_rew_mean          | 1.29        |
| time/                   |             |
|    eta_hours            | 5.11        |
|    fps                  | 9           |
|    iterations           | 240         |
|    sec_per_step         | 0.104       |
|    time_elapsed         | 12927       |
|    total_timesteps      | 155648      |
| train/                  |             |
|    approx_kl            | 0.015748229 |
|    clip_fraction        | 0.155       |
|    clip_range           | 0.2         |
|    entropy_loss         | -1.1        |
|    explained_variance   | 0.788       |
|    learning_rate        | 0.0001      |
|    loss                 | 0.0619      |
|    n_updates            | 2990        |
|    policy_gradient_loss | -0.0203     |
|    std                  | 0.434       |
|    value_loss           | 0.234       |
-----------------------------------------
[E2] ~5.1h remaining (176608 steps left @ 0.10s/step)
-----------------------------------------
| rollout/                |             |
|    ep_len_mean          | 11.2        |
|    ep_rew_mean          | 1.27        |
| time/                   |             |
|    eta_hours            | 5.13        |
|    fps                  | 9           |
|    iterations           | 241         |
|    sec_per_step         | 0.105       |
|    time_elapsed         | 12981       |
|    total_timesteps      | 156160      |
| train/                  |             |
|    approx_kl            | 0.014222583 |
|    clip_fraction        | 0.116       |
|    clip_range           | 0.2         |
|    entropy_loss         | -1.1        |
|    explained_variance   | 0.869       |
|    learning_rate        | 0.0001      |
|    loss                 | 0.00144     |
|    n_updates            | 3000        |
|    policy_gradient_loss | -0.0189     |
|    std                  | 0.434       |
|    value_loss           | 0.15        |
-----------------------------------------
[E2] ~5.0h remaining (176096 steps left @ 0.10s/step)
-----------------------------------------
| rollout/                |             |
|    ep_len_mean          | 11.2        |
|    ep_rew_mean          | 1.23        |
| time/                   |             |
|    eta_hours            | 5.03        |
|    fps                  | 9           |
|    iterations           | 242         |
|    sec_per_step         | 0.103       |
|    time_elapsed         | 13032       |
|    total_timesteps      | 156672      |
| train/                  |             |
|    approx_kl            | 0.021716561 |
|    clip_fraction        | 0.195       |
|    clip_range           | 0.2         |
|    entropy_loss         | -1.1        |
|    explained_variance   | 0.807       |
|    learning_rate        | 0.0001      |
|    loss                 | 0.0261      |
|    n_updates            | 3010        |
|    policy_gradient_loss | -0.0265     |
|    std                  | 0.434       |
|    value_loss           | 0.234       |
-----------------------------------------
[E2] ~5.1h remaining (175584 steps left @ 0.10s/step)
-----------------------------------------
| rollout/                |             |
|    ep_len_mean          | 10.7        |
|    ep_rew_mean          | 1.27        |
| time/                   |             |
|    eta_hours            | 5.09        |
|    fps                  | 9           |
|    iterations           | 243         |
|    sec_per_step         | 0.104       |
|    time_elapsed         | 13087       |
|    total_timesteps      | 157184      |
| train/                  |             |
|    approx_kl            | 0.018536858 |
|    clip_fraction        | 0.196       |
|    clip_range           | 0.2         |
|    entropy_loss         | -1.09       |
|    explained_variance   | 0.781       |
|    learning_rate        | 0.0001      |
|    loss                 | 0.0711      |
|    n_updates            | 3020        |
|    policy_gradient_loss | -0.0233     |
|    std                  | 0.433       |
|    value_loss           | 0.237       |
-----------------------------------------
[E2] ~5.1h remaining (175072 steps left @ 0.10s/step)
----------------------------------------
| rollout/                |            |
|    ep_len_mean          | 10.6       |
|    ep_rew_mean          | 1.3        |
| time/                   |            |
|    eta_hours            | 5.06       |
|    fps                  | 9          |
|    iterations           | 244        |
|    sec_per_step         | 0.104      |
|    time_elapsed         | 13140      |
|    total_timesteps      | 157696     |
| train/                  |            |
|    approx_kl            | 0.01876109 |
|    clip_fraction        | 0.171      |
|    clip_range           | 0.2        |
|    entropy_loss         | -1.09      |
|    explained_variance   | 0.832      |
|    learning_rate        | 0.0001     |
|    loss                 | 0.0339     |
|    n_updates            | 3030       |
|    policy_gradient_loss | -0.0202    |
|    std                  | 0.433      |
|    value_loss           | 0.199      |
----------------------------------------
[E2] ~5.1h remaining (174560 steps left @ 0.10s/step)
-----------------------------------------
| rollout/                |             |
|    ep_len_mean          | 10.7        |
|    ep_rew_mean          | 1.29        |
| time/                   |             |
|    eta_hours            | 5.06        |
|    fps                  | 9           |
|    iterations           | 245         |
|    sec_per_step         | 0.104       |
|    time_elapsed         | 13194       |
|    total_timesteps      | 158208      |
| train/                  |             |
|    approx_kl            | 0.016274642 |
|    clip_fraction        | 0.144       |
|    clip_range           | 0.2         |
|    entropy_loss         | -1.09       |
|    explained_variance   | 0.799       |
|    learning_rate        | 0.0001      |
|    loss                 | 0.0893      |
|    n_updates            | 3040        |
|    policy_gradient_loss | -0.0188     |
|    std                  | 0.432       |
|    value_loss           | 0.248       |
-----------------------------------------
[E2] ~5.1h remaining (174048 steps left @ 0.11s/step)
-----------------------------------------
| rollout/                |             |
|    ep_len_mean          | 11.2        |
|    ep_rew_mean          | 1.29        |
| time/                   |             |
|    eta_hours            | 5.12        |
|    fps                  | 9           |
|    iterations           | 246         |
|    sec_per_step         | 0.106       |
|    time_elapsed         | 13250       |
|    total_timesteps      | 158720      |
| train/                  |             |
|    approx_kl            | 0.017559268 |
|    clip_fraction        | 0.157       |
|    clip_range           | 0.2         |
|    entropy_loss         | -1.08       |
|    explained_variance   | 0.762       |
|    learning_rate        | 0.0001      |
|    loss                 | 0.0565      |
|    n_updates            | 3050        |
|    policy_gradient_loss | -0.0221     |
|    std                  | 0.43        |
|    value_loss           | 0.254       |
-----------------------------------------
[E2] ~5.0h remaining (173536 steps left @ 0.10s/step)
-----------------------------------------
| rollout/                |             |
|    ep_len_mean          | 11.1        |
|    ep_rew_mean          | 1.27        |
| time/                   |             |
|    eta_hours            | 4.98        |
|    fps                  | 9           |
|    iterations           | 247         |
|    sec_per_step         | 0.103       |
|    time_elapsed         | 13300       |
|    total_timesteps      | 159232      |
| train/                  |             |
|    approx_kl            | 0.012401889 |
|    clip_fraction        | 0.118       |
|    clip_range           | 0.2         |
|    entropy_loss         | -1.08       |
|    explained_variance   | 0.848       |
|    learning_rate        | 0.0001      |
|    loss                 | 0.0246      |
|    n_updates            | 3060        |
|    policy_gradient_loss | -0.0207     |
|    std                  | 0.429       |
|    value_loss           | 0.165       |
-----------------------------------------
[E2] ~5.1h remaining (173024 steps left @ 0.11s/step)
----------------------------------------
| rollout/                |            |
|    ep_len_mean          | 11.3       |
|    ep_rew_mean          | 1.28       |
| time/                   |            |
|    eta_hours            | 5.1        |
|    fps                  | 9          |
|    iterations           | 248        |
|    sec_per_step         | 0.106      |
|    time_elapsed         | 13357      |
|    total_timesteps      | 159744     |
| train/                  |            |
|    approx_kl            | 0.01472863 |
|    clip_fraction        | 0.149      |
|    clip_range           | 0.2        |
|    entropy_loss         | -1.07      |
|    explained_variance   | 0.801      |
|    learning_rate        | 0.0001     |
|    loss                 | 0.0334     |
|    n_updates            | 3070       |
|    policy_gradient_loss | -0.0229    |
|    std                  | 0.428      |
|    value_loss           | 0.226      |
----------------------------------------
[E2] ~5.1h remaining (172512 steps left @ 0.11s/step)
-----------------------------------------
| rollout/                |             |
|    ep_len_mean          | 11.2        |
|    ep_rew_mean          | 1.32        |
| time/                   |             |
|    eta_hours            | 5.08        |
|    fps                  | 9           |
|    iterations           | 249         |
|    sec_per_step         | 0.106       |
|    time_elapsed         | 13412       |
|    total_timesteps      | 160256      |
| train/                  |             |
|    approx_kl            | 0.014268778 |
|    clip_fraction        | 0.164       |
|    clip_range           | 0.2         |
|    entropy_loss         | -1.06       |
|    explained_variance   | 0.796       |
|    learning_rate        | 0.0001      |
|    loss                 | 0.0452      |
|    n_updates            | 3080        |
|    policy_gradient_loss | -0.028      |
|    std                  | 0.426       |
|    value_loss           | 0.235       |
-----------------------------------------
[E2] ~5.1h remaining (172000 steps left @ 0.11s/step)
-----------------------------------------
| rollout/                |             |
|    ep_len_mean          | 11.3        |
|    ep_rew_mean          | 1.34        |
| time/                   |             |
|    eta_hours            | 5.15        |
|    fps                  | 9           |
|    iterations           | 250         |
|    sec_per_step         | 0.108       |
|    time_elapsed         | 13469       |
|    total_timesteps      | 160768      |
| train/                  |             |
|    approx_kl            | 0.019515444 |
|    clip_fraction        | 0.184       |
|    clip_range           | 0.2         |
|    entropy_loss         | -1.06       |
|    explained_variance   | 0.83        |
|    learning_rate        | 0.0001      |
|    loss                 | 0.0356      |
|    n_updates            | 3090        |
|    policy_gradient_loss | -0.024      |
|    std                  | 0.424       |
|    value_loss           | 0.218       |
-----------------------------------------
[E2] ~5.2h remaining (171488 steps left @ 0.11s/step)
----------------------------------------
| rollout/                |            |
|    ep_len_mean          | 11.3       |
|    ep_rew_mean          | 1.34       |
| time/                   |            |
|    eta_hours            | 5.15       |
|    fps                  | 9          |
|    iterations           | 251        |
|    sec_per_step         | 0.108      |
|    time_elapsed         | 13525      |
|    total_timesteps      | 161280     |
| train/                  |            |
|    approx_kl            | 0.01745871 |
|    clip_fraction        | 0.135      |
|    clip_range           | 0.2        |
|    entropy_loss         | -1.05      |
|    explained_variance   | 0.783      |
|    learning_rate        | 0.0001     |
|    loss                 | 0.062      |
|    n_updates            | 3100       |
|    policy_gradient_loss | -0.0229    |
|    std                  | 0.423      |
|    value_loss           | 0.211      |
----------------------------------------
[E2] ~5.1h remaining (170976 steps left @ 0.11s/step)
-----------------------------------------
| rollout/                |             |
|    ep_len_mean          | 11.2        |
|    ep_rew_mean          | 1.33        |
| time/                   |             |
|    eta_hours            | 5.12        |
|    fps                  | 9           |
|    iterations           | 252         |
|    sec_per_step         | 0.108       |
|    time_elapsed         | 13579       |
|    total_timesteps      | 161792      |
| train/                  |             |
|    approx_kl            | 0.017916087 |
|    clip_fraction        | 0.173       |
|    clip_range           | 0.2         |
|    entropy_loss         | -1.04       |
|    explained_variance   | 0.85        |
|    learning_rate        | 0.0001      |
|    loss                 | 0.081       |
|    n_updates            | 3110        |
|    policy_gradient_loss | -0.0256     |
|    std                  | 0.422       |
|    value_loss           | 0.192       |
-----------------------------------------
[E2] ~5.2h remaining (170464 steps left @ 0.11s/step)
-----------------------------------------
| rollout/                |             |
|    ep_len_mean          | 11.4        |
|    ep_rew_mean          | 1.29        |
| time/                   |             |
|    eta_hours            | 5.21        |
|    fps                  | 9           |
|    iterations           | 253         |
|    sec_per_step         | 0.11        |
|    time_elapsed         | 13638       |
|    total_timesteps      | 162304      |
| train/                  |             |
|    approx_kl            | 0.011608055 |
|    clip_fraction        | 0.0998      |
|    clip_range           | 0.2         |
|    entropy_loss         | -1.04       |
|    explained_variance   | 0.83        |
|    learning_rate        | 0.0001      |
|    loss                 | 0.118       |
|    n_updates            | 3120        |
|    policy_gradient_loss | -0.0181     |
|    std                  | 0.421       |
|    value_loss           | 0.188       |
-----------------------------------------
[E2 eval @ step 162769]  MAPE=5.25%  p90=10.69%  success(<5%)=75.0%  mean_scan_time=544.0s
[E2] ~5.7h remaining (169952 steps left @ 0.12s/step)
------------------------------------------
| rollout/                |              |
|    ep_len_mean          | 11.3         |
|    ep_rew_mean          | 1.31         |
| time/                   |              |
|    eta_hours            | 5.71         |
|    fps                  | 9            |
|    iterations           | 254          |
|    sec_per_step         | 0.121        |
|    time_elapsed         | 13714        |
|    total_timesteps      | 162816       |
| train/                  |              |
|    approx_kl            | 0.0148280095 |
|    clip_fraction        | 0.147        |
|    clip_range           | 0.2          |
|    entropy_loss         | -1.03        |
|    explained_variance   | 0.827        |
|    learning_rate        | 0.0001       |
|    loss                 | 0.0798       |
|    n_updates            | 3130         |
|    policy_gradient_loss | -0.0243      |
|    std                  | 0.42         |
|    value_loss           | 0.212        |
------------------------------------------
[E2] ~5.2h remaining (169440 steps left @ 0.11s/step)
----------------------------------------
| rollout/                |            |
|    ep_len_mean          | 11.4       |
|    ep_rew_mean          | 1.34       |
| time/                   |            |
|    eta_hours            | 5.16       |
|    fps                  | 9          |
|    iterations           | 255        |
|    sec_per_step         | 0.11       |
|    time_elapsed         | 13756      |
|    total_timesteps      | 163328     |
| train/                  |            |
|    approx_kl            | 0.01670942 |
|    clip_fraction        | 0.172      |
|    clip_range           | 0.2        |
|    entropy_loss         | -1.03      |
|    explained_variance   | 0.826      |
|    learning_rate        | 0.0001     |
|    loss                 | 0.0667     |
|    n_updates            | 3140       |
|    policy_gradient_loss | -0.0248    |
|    std                  | 0.42       |
|    value_loss           | 0.212      |
----------------------------------------
[E2] ~5.0h remaining (168928 steps left @ 0.11s/step)
-----------------------------------------
| rollout/                |             |
|    ep_len_mean          | 11.7        |
|    ep_rew_mean          | 1.34        |
| time/                   |             |
|    eta_hours            | 5.04        |
|    fps                  | 9           |
|    iterations           | 256         |
|    sec_per_step         | 0.107       |
|    time_elapsed         | 13808       |
|    total_timesteps      | 163840      |
| train/                  |             |
|    approx_kl            | 0.017842704 |
|    clip_fraction        | 0.168       |
|    clip_range           | 0.2         |
|    entropy_loss         | -1.03       |
|    explained_variance   | 0.843       |
|    learning_rate        | 0.0001      |
|    loss                 | -0.00534    |
|    n_updates            | 3150        |
|    policy_gradient_loss | -0.0258     |
|    std                  | 0.419       |
|    value_loss           | 0.185       |
-----------------------------------------
[E2] ~5.0h remaining (168416 steps left @ 0.11s/step)
---------------------------------------
| rollout/                |           |
|    ep_len_mean          | 11.8      |
|    ep_rew_mean          | 1.31      |
| time/                   |           |
|    eta_hours            | 4.98      |
|    fps                  | 9         |
|    iterations           | 257       |
|    sec_per_step         | 0.106     |
|    time_elapsed         | 13862     |
|    total_timesteps      | 164352    |
| train/                  |           |
|    approx_kl            | 0.0145041 |
|    clip_fraction        | 0.162     |
|    clip_range           | 0.2       |
|    entropy_loss         | -1.02     |
|    explained_variance   | 0.812     |
|    learning_rate        | 0.0001    |
|    loss                 | 0.0601    |
|    n_updates            | 3160      |
|    policy_gradient_loss | -0.024    |
|    std                  | 0.418     |
|    value_loss           | 0.214     |
---------------------------------------
[E2] ~5.0h remaining (167904 steps left @ 0.11s/step)
-----------------------------------------
| rollout/                |             |
|    ep_len_mean          | 11.3        |
|    ep_rew_mean          | 1.32        |
| time/                   |             |
|    eta_hours            | 5.05        |
|    fps                  | 9           |
|    iterations           | 258         |
|    sec_per_step         | 0.108       |
|    time_elapsed         | 13919       |
|    total_timesteps      | 164864      |
| train/                  |             |
|    approx_kl            | 0.013828401 |
|    clip_fraction        | 0.126       |
|    clip_range           | 0.2         |
|    entropy_loss         | -1.02       |
|    explained_variance   | 0.799       |
|    learning_rate        | 0.0001      |
|    loss                 | 0.0413      |
|    n_updates            | 3170        |
|    policy_gradient_loss | -0.0199     |
|    std                  | 0.418       |
|    value_loss           | 0.217       |
-----------------------------------------
[E2] ~5.1h remaining (167392 steps left @ 0.11s/step)
-----------------------------------------
| rollout/                |             |
|    ep_len_mean          | 11.1        |
|    ep_rew_mean          | 1.32        |
| time/                   |             |
|    eta_hours            | 5.1         |
|    fps                  | 9           |
|    iterations           | 259         |
|    sec_per_step         | 0.11        |
|    time_elapsed         | 13977       |
|    total_timesteps      | 165376      |
| train/                  |             |
|    approx_kl            | 0.017669823 |
|    clip_fraction        | 0.152       |
|    clip_range           | 0.2         |
|    entropy_loss         | -1.02       |
|    explained_variance   | 0.808       |
|    learning_rate        | 0.0001      |
|    loss                 | 0.0904      |
|    n_updates            | 3180        |
|    policy_gradient_loss | -0.0228     |
|    std                  | 0.417       |
|    value_loss           | 0.233       |
-----------------------------------------
[E2] ~5.0h remaining (166880 steps left @ 0.11s/step)
-----------------------------------------
| rollout/                |             |
|    ep_len_mean          | 11.6        |
|    ep_rew_mean          | 1.31        |
| time/                   |             |
|    eta_hours            | 5.04        |
|    fps                  | 9           |
|    iterations           | 260         |
|    sec_per_step         | 0.109       |
|    time_elapsed         | 14032       |
|    total_timesteps      | 165888      |
| train/                  |             |
|    approx_kl            | 0.015967455 |
|    clip_fraction        | 0.141       |
|    clip_range           | 0.2         |
|    entropy_loss         | -1.02       |
|    explained_variance   | 0.84        |
|    learning_rate        | 0.0001      |
|    loss                 | 0.092       |
|    n_updates            | 3190        |
|    policy_gradient_loss | -0.0234     |
|    std                  | 0.417       |
|    value_loss           | 0.187       |
-----------------------------------------
[E2] ~5.2h remaining (166368 steps left @ 0.11s/step)
-----------------------------------------
| rollout/                |             |
|    ep_len_mean          | 11.4        |
|    ep_rew_mean          | 1.31        |
| time/                   |             |
|    eta_hours            | 5.19        |
|    fps                  | 9           |
|    iterations           | 261         |
|    sec_per_step         | 0.112       |
|    time_elapsed         | 14094       |
|    total_timesteps      | 166400      |
| train/                  |             |
|    approx_kl            | 0.014549999 |
|    clip_fraction        | 0.164       |
|    clip_range           | 0.2         |
|    entropy_loss         | -1.01       |
|    explained_variance   | 0.837       |
|    learning_rate        | 0.0001      |
|    loss                 | 0.0723      |
|    n_updates            | 3200        |
|    policy_gradient_loss | -0.0195     |
|    std                  | 0.417       |
|    value_loss           | 0.173       |
-----------------------------------------
[E2] ~5.0h remaining (165856 steps left @ 0.11s/step)
-----------------------------------------
| rollout/                |             |
|    ep_len_mean          | 11.1        |
|    ep_rew_mean          | 1.32        |
| time/                   |             |
|    eta_hours            | 5.04        |
|    fps                  | 9           |
|    iterations           | 262         |
|    sec_per_step         | 0.109       |
|    time_elapsed         | 14146       |
|    total_timesteps      | 166912      |
| train/                  |             |
|    approx_kl            | 0.016619243 |
|    clip_fraction        | 0.16        |
|    clip_range           | 0.2         |
|    entropy_loss         | -1.01       |
|    explained_variance   | 0.776       |
|    learning_rate        | 0.0001      |
|    loss                 | 0.0981      |
|    n_updates            | 3210        |
|    policy_gradient_loss | -0.0223     |
|    std                  | 0.416       |
|    value_loss           | 0.246       |
-----------------------------------------
[E2] ~4.8h remaining (165344 steps left @ 0.11s/step)
-----------------------------------------
| rollout/                |             |
|    ep_len_mean          | 11.2        |
|    ep_rew_mean          | 1.32        |
| time/                   |             |
|    eta_hours            | 4.84        |
|    fps                  | 9           |
|    iterations           | 263         |
|    sec_per_step         | 0.105       |
|    time_elapsed         | 14195       |
|    total_timesteps      | 167424      |
| train/                  |             |
|    approx_kl            | 0.014495881 |
|    clip_fraction        | 0.128       |
|    clip_range           | 0.2         |
|    entropy_loss         | -1          |
|    explained_variance   | 0.778       |
|    learning_rate        | 0.0001      |
|    loss                 | 0.0842      |
|    n_updates            | 3220        |
|    policy_gradient_loss | -0.0227     |
|    std                  | 0.414       |
|    value_loss           | 0.269       |
-----------------------------------------
[E2] ~4.8h remaining (164832 steps left @ 0.10s/step)
-----------------------------------------
| rollout/                |             |
|    ep_len_mean          | 11.5        |
|    ep_rew_mean          | 1.32        |
| time/                   |             |
|    eta_hours            | 4.79        |
|    fps                  | 9           |
|    iterations           | 264         |
|    sec_per_step         | 0.105       |
|    time_elapsed         | 14248       |
|    total_timesteps      | 167936      |
| train/                  |             |
|    approx_kl            | 0.015667623 |
|    clip_fraction        | 0.149       |
|    clip_range           | 0.2         |
|    entropy_loss         | -0.995      |
|    explained_variance   | 0.84        |
|    learning_rate        | 0.0001      |
|    loss                 | -0.00383    |
|    n_updates            | 3230        |
|    policy_gradient_loss | -0.025      |
|    std                  | 0.412       |
|    value_loss           | 0.179       |
-----------------------------------------
[E2] ~5.0h remaining (164320 steps left @ 0.11s/step)
-----------------------------------------
| rollout/                |             |
|    ep_len_mean          | 11.6        |
|    ep_rew_mean          | 1.32        |
| time/                   |             |
|    eta_hours            | 4.97        |
|    fps                  | 9           |
|    iterations           | 265         |
|    sec_per_step         | 0.109       |
|    time_elapsed         | 14309       |
|    total_timesteps      | 168448      |
| train/                  |             |
|    approx_kl            | 0.017133178 |
|    clip_fraction        | 0.177       |
|    clip_range           | 0.2         |
|    entropy_loss         | -0.989      |
|    explained_variance   | 0.817       |
|    learning_rate        | 0.0001      |
|    loss                 | 0.0708      |
|    n_updates            | 3240        |
|    policy_gradient_loss | -0.0233     |
|    std                  | 0.412       |
|    value_loss           | 0.229       |
-----------------------------------------
[E2] ~4.9h remaining (163808 steps left @ 0.11s/step)
-----------------------------------------
| rollout/                |             |
|    ep_len_mean          | 11.7        |
|    ep_rew_mean          | 1.32        |
| time/                   |             |
|    eta_hours            | 4.91        |
|    fps                  | 9           |
|    iterations           | 266         |
|    sec_per_step         | 0.108       |
|    time_elapsed         | 14363       |
|    total_timesteps      | 168960      |
| train/                  |             |
|    approx_kl            | 0.017221482 |
|    clip_fraction        | 0.202       |
|    clip_range           | 0.2         |
|    entropy_loss         | -0.988      |
|    explained_variance   | 0.804       |
|    learning_rate        | 0.0001      |
|    loss                 | 0.0676      |
|    n_updates            | 3250        |
|    policy_gradient_loss | -0.0249     |
|    std                  | 0.412       |
|    value_loss           | 0.237       |
-----------------------------------------
[E2] ~4.9h remaining (163296 steps left @ 0.11s/step)
-----------------------------------------
| rollout/                |             |
|    ep_len_mean          | 11.7        |
|    ep_rew_mean          | 1.3         |
| time/                   |             |
|    eta_hours            | 4.89        |
|    fps                  | 9           |
|    iterations           | 267         |
|    sec_per_step         | 0.108       |
|    time_elapsed         | 14418       |
|    total_timesteps      | 169472      |
| train/                  |             |
|    approx_kl            | 0.014173888 |
|    clip_fraction        | 0.119       |
|    clip_range           | 0.2         |
|    entropy_loss         | -0.985      |
|    explained_variance   | 0.828       |
|    learning_rate        | 0.0001      |
|    loss                 | 0.042       |
|    n_updates            | 3260        |
|    policy_gradient_loss | -0.0162     |
|    std                  | 0.411       |
|    value_loss           | 0.192       |
-----------------------------------------
[E2] ~4.9h remaining (162784 steps left @ 0.11s/step)
-----------------------------------------
| rollout/                |             |
|    ep_len_mean          | 11.6        |
|    ep_rew_mean          | 1.32        |
| time/                   |             |
|    eta_hours            | 4.91        |
|    fps                  | 9           |
|    iterations           | 268         |
|    sec_per_step         | 0.109       |
|    time_elapsed         | 14474       |
|    total_timesteps      | 169984      |
| train/                  |             |
|    approx_kl            | 0.013341136 |
|    clip_fraction        | 0.141       |
|    clip_range           | 0.2         |
|    entropy_loss         | -0.98       |
|    explained_variance   | 0.818       |
|    learning_rate        | 0.0001      |
|    loss                 | 0.0353      |
|    n_updates            | 3270        |
|    policy_gradient_loss | -0.0206     |
|    std                  | 0.41        |
|    value_loss           | 0.202       |
-----------------------------------------
[E2] ~5.0h remaining (162272 steps left @ 0.11s/step)
-----------------------------------------
| rollout/                |             |
|    ep_len_mean          | 11.4        |
|    ep_rew_mean          | 1.29        |
| time/                   |             |
|    eta_hours            | 4.95        |
|    fps                  | 9           |
|    iterations           | 269         |
|    sec_per_step         | 0.11        |
|    time_elapsed         | 14532       |
|    total_timesteps      | 170496      |
| train/                  |             |
|    approx_kl            | 0.012317347 |
|    clip_fraction        | 0.143       |
|    clip_range           | 0.2         |
|    entropy_loss         | -0.978      |
|    explained_variance   | 0.81        |
|    learning_rate        | 0.0001      |
|    loss                 | 0.0357      |
|    n_updates            | 3280        |
|    policy_gradient_loss | -0.0216     |
|    std                  | 0.41        |
|    value_loss           | 0.215       |
-----------------------------------------
[E2] ~4.9h remaining (161760 steps left @ 0.11s/step)
-----------------------------------------
| rollout/                |             |
|    ep_len_mean          | 11.1        |
|    ep_rew_mean          | 1.29        |
| time/                   |             |
|    eta_hours            | 4.86        |
|    fps                  | 9           |
|    iterations           | 270         |
|    sec_per_step         | 0.108       |
|    time_elapsed         | 14586       |
|    total_timesteps      | 171008      |
| train/                  |             |
|    approx_kl            | 0.013401141 |
|    clip_fraction        | 0.134       |
|    clip_range           | 0.2         |
|    entropy_loss         | -0.977      |
|    explained_variance   | 0.785       |
|    learning_rate        | 0.0001      |
|    loss                 | 0.103       |
|    n_updates            | 3290        |
|    policy_gradient_loss | -0.0193     |
|    std                  | 0.411       |
|    value_loss           | 0.256       |
-----------------------------------------
[E2] ~4.9h remaining (161248 steps left @ 0.11s/step)
-----------------------------------------
| rollout/                |             |
|    ep_len_mean          | 11.2        |
|    ep_rew_mean          | 1.31        |
| time/                   |             |
|    eta_hours            | 4.85        |
|    fps                  | 9           |
|    iterations           | 271         |
|    sec_per_step         | 0.108       |
|    time_elapsed         | 14641       |
|    total_timesteps      | 171520      |
| train/                  |             |
|    approx_kl            | 0.017374652 |
|    clip_fraction        | 0.154       |
|    clip_range           | 0.2         |
|    entropy_loss         | -0.975      |
|    explained_variance   | 0.819       |
|    learning_rate        | 0.0001      |
|    loss                 | -0.00202    |
|    n_updates            | 3300        |
|    policy_gradient_loss | -0.0214     |
|    std                  | 0.41        |
|    value_loss           | 0.206       |
-----------------------------------------
[E2] ~4.7h remaining (160736 steps left @ 0.11s/step)
-----------------------------------------
| rollout/                |             |
|    ep_len_mean          | 11.4        |
|    ep_rew_mean          | 1.3         |
| time/                   |             |
|    eta_hours            | 4.7         |
|    fps                  | 9           |
|    iterations           | 272         |
|    sec_per_step         | 0.105       |
|    time_elapsed         | 14691       |
|    total_timesteps      | 172032      |
| train/                  |             |
|    approx_kl            | 0.013429996 |
|    clip_fraction        | 0.121       |
|    clip_range           | 0.2         |
|    entropy_loss         | -0.971      |
|    explained_variance   | 0.808       |
|    learning_rate        | 0.0001      |
|    loss                 | 0.0714      |
|    n_updates            | 3310        |
|    policy_gradient_loss | -0.0187     |
|    std                  | 0.409       |
|    value_loss           | 0.218       |
-----------------------------------------
[E2] ~4.6h remaining (160224 steps left @ 0.10s/step)
-----------------------------------------
| rollout/                |             |
|    ep_len_mean          | 11.2        |
|    ep_rew_mean          | 1.32        |
| time/                   |             |
|    eta_hours            | 4.61        |
|    fps                  | 9           |
|    iterations           | 273         |
|    sec_per_step         | 0.104       |
|    time_elapsed         | 14742       |
|    total_timesteps      | 172544      |
| train/                  |             |
|    approx_kl            | 0.016770052 |
|    clip_fraction        | 0.193       |
|    clip_range           | 0.2         |
|    entropy_loss         | -0.966      |
|    explained_variance   | 0.755       |
|    learning_rate        | 0.0001      |
|    loss                 | 0.12        |
|    n_updates            | 3320        |
|    policy_gradient_loss | -0.0265     |
|    std                  | 0.408       |
|    value_loss           | 0.279       |
-----------------------------------------
[E2 eval @ step 172769]  MAPE=3.69%  p90=5.57%  success(<5%)=85.0%  mean_scan_time=540.0s
[E2] ~5.3h remaining (159712 steps left @ 0.12s/step)
----------------------------------------
| rollout/                |            |
|    ep_len_mean          | 11         |
|    ep_rew_mean          | 1.35       |
| time/                   |            |
|    eta_hours            | 5.3        |
|    fps                  | 9          |
|    iterations           | 274        |
|    sec_per_step         | 0.12       |
|    time_elapsed         | 14823      |
|    total_timesteps      | 173056     |
| train/                  |            |
|    approx_kl            | 0.01937839 |
|    clip_fraction        | 0.159      |
|    clip_range           | 0.2        |
|    entropy_loss         | -0.961     |
|    explained_variance   | 0.827      |
|    learning_rate        | 0.0001     |
|    loss                 | 0.00958    |
|    n_updates            | 3330       |
|    policy_gradient_loss | -0.0228    |
|    std                  | 0.407      |
|    value_loss           | 0.211      |
----------------------------------------
[E2] ~5.1h remaining (159200 steps left @ 0.12s/step)
-----------------------------------------
| rollout/                |             |
|    ep_len_mean          | 11.4        |
|    ep_rew_mean          | 1.37        |
| time/                   |             |
|    eta_hours            | 5.14        |
|    fps                  | 9           |
|    iterations           | 275         |
|    sec_per_step         | 0.116       |
|    time_elapsed         | 14878       |
|    total_timesteps      | 173568      |
| train/                  |             |
|    approx_kl            | 0.022075316 |
|    clip_fraction        | 0.219       |
|    clip_range           | 0.2         |
|    entropy_loss         | -0.954      |
|    explained_variance   | 0.804       |
|    learning_rate        | 0.0001      |
|    loss                 | 0.0122      |
|    n_updates            | 3340        |
|    policy_gradient_loss | -0.0348     |
|    std                  | 0.406       |
|    value_loss           | 0.242       |
-----------------------------------------
[E2] ~4.9h remaining (158688 steps left @ 0.11s/step)
-----------------------------------------
| rollout/                |             |
|    ep_len_mean          | 11.9        |
|    ep_rew_mean          | 1.33        |
| time/                   |             |
|    eta_hours            | 4.89        |
|    fps                  | 9           |
|    iterations           | 276         |
|    sec_per_step         | 0.111       |
|    time_elapsed         | 14929       |
|    total_timesteps      | 174080      |
| train/                  |             |
|    approx_kl            | 0.015236739 |
|    clip_fraction        | 0.17        |
|    clip_range           | 0.2         |
|    entropy_loss         | -0.948      |
|    explained_variance   | 0.816       |
|    learning_rate        | 0.0001      |
|    loss                 | 0.105       |
|    n_updates            | 3350        |
|    policy_gradient_loss | -0.0233     |
|    std                  | 0.405       |
|    value_loss           | 0.221       |
-----------------------------------------
[E2] ~4.7h remaining (158176 steps left @ 0.11s/step)
-----------------------------------------
| rollout/                |             |
|    ep_len_mean          | 12.1        |
|    ep_rew_mean          | 1.31        |
| time/                   |             |
|    eta_hours            | 4.66        |
|    fps                  | 9           |
|    iterations           | 277         |
|    sec_per_step         | 0.106       |
|    time_elapsed         | 14977       |
|    total_timesteps      | 174592      |
| train/                  |             |
|    approx_kl            | 0.015833246 |
|    clip_fraction        | 0.17        |
|    clip_range           | 0.2         |
|    entropy_loss         | -0.944      |
|    explained_variance   | 0.758       |
|    learning_rate        | 0.0001      |
|    loss                 | 0.0428      |
|    n_updates            | 3360        |
|    policy_gradient_loss | -0.0213     |
|    std                  | 0.404       |
|    value_loss           | 0.258       |
-----------------------------------------
[E2] ~4.7h remaining (157664 steps left @ 0.11s/step)
-----------------------------------------
| rollout/                |             |
|    ep_len_mean          | 12.2        |
|    ep_rew_mean          | 1.31        |
| time/                   |             |
|    eta_hours            | 4.73        |
|    fps                  | 9           |
|    iterations           | 278         |
|    sec_per_step         | 0.108       |
|    time_elapsed         | 15035       |
|    total_timesteps      | 175104      |
| train/                  |             |
|    approx_kl            | 0.022418596 |
|    clip_fraction        | 0.179       |
|    clip_range           | 0.2         |
|    entropy_loss         | -0.942      |
|    explained_variance   | 0.844       |
|    learning_rate        | 0.0001      |
|    loss                 | 0.023       |
|    n_updates            | 3370        |
|    policy_gradient_loss | -0.0232     |
|    std                  | 0.404       |
|    value_loss           | 0.177       |
-----------------------------------------
[E2] ~4.7h remaining (157152 steps left @ 0.11s/step)
----------------------------------------
| rollout/                |            |
|    ep_len_mean          | 12.3       |
|    ep_rew_mean          | 1.3        |
| time/                   |            |
|    eta_hours            | 4.72       |
|    fps                  | 9          |
|    iterations           | 279        |
|    sec_per_step         | 0.108      |
|    time_elapsed         | 15091      |
|    total_timesteps      | 175616     |
| train/                  |            |
|    approx_kl            | 0.01186417 |
|    clip_fraction        | 0.14       |
|    clip_range           | 0.2        |
|    entropy_loss         | -0.94      |
|    explained_variance   | 0.876      |
|    learning_rate        | 0.0001     |
|    loss                 | 0.0095     |
|    n_updates            | 3380       |
|    policy_gradient_loss | -0.0227    |
|    std                  | 0.403      |
|    value_loss           | 0.145      |
----------------------------------------
[E2] ~4.7h remaining (156640 steps left @ 0.11s/step)
-----------------------------------------
| rollout/                |             |
|    ep_len_mean          | 12.5        |
|    ep_rew_mean          | 1.26        |
| time/                   |             |
|    eta_hours            | 4.74        |
|    fps                  | 9           |
|    iterations           | 280         |
|    sec_per_step         | 0.109       |
|    time_elapsed         | 15147       |
|    total_timesteps      | 176128      |
| train/                  |             |
|    approx_kl            | 0.019578073 |
|    clip_fraction        | 0.193       |
|    clip_range           | 0.2         |
|    entropy_loss         | -0.934      |
|    explained_variance   | 0.793       |
|    learning_rate        | 0.0001      |
|    loss                 | 0.0285      |
|    n_updates            | 3390        |
|    policy_gradient_loss | -0.0255     |
|    std                  | 0.402       |
|    value_loss           | 0.214       |
-----------------------------------------
[E2] ~4.9h remaining (156128 steps left @ 0.11s/step)
-----------------------------------------
| rollout/                |             |
|    ep_len_mean          | 12.6        |
|    ep_rew_mean          | 1.28        |
| time/                   |             |
|    eta_hours            | 4.92        |
|    fps                  | 9           |
|    iterations           | 281         |
|    sec_per_step         | 0.114       |
|    time_elapsed         | 15211       |
|    total_timesteps      | 176640      |
| train/                  |             |
|    approx_kl            | 0.017919784 |
|    clip_fraction        | 0.161       |
|    clip_range           | 0.2         |
|    entropy_loss         | -0.929      |
|    explained_variance   | 0.812       |
|    learning_rate        | 0.0001      |
|    loss                 | 0.0218      |
|    n_updates            | 3400        |
|    policy_gradient_loss | -0.026      |
|    std                  | 0.401       |
|    value_loss           | 0.171       |
-----------------------------------------
[E2] ~4.8h remaining (155616 steps left @ 0.11s/step)
-----------------------------------------
| rollout/                |             |
|    ep_len_mean          | 12.5        |
|    ep_rew_mean          | 1.29        |
| time/                   |             |
|    eta_hours            | 4.77        |
|    fps                  | 9           |
|    iterations           | 282         |
|    sec_per_step         | 0.11        |
|    time_elapsed         | 15264       |
|    total_timesteps      | 177152      |
| train/                  |             |
|    approx_kl            | 0.019119324 |
|    clip_fraction        | 0.193       |
|    clip_range           | 0.2         |
|    entropy_loss         | -0.926      |
|    explained_variance   | 0.846       |
|    learning_rate        | 0.0001      |
|    loss                 | 0.00603     |
|    n_updates            | 3410        |
|    policy_gradient_loss | -0.0227     |
|    std                  | 0.4         |
|    value_loss           | 0.171       |
-----------------------------------------
[E2] ~4.7h remaining (155104 steps left @ 0.11s/step)
-----------------------------------------
| rollout/                |             |
|    ep_len_mean          | 12.3        |
|    ep_rew_mean          | 1.32        |
| time/                   |             |
|    eta_hours            | 4.7         |
|    fps                  | 9           |
|    iterations           | 283         |
|    sec_per_step         | 0.109       |
|    time_elapsed         | 15318       |
|    total_timesteps      | 177664      |
| train/                  |             |
|    approx_kl            | 0.020600524 |
|    clip_fraction        | 0.186       |
|    clip_range           | 0.2         |
|    entropy_loss         | -0.923      |
|    explained_variance   | 0.844       |
|    learning_rate        | 0.0001      |
|    loss                 | 0.0442      |
|    n_updates            | 3420        |
|    policy_gradient_loss | -0.0245     |
|    std                  | 0.4         |
|    value_loss           | 0.189       |
-----------------------------------------
[E2] ~4.7h remaining (154592 steps left @ 0.11s/step)
-----------------------------------------
| rollout/                |             |
|    ep_len_mean          | 12.2        |
|    ep_rew_mean          | 1.33        |
| time/                   |             |
|    eta_hours            | 4.71        |
|    fps                  | 9           |
|    iterations           | 284         |
|    sec_per_step         | 0.11        |
|    time_elapsed         | 15375       |
|    total_timesteps      | 178176      |
| train/                  |             |
|    approx_kl            | 0.017015561 |
|    clip_fraction        | 0.164       |
|    clip_range           | 0.2         |
|    entropy_loss         | -0.92       |
|    explained_variance   | 0.868       |
|    learning_rate        | 0.0001      |
|    loss                 | 0.0537      |
|    n_updates            | 3430        |
|    policy_gradient_loss | -0.0201     |
|    std                  | 0.399       |
|    value_loss           | 0.164       |
-----------------------------------------
[E2] ~4.8h remaining (154080 steps left @ 0.11s/step)
-----------------------------------------
| rollout/                |             |
|    ep_len_mean          | 12.3        |
|    ep_rew_mean          | 1.33        |
| time/                   |             |
|    eta_hours            | 4.76        |
|    fps                  | 9           |
|    iterations           | 285         |
|    sec_per_step         | 0.111       |
|    time_elapsed         | 15434       |
|    total_timesteps      | 178688      |
| train/                  |             |
|    approx_kl            | 0.019527882 |
|    clip_fraction        | 0.147       |
|    clip_range           | 0.2         |
|    entropy_loss         | -0.915      |
|    explained_variance   | 0.86        |
|    learning_rate        | 0.0001      |
|    loss                 | 0.0305      |
|    n_updates            | 3440        |
|    policy_gradient_loss | -0.0224     |
|    std                  | 0.398       |
|    value_loss           | 0.159       |
-----------------------------------------
[E2] ~4.7h remaining (153568 steps left @ 0.11s/step)
-----------------------------------------
| rollout/                |             |
|    ep_len_mean          | 12.3        |
|    ep_rew_mean          | 1.3         |
| time/                   |             |
|    eta_hours            | 4.69        |
|    fps                  | 9           |
|    iterations           | 286         |
|    sec_per_step         | 0.11        |
|    time_elapsed         | 15488       |
|    total_timesteps      | 179200      |
| train/                  |             |
|    approx_kl            | 0.014173684 |
|    clip_fraction        | 0.15        |
|    clip_range           | 0.2         |
|    entropy_loss         | -0.909      |
|    explained_variance   | 0.855       |
|    learning_rate        | 0.0001      |
|    loss                 | 0.0204      |
|    n_updates            | 3450        |
|    policy_gradient_loss | -0.0228     |
|    std                  | 0.397       |
|    value_loss           | 0.173       |
-----------------------------------------
[E2] ~4.6h remaining (153056 steps left @ 0.11s/step)
-----------------------------------------
| rollout/                |             |
|    ep_len_mean          | 12.3        |
|    ep_rew_mean          | 1.29        |
| time/                   |             |
|    eta_hours            | 4.59        |
|    fps                  | 9           |
|    iterations           | 287         |
|    sec_per_step         | 0.108       |
|    time_elapsed         | 15541       |
|    total_timesteps      | 179712      |
| train/                  |             |
|    approx_kl            | 0.015990257 |
|    clip_fraction        | 0.181       |
|    clip_range           | 0.2         |
|    entropy_loss         | -0.907      |
|    explained_variance   | 0.853       |
|    learning_rate        | 0.0001      |
|    loss                 | 0.0325      |
|    n_updates            | 3460        |
|    policy_gradient_loss | -0.0219     |
|    std                  | 0.397       |
|    value_loss           | 0.142       |
-----------------------------------------
[E2] ~4.6h remaining (152544 steps left @ 0.11s/step)
-----------------------------------------
| rollout/                |             |
|    ep_len_mean          | 12.4        |
|    ep_rew_mean          | 1.29        |
| time/                   |             |
|    eta_hours            | 4.59        |
|    fps                  | 9           |
|    iterations           | 288         |
|    sec_per_step         | 0.108       |
|    time_elapsed         | 15597       |
|    total_timesteps      | 180224      |
| train/                  |             |
|    approx_kl            | 0.016994476 |
|    clip_fraction        | 0.179       |
|    clip_range           | 0.2         |
|    entropy_loss         | -0.905      |
|    explained_variance   | 0.832       |
|    learning_rate        | 0.0001      |
|    loss                 | 0.0354      |
|    n_updates            | 3470        |
|    policy_gradient_loss | -0.0245     |
|    std                  | 0.396       |
|    value_loss           | 0.175       |
-----------------------------------------
[E2] ~4.8h remaining (152032 steps left @ 0.11s/step)
-----------------------------------------
| rollout/                |             |
|    ep_len_mean          | 11.8        |
|    ep_rew_mean          | 1.3         |
| time/                   |             |
|    eta_hours            | 4.75        |
|    fps                  | 9           |
|    iterations           | 289         |
|    sec_per_step         | 0.113       |
|    time_elapsed         | 15660       |
|    total_timesteps      | 180736      |
| train/                  |             |
|    approx_kl            | 0.013655324 |
|    clip_fraction        | 0.141       |
|    clip_range           | 0.2         |
|    entropy_loss         | -0.9        |
|    explained_variance   | 0.825       |
|    learning_rate        | 0.0001      |
|    loss                 | 0.0761      |
|    n_updates            | 3480        |
|    policy_gradient_loss | -0.0245     |
|    std                  | 0.394       |
|    value_loss           | 0.188       |
-----------------------------------------
[E2] ~4.5h remaining (151520 steps left @ 0.11s/step)
-----------------------------------------
| rollout/                |             |
|    ep_len_mean          | 11.9        |
|    ep_rew_mean          | 1.32        |
| time/                   |             |
|    eta_hours            | 4.48        |
|    fps                  | 9           |
|    iterations           | 290         |
|    sec_per_step         | 0.106       |
|    time_elapsed         | 15707       |
|    total_timesteps      | 181248      |
| train/                  |             |
|    approx_kl            | 0.016012982 |
|    clip_fraction        | 0.176       |
|    clip_range           | 0.2         |
|    entropy_loss         | -0.893      |
|    explained_variance   | 0.845       |
|    learning_rate        | 0.0001      |
|    loss                 | 0.0624      |
|    n_updates            | 3490        |
|    policy_gradient_loss | -0.0238     |
|    std                  | 0.393       |
|    value_loss           | 0.17        |
-----------------------------------------
[E2] ~4.5h remaining (151008 steps left @ 0.11s/step)
-----------------------------------------
| rollout/                |             |
|    ep_len_mean          | 12.3        |
|    ep_rew_mean          | 1.32        |
| time/                   |             |
|    eta_hours            | 4.46        |
|    fps                  | 9           |
|    iterations           | 291         |
|    sec_per_step         | 0.106       |
|    time_elapsed         | 15761       |
|    total_timesteps      | 181760      |
| train/                  |             |
|    approx_kl            | 0.011607135 |
|    clip_fraction        | 0.129       |
|    clip_range           | 0.2         |
|    entropy_loss         | -0.887      |
|    explained_variance   | 0.841       |
|    learning_rate        | 0.0001      |
|    loss                 | 0.00157     |
|    n_updates            | 3500        |
|    policy_gradient_loss | -0.0168     |
|    std                  | 0.392       |
|    value_loss           | 0.192       |
-----------------------------------------
[E2] ~4.6h remaining (150496 steps left @ 0.11s/step)
-----------------------------------------
| rollout/                |             |
|    ep_len_mean          | 12.7        |
|    ep_rew_mean          | 1.32        |
| time/                   |             |
|    eta_hours            | 4.56        |
|    fps                  | 9           |
|    iterations           | 292         |
|    sec_per_step         | 0.109       |
|    time_elapsed         | 15821       |
|    total_timesteps      | 182272      |
| train/                  |             |
|    approx_kl            | 0.013229718 |
|    clip_fraction        | 0.125       |
|    clip_range           | 0.2         |
|    entropy_loss         | -0.881      |
|    explained_variance   | 0.827       |
|    learning_rate        | 0.0001      |
|    loss                 | 0.047       |
|    n_updates            | 3510        |
|    policy_gradient_loss | -0.0227     |
|    std                  | 0.391       |
|    value_loss           | 0.164       |
-----------------------------------------
[E2 eval @ step 182769]  MAPE=9.63%  p90=17.42%  success(<5%)=20.0%  mean_scan_time=537.7s
[E2] ~5.4h remaining (149984 steps left @ 0.13s/step)
-----------------------------------------
| rollout/                |             |
|    ep_len_mean          | 12.4        |
|    ep_rew_mean          | 1.33        |
| time/                   |             |
|    eta_hours            | 5.38        |
|    fps                  | 9           |
|    iterations           | 293         |
|    sec_per_step         | 0.129       |
|    time_elapsed         | 15911       |
|    total_timesteps      | 182784      |
| train/                  |             |
|    approx_kl            | 0.015335579 |
|    clip_fraction        | 0.165       |
|    clip_range           | 0.2         |
|    entropy_loss         | -0.877      |
|    explained_variance   | 0.843       |
|    learning_rate        | 0.0001      |
|    loss                 | 0.0145      |
|    n_updates            | 3520        |
|    policy_gradient_loss | -0.0257     |
|    std                  | 0.39        |
|    value_loss           | 0.164       |
-----------------------------------------
[E2] ~5.0h remaining (149472 steps left @ 0.12s/step)
------------------------------------------
| rollout/                |              |
|    ep_len_mean          | 12.5         |
|    ep_rew_mean          | 1.3          |
| time/                   |              |
|    eta_hours            | 5.04         |
|    fps                  | 9            |
|    iterations           | 294          |
|    sec_per_step         | 0.122        |
|    time_elapsed         | 15964        |
|    total_timesteps      | 183296       |
| train/                  |              |
|    approx_kl            | 0.0150805125 |
|    clip_fraction        | 0.166        |
|    clip_range           | 0.2          |
|    entropy_loss         | -0.876       |
|    explained_variance   | 0.806        |
|    learning_rate        | 0.0001       |
|    loss                 | 0.0475       |
|    n_updates            | 3530         |
|    policy_gradient_loss | -0.0223      |
|    std                  | 0.39         |
|    value_loss           | 0.217        |
------------------------------------------
[E2] ~4.8h remaining (148960 steps left @ 0.12s/step)
-----------------------------------------
| rollout/                |             |
|    ep_len_mean          | 12.4        |
|    ep_rew_mean          | 1.27        |
| time/                   |             |
|    eta_hours            | 4.81        |
|    fps                  | 9           |
|    iterations           | 295         |
|    sec_per_step         | 0.116       |
|    time_elapsed         | 16017       |
|    total_timesteps      | 183808      |
| train/                  |             |
|    approx_kl            | 0.018911803 |
|    clip_fraction        | 0.193       |
|    clip_range           | 0.2         |
|    entropy_loss         | -0.872      |
|    explained_variance   | 0.814       |
|    learning_rate        | 0.0001      |
|    loss                 | 0.0218      |
|    n_updates            | 3540        |
|    policy_gradient_loss | -0.0246     |
|    std                  | 0.388       |
|    value_loss           | 0.199       |
-----------------------------------------
[E2] ~4.8h remaining (148448 steps left @ 0.12s/step)
-----------------------------------------
| rollout/                |             |
|    ep_len_mean          | 12.1        |
|    ep_rew_mean          | 1.29        |
| time/                   |             |
|    eta_hours            | 4.78        |
|    fps                  | 9           |
|    iterations           | 296         |
|    sec_per_step         | 0.116       |
|    time_elapsed         | 16076       |
|    total_timesteps      | 184320      |
| train/                  |             |
|    approx_kl            | 0.015251586 |
|    clip_fraction        | 0.155       |
|    clip_range           | 0.2         |
|    entropy_loss         | -0.868      |
|    explained_variance   | 0.824       |
|    learning_rate        | 0.0001      |
|    loss                 | 0.0365      |
|    n_updates            | 3550        |
|    policy_gradient_loss | -0.022      |
|    std                  | 0.388       |
|    value_loss           | 0.187       |
-----------------------------------------
[E2] ~4.6h remaining (147936 steps left @ 0.11s/step)
-----------------------------------------
| rollout/                |             |
|    ep_len_mean          | 11.9        |
|    ep_rew_mean          | 1.33        |
| time/                   |             |
|    eta_hours            | 4.58        |
|    fps                  | 9           |
|    iterations           | 297         |
|    sec_per_step         | 0.111       |
|    time_elapsed         | 16128       |
|    total_timesteps      | 184832      |
| train/                  |             |
|    approx_kl            | 0.019776873 |
|    clip_fraction        | 0.192       |
|    clip_range           | 0.2         |
|    entropy_loss         | -0.864      |
|    explained_variance   | 0.865       |
|    learning_rate        | 0.0001      |
|    loss                 | 0.0494      |
|    n_updates            | 3560        |
|    policy_gradient_loss | -0.0267     |
|    std                  | 0.387       |
|    value_loss           | 0.161       |
-----------------------------------------
[E2] ~4.5h remaining (147424 steps left @ 0.11s/step)
-----------------------------------------
| rollout/                |             |
|    ep_len_mean          | 11.9        |
|    ep_rew_mean          | 1.33        |
| time/                   |             |
|    eta_hours            | 4.53        |
|    fps                  | 9           |
|    iterations           | 298         |
|    sec_per_step         | 0.111       |
|    time_elapsed         | 16183       |
|    total_timesteps      | 185344      |
| train/                  |             |
|    approx_kl            | 0.016240047 |
|    clip_fraction        | 0.155       |
|    clip_range           | 0.2         |
|    entropy_loss         | -0.859      |
|    explained_variance   | 0.831       |
|    learning_rate        | 0.0001      |
|    loss                 | 0.0311      |
|    n_updates            | 3570        |
|    policy_gradient_loss | -0.0187     |
|    std                  | 0.386       |
|    value_loss           | 0.197       |
-----------------------------------------
[E2] ~4.5h remaining (146912 steps left @ 0.11s/step)
-----------------------------------------
| rollout/                |             |
|    ep_len_mean          | 12.1        |
|    ep_rew_mean          | 1.29        |
| time/                   |             |
|    eta_hours            | 4.54        |
|    fps                  | 9           |
|    iterations           | 299         |
|    sec_per_step         | 0.111       |
|    time_elapsed         | 16241       |
|    total_timesteps      | 185856      |
| train/                  |             |
|    approx_kl            | 0.019582143 |
|    clip_fraction        | 0.188       |
|    clip_range           | 0.2         |
|    entropy_loss         | -0.856      |
|    explained_variance   | 0.815       |
|    learning_rate        | 0.0001      |
|    loss                 | 0.11        |
|    n_updates            | 3580        |
|    policy_gradient_loss | -0.0281     |
|    std                  | 0.386       |
|    value_loss           | 0.218       |
-----------------------------------------
[E2] ~4.3h remaining (146400 steps left @ 0.11s/step)
----------------------------------------
| rollout/                |            |
|    ep_len_mean          | 12.4       |
|    ep_rew_mean          | 1.26       |
| time/                   |            |
|    eta_hours            | 4.32       |
|    fps                  | 9          |
|    iterations           | 300        |
|    sec_per_step         | 0.106      |
|    time_elapsed         | 16289      |
|    total_timesteps      | 186368     |
| train/                  |            |
|    approx_kl            | 0.01964267 |
|    clip_fraction        | 0.202      |
|    clip_range           | 0.2        |
|    entropy_loss         | -0.852     |
|    explained_variance   | 0.805      |
|    learning_rate        | 0.0001     |
|    loss                 | 0.0248     |
|    n_updates            | 3590       |
|    policy_gradient_loss | -0.0243    |
|    std                  | 0.385      |
|    value_loss           | 0.234      |
----------------------------------------
[E2] ~4.3h remaining (145888 steps left @ 0.11s/step)
-----------------------------------------
| rollout/                |             |
|    ep_len_mean          | 12.6        |
|    ep_rew_mean          | 1.27        |
| time/                   |             |
|    eta_hours            | 4.31        |
|    fps                  | 9           |
|    iterations           | 301         |
|    sec_per_step         | 0.106       |
|    time_elapsed         | 16344       |
|    total_timesteps      | 186880      |
| train/                  |             |
|    approx_kl            | 0.019143328 |
|    clip_fraction        | 0.198       |
|    clip_range           | 0.2         |
|    entropy_loss         | -0.85       |
|    explained_variance   | 0.804       |
|    learning_rate        | 0.0001      |
|    loss                 | 0.0724      |
|    n_updates            | 3600        |
|    policy_gradient_loss | -0.0304     |
|    std                  | 0.385       |
|    value_loss           | 0.19        |
-----------------------------------------
[E2] ~4.2h remaining (145376 steps left @ 0.10s/step)
-----------------------------------------
| rollout/                |             |
|    ep_len_mean          | 11.8        |
|    ep_rew_mean          | 1.28        |
| time/                   |             |
|    eta_hours            | 4.23        |
|    fps                  | 9           |
|    iterations           | 302         |
|    sec_per_step         | 0.105       |
|    time_elapsed         | 16396       |
|    total_timesteps      | 187392      |
| train/                  |             |
|    approx_kl            | 0.018251393 |
|    clip_fraction        | 0.122       |
|    clip_range           | 0.2         |
|    entropy_loss         | -0.847      |
|    explained_variance   | 0.719       |
|    learning_rate        | 0.0001      |
|    loss                 | 0.0851      |
|    n_updates            | 3610        |
|    policy_gradient_loss | -0.0172     |
|    std                  | 0.384       |
|    value_loss           | 0.302       |
-----------------------------------------
[E2] ~4.2h remaining (144864 steps left @ 0.10s/step)
----------------------------------------
| rollout/                |            |
|    ep_len_mean          | 11.7       |
|    ep_rew_mean          | 1.29       |
| time/                   |            |
|    eta_hours            | 4.22       |
|    fps                  | 9          |
|    iterations           | 303        |
|    sec_per_step         | 0.105      |
|    time_elapsed         | 16449      |
|    total_timesteps      | 187904     |
| train/                  |            |
|    approx_kl            | 0.02065886 |
|    clip_fraction        | 0.187      |
|    clip_range           | 0.2        |
|    entropy_loss         | -0.844     |
|    explained_variance   | 0.831      |
|    learning_rate        | 0.0001     |
|    loss                 | 0.0325     |
|    n_updates            | 3620       |
|    policy_gradient_loss | -0.0268    |
|    std                  | 0.384      |
|    value_loss           | 0.186      |
----------------------------------------
[E2] ~4.4h remaining (144352 steps left @ 0.11s/step)
-----------------------------------------
| rollout/                |             |
|    ep_len_mean          | 11.7        |
|    ep_rew_mean          | 1.29        |
| time/                   |             |
|    eta_hours            | 4.36        |
|    fps                  | 9           |
|    iterations           | 304         |
|    sec_per_step         | 0.109       |
|    time_elapsed         | 16510       |
|    total_timesteps      | 188416      |
| train/                  |             |
|    approx_kl            | 0.015090242 |
|    clip_fraction        | 0.159       |
|    clip_range           | 0.2         |
|    entropy_loss         | -0.842      |
|    explained_variance   | 0.853       |
|    learning_rate        | 0.0001      |
|    loss                 | 0.0414      |
|    n_updates            | 3630        |
|    policy_gradient_loss | -0.0233     |
|    std                  | 0.383       |
|    value_loss           | 0.156       |
-----------------------------------------
[E2] ~4.2h remaining (143840 steps left @ 0.10s/step)
-----------------------------------------
| rollout/                |             |
|    ep_len_mean          | 12          |
|    ep_rew_mean          | 1.32        |
| time/                   |             |
|    eta_hours            | 4.17        |
|    fps                  | 9           |
|    iterations           | 305         |
|    sec_per_step         | 0.104       |
|    time_elapsed         | 16558       |
|    total_timesteps      | 188928      |
| train/                  |             |
|    approx_kl            | 0.011367172 |
|    clip_fraction        | 0.145       |
|    clip_range           | 0.2         |
|    entropy_loss         | -0.838      |
|    explained_variance   | 0.84        |
|    learning_rate        | 0.0001      |
|    loss                 | 0.0497      |
|    n_updates            | 3640        |
|    policy_gradient_loss | -0.0185     |
|    std                  | 0.382       |
|    value_loss           | 0.186       |
-----------------------------------------
[E2] ~4.2h remaining (143328 steps left @ 0.11s/step)
----------------------------------------
| rollout/                |            |
|    ep_len_mean          | 12.2       |
|    ep_rew_mean          | 1.3        |
| time/                   |            |
|    eta_hours            | 4.24       |
|    fps                  | 9          |
|    iterations           | 306        |
|    sec_per_step         | 0.107      |
|    time_elapsed         | 16615      |
|    total_timesteps      | 189440     |
| train/                  |            |
|    approx_kl            | 0.02014447 |
|    clip_fraction        | 0.207      |
|    clip_range           | 0.2        |
|    entropy_loss         | -0.835     |
|    explained_variance   | 0.836      |
|    learning_rate        | 0.0001     |
|    loss                 | 0.0336     |
|    n_updates            | 3650       |
|    policy_gradient_loss | -0.0306    |
|    std                  | 0.382      |
|    value_loss           | 0.204      |
----------------------------------------
[E2] ~4.3h remaining (142816 steps left @ 0.11s/step)
-----------------------------------------
| rollout/                |             |
|    ep_len_mean          | 12          |
|    ep_rew_mean          | 1.31        |
| time/                   |             |
|    eta_hours            | 4.33        |
|    fps                  | 9           |
|    iterations           | 307         |
|    sec_per_step         | 0.109       |
|    time_elapsed         | 16674       |
|    total_timesteps      | 189952      |
| train/                  |             |
|    approx_kl            | 0.011231579 |
|    clip_fraction        | 0.131       |
|    clip_range           | 0.2         |
|    entropy_loss         | -0.834      |
|    explained_variance   | 0.822       |
|    learning_rate        | 0.0001      |
|    loss                 | 0.0648      |
|    n_updates            | 3660        |
|    policy_gradient_loss | -0.0224     |
|    std                  | 0.381       |
|    value_loss           | 0.192       |
-----------------------------------------
[E2] ~4.3h remaining (142304 steps left @ 0.11s/step)
-----------------------------------------
| rollout/                |             |
|    ep_len_mean          | 12.3        |
|    ep_rew_mean          | 1.33        |
| time/                   |             |
|    eta_hours            | 4.27        |
|    fps                  | 9           |
|    iterations           | 308         |
|    sec_per_step         | 0.108       |
|    time_elapsed         | 16728       |
|    total_timesteps      | 190464      |
| train/                  |             |
|    approx_kl            | 0.019463185 |
|    clip_fraction        | 0.169       |
|    clip_range           | 0.2         |
|    entropy_loss         | -0.827      |
|    explained_variance   | 0.846       |
|    learning_rate        | 0.0001      |
|    loss                 | 0.00219     |
|    n_updates            | 3670        |
|    policy_gradient_loss | -0.0236     |
|    std                  | 0.38        |
|    value_loss           | 0.181       |
-----------------------------------------
[E2] ~4.3h remaining (141792 steps left @ 0.11s/step)
-----------------------------------------
| rollout/                |             |
|    ep_len_mean          | 12.3        |
|    ep_rew_mean          | 1.32        |
| time/                   |             |
|    eta_hours            | 4.3         |
|    fps                  | 9           |
|    iterations           | 309         |
|    sec_per_step         | 0.109       |
|    time_elapsed         | 16785       |
|    total_timesteps      | 190976      |
| train/                  |             |
|    approx_kl            | 0.021277145 |
|    clip_fraction        | 0.173       |
|    clip_range           | 0.2         |
|    entropy_loss         | -0.822      |
|    explained_variance   | 0.841       |
|    learning_rate        | 0.0001      |
|    loss                 | 0.0217      |
|    n_updates            | 3680        |
|    policy_gradient_loss | -0.0205     |
|    std                  | 0.379       |
|    value_loss           | 0.183       |
-----------------------------------------
[E2] ~4.4h remaining (141280 steps left @ 0.11s/step)
----------------------------------------
| rollout/                |            |
|    ep_len_mean          | 12.6       |
|    ep_rew_mean          | 1.28       |
| time/                   |            |
|    eta_hours            | 4.35       |
|    fps                  | 9          |
|    iterations           | 310        |
|    sec_per_step         | 0.111      |
|    time_elapsed         | 16844      |
|    total_timesteps      | 191488     |
| train/                  |            |
|    approx_kl            | 0.01518161 |
|    clip_fraction        | 0.183      |
|    clip_range           | 0.2        |
|    entropy_loss         | -0.817     |
|    explained_variance   | 0.811      |
|    learning_rate        | 0.0001     |
|    loss                 | 0.00493    |
|    n_updates            | 3690       |
|    policy_gradient_loss | -0.0229    |
|    std                  | 0.378      |
|    value_loss           | 0.203      |
----------------------------------------
[E2] ~4.1h remaining (140768 steps left @ 0.11s/step)
-----------------------------------------
| rollout/                |             |
|    ep_len_mean          | 12.1        |
|    ep_rew_mean          | 1.3         |
| time/                   |             |
|    eta_hours            | 4.11        |
|    fps                  | 9           |
|    iterations           | 311         |
|    sec_per_step         | 0.105       |
|    time_elapsed         | 16891       |
|    total_timesteps      | 192000      |
| train/                  |             |
|    approx_kl            | 0.017620636 |
|    clip_fraction        | 0.174       |
|    clip_range           | 0.2         |
|    entropy_loss         | -0.814      |
|    explained_variance   | 0.788       |
|    learning_rate        | 0.0001      |
|    loss                 | 0.0224      |
|    n_updates            | 3700        |
|    policy_gradient_loss | -0.0244     |
|    std                  | 0.378       |
|    value_loss           | 0.242       |
-----------------------------------------
[E2] ~4.2h remaining (140256 steps left @ 0.11s/step)
----------------------------------------
| rollout/                |            |
|    ep_len_mean          | 12.1       |
|    ep_rew_mean          | 1.33       |
| time/                   |            |
|    eta_hours            | 4.16       |
|    fps                  | 9          |
|    iterations           | 312        |
|    sec_per_step         | 0.107      |
|    time_elapsed         | 16948      |
|    total_timesteps      | 192512     |
| train/                  |            |
|    approx_kl            | 0.02064773 |
|    clip_fraction        | 0.19       |
|    clip_range           | 0.2        |
|    entropy_loss         | -0.813     |
|    explained_variance   | 0.826      |
|    learning_rate        | 0.0001     |
|    loss                 | 0.0628     |
|    n_updates            | 3710       |
|    policy_gradient_loss | -0.0252    |
|    std                  | 0.378      |
|    value_loss           | 0.212      |
----------------------------------------
[E2 eval @ step 192769]  MAPE=3.97%  p90=5.41%  success(<5%)=85.0%  mean_scan_time=538.1s
[E2] ~4.7h remaining (139744 steps left @ 0.12s/step)
-----------------------------------------
| rollout/                |             |
|    ep_len_mean          | 11.9        |
|    ep_rew_mean          | 1.29        |
| time/                   |             |
|    eta_hours            | 4.72        |
|    fps                  | 9           |
|    iterations           | 313         |
|    sec_per_step         | 0.121       |
|    time_elapsed         | 17028       |
|    total_timesteps      | 193024      |
| train/                  |             |
|    approx_kl            | 0.012585474 |
|    clip_fraction        | 0.138       |
|    clip_range           | 0.2         |
|    entropy_loss         | -0.809      |
|    explained_variance   | 0.827       |
|    learning_rate        | 0.0001      |
|    loss                 | 0.0538      |
|    n_updates            | 3720        |
|    policy_gradient_loss | -0.0209     |
|    std                  | 0.376       |
|    value_loss           | 0.18        |
-----------------------------------------
[E2] ~4.7h remaining (139232 steps left @ 0.12s/step)
-----------------------------------------
| rollout/                |             |
|    ep_len_mean          | 12          |
|    ep_rew_mean          | 1.3         |
| time/                   |             |
|    eta_hours            | 4.66        |
|    fps                  | 9           |
|    iterations           | 314         |
|    sec_per_step         | 0.12        |
|    time_elapsed         | 17088       |
|    total_timesteps      | 193536      |
| train/                  |             |
|    approx_kl            | 0.018114641 |
|    clip_fraction        | 0.183       |
|    clip_range           | 0.2         |
|    entropy_loss         | -0.802      |
|    explained_variance   | 0.792       |
|    learning_rate        | 0.0001      |
|    loss                 | 0.0516      |
|    n_updates            | 3730        |
|    policy_gradient_loss | -0.0232     |
|    std                  | 0.376       |
|    value_loss           | 0.198       |
-----------------------------------------
[E2] ~4.3h remaining (138720 steps left @ 0.11s/step)
-----------------------------------------
| rollout/                |             |
|    ep_len_mean          | 12          |
|    ep_rew_mean          | 1.28        |
| time/                   |             |
|    eta_hours            | 4.33        |
|    fps                  | 9           |
|    iterations           | 315         |
|    sec_per_step         | 0.112       |
|    time_elapsed         | 17136       |
|    total_timesteps      | 194048      |
| train/                  |             |
|    approx_kl            | 0.017514098 |
|    clip_fraction        | 0.19        |
|    clip_range           | 0.2         |
|    entropy_loss         | -0.797      |
|    explained_variance   | 0.857       |
|    learning_rate        | 0.0001      |
|    loss                 | 0.0147      |
|    n_updates            | 3740        |
|    policy_gradient_loss | -0.0219     |
|    std                  | 0.375       |
|    value_loss           | 0.165       |
-----------------------------------------
[E2] ~4.3h remaining (138208 steps left @ 0.11s/step)
-----------------------------------------
| rollout/                |             |
|    ep_len_mean          | 12.2        |
|    ep_rew_mean          | 1.3         |
| time/                   |             |
|    eta_hours            | 4.31        |
|    fps                  | 9           |
|    iterations           | 316         |
|    sec_per_step         | 0.112       |
|    time_elapsed         | 17193       |
|    total_timesteps      | 194560      |
| train/                  |             |
|    approx_kl            | 0.016500784 |
|    clip_fraction        | 0.163       |
|    clip_range           | 0.2         |
|    entropy_loss         | -0.794      |
|    explained_variance   | 0.802       |
|    learning_rate        | 0.0001      |
|    loss                 | 0.0565      |
|    n_updates            | 3750        |
|    policy_gradient_loss | -0.0189     |
|    std                  | 0.375       |
|    value_loss           | 0.189       |
-----------------------------------------
[E2] ~4.2h remaining (137696 steps left @ 0.11s/step)
-----------------------------------------
| rollout/                |             |
|    ep_len_mean          | 12.4        |
|    ep_rew_mean          | 1.31        |
| time/                   |             |
|    eta_hours            | 4.19        |
|    fps                  | 9           |
|    iterations           | 317         |
|    sec_per_step         | 0.11        |
|    time_elapsed         | 17246       |
|    total_timesteps      | 195072      |
| train/                  |             |
|    approx_kl            | 0.015610055 |
|    clip_fraction        | 0.131       |
|    clip_range           | 0.2         |
|    entropy_loss         | -0.789      |
|    explained_variance   | 0.825       |
|    learning_rate        | 0.0001      |
|    loss                 | 0.0653      |
|    n_updates            | 3760        |
|    policy_gradient_loss | -0.0202     |
|    std                  | 0.373       |
|    value_loss           | 0.184       |
-----------------------------------------
[E2] ~4.2h remaining (137184 steps left @ 0.11s/step)
-----------------------------------------
| rollout/                |             |
|    ep_len_mean          | 12.4        |
|    ep_rew_mean          | 1.3         |
| time/                   |             |
|    eta_hours            | 4.18        |
|    fps                  | 9           |
|    iterations           | 318         |
|    sec_per_step         | 0.11        |
|    time_elapsed         | 17303       |
|    total_timesteps      | 195584      |
| train/                  |             |
|    approx_kl            | 0.016406398 |
|    clip_fraction        | 0.135       |
|    clip_range           | 0.2         |
|    entropy_loss         | -0.781      |
|    explained_variance   | 0.877       |
|    learning_rate        | 0.0001      |
|    loss                 | 0.0221      |
|    n_updates            | 3770        |
|    policy_gradient_loss | -0.0235     |
|    std                  | 0.373       |
|    value_loss           | 0.141       |
-----------------------------------------
[E2] ~4.2h remaining (136672 steps left @ 0.11s/step)
-----------------------------------------
| rollout/                |             |
|    ep_len_mean          | 12.3        |
|    ep_rew_mean          | 1.28        |
| time/                   |             |
|    eta_hours            | 4.17        |
|    fps                  | 9           |
|    iterations           | 319         |
|    sec_per_step         | 0.11        |
|    time_elapsed         | 17359       |
|    total_timesteps      | 196096      |
| train/                  |             |
|    approx_kl            | 0.014190602 |
|    clip_fraction        | 0.152       |
|    clip_range           | 0.2         |
|    entropy_loss         | -0.777      |
|    explained_variance   | 0.822       |
|    learning_rate        | 0.0001      |
|    loss                 | 0.1         |
|    n_updates            | 3780        |
|    policy_gradient_loss | -0.0237     |
|    std                  | 0.372       |
|    value_loss           | 0.2         |
-----------------------------------------
[E2] ~4.0h remaining (136160 steps left @ 0.11s/step)
-----------------------------------------
| rollout/                |             |
|    ep_len_mean          | 12.2        |
|    ep_rew_mean          | 1.27        |
| time/                   |             |
|    eta_hours            | 4.02        |
|    fps                  | 9           |
|    iterations           | 320         |
|    sec_per_step         | 0.106       |
|    time_elapsed         | 17409       |
|    total_timesteps      | 196608      |
| train/                  |             |
|    approx_kl            | 0.012112265 |
|    clip_fraction        | 0.161       |
|    clip_range           | 0.2         |
|    entropy_loss         | -0.772      |
|    explained_variance   | 0.825       |
|    learning_rate        | 0.0001      |
|    loss                 | 0.0448      |
|    n_updates            | 3790        |
|    policy_gradient_loss | -0.0246     |
|    std                  | 0.371       |
|    value_loss           | 0.193       |
-----------------------------------------
[E2] ~3.8h remaining (135648 steps left @ 0.10s/step)
-----------------------------------------
| rollout/                |             |
|    ep_len_mean          | 12.2        |
|    ep_rew_mean          | 1.27        |
| time/                   |             |
|    eta_hours            | 3.82        |
|    fps                  | 9           |
|    iterations           | 321         |
|    sec_per_step         | 0.101       |
|    time_elapsed         | 17455       |
|    total_timesteps      | 197120      |
| train/                  |             |
|    approx_kl            | 0.015064701 |
|    clip_fraction        | 0.162       |
|    clip_range           | 0.2         |
|    entropy_loss         | -0.771      |
|    explained_variance   | 0.829       |
|    learning_rate        | 0.0001      |
|    loss                 | 0.0521      |
|    n_updates            | 3800        |
|    policy_gradient_loss | -0.021      |
|    std                  | 0.371       |
|    value_loss           | 0.168       |
-----------------------------------------
[E2] ~3.8h remaining (135136 steps left @ 0.10s/step)
----------------------------------------
| rollout/                |            |
|    ep_len_mean          | 11.8       |
|    ep_rew_mean          | 1.3        |
| time/                   |            |
|    eta_hours            | 3.8        |
|    fps                  | 9          |
|    iterations           | 322        |
|    sec_per_step         | 0.101      |
|    time_elapsed         | 17507      |
|    total_timesteps      | 197632     |
| train/                  |            |
|    approx_kl            | 0.01882056 |
|    clip_fraction        | 0.129      |
|    clip_range           | 0.2        |
|    entropy_loss         | -0.768     |
|    explained_variance   | 0.841      |
|    learning_rate        | 0.0001     |
|    loss                 | 0.0409     |
|    n_updates            | 3810       |
|    policy_gradient_loss | -0.0213    |
|    std                  | 0.371      |
|    value_loss           | 0.164      |
----------------------------------------
[E2] ~3.8h remaining (134624 steps left @ 0.10s/step)
-----------------------------------------
| rollout/                |             |
|    ep_len_mean          | 11.9        |
|    ep_rew_mean          | 1.32        |
| time/                   |             |
|    eta_hours            | 3.82        |
|    fps                  | 9           |
|    iterations           | 323         |
|    sec_per_step         | 0.102       |
|    time_elapsed         | 17560       |
|    total_timesteps      | 198144      |
| train/                  |             |
|    approx_kl            | 0.028050855 |
|    clip_fraction        | 0.222       |
|    clip_range           | 0.2         |
|    entropy_loss         | -0.768      |
|    explained_variance   | 0.87        |
|    learning_rate        | 0.0001      |
|    loss                 | -0.000755   |
|    n_updates            | 3820        |
|    policy_gradient_loss | -0.0285     |
|    std                  | 0.371       |
|    value_loss           | 0.144       |
-----------------------------------------
[E2] ~4.0h remaining (134112 steps left @ 0.11s/step)
-----------------------------------------
| rollout/                |             |
|    ep_len_mean          | 12.4        |
|    ep_rew_mean          | 1.33        |
| time/                   |             |
|    eta_hours            | 3.96        |
|    fps                  | 9           |
|    iterations           | 324         |
|    sec_per_step         | 0.106       |
|    time_elapsed         | 17619       |
|    total_timesteps      | 198656      |
| train/                  |             |
|    approx_kl            | 0.015843928 |
|    clip_fraction        | 0.181       |
|    clip_range           | 0.2         |
|    entropy_loss         | -0.766      |
|    explained_variance   | 0.797       |
|    learning_rate        | 0.0001      |
|    loss                 | 0.0348      |
|    n_updates            | 3830        |
|    policy_gradient_loss | -0.0209     |
|    std                  | 0.37        |
|    value_loss           | 0.21        |
-----------------------------------------
[E2] ~3.9h remaining (133600 steps left @ 0.11s/step)
-----------------------------------------
| rollout/                |             |
|    ep_len_mean          | 12.8        |
|    ep_rew_mean          | 1.31        |
| time/                   |             |
|    eta_hours            | 3.91        |
|    fps                  | 9           |
|    iterations           | 325         |
|    sec_per_step         | 0.105       |
|    time_elapsed         | 17673       |
|    total_timesteps      | 199168      |
| train/                  |             |
|    approx_kl            | 0.020894544 |
|    clip_fraction        | 0.193       |
|    clip_range           | 0.2         |
|    entropy_loss         | -0.76       |
|    explained_variance   | 0.837       |
|    learning_rate        | 0.0001      |
|    loss                 | 0.0364      |
|    n_updates            | 3840        |
|    policy_gradient_loss | -0.0273     |
|    std                  | 0.369       |
|    value_loss           | 0.183       |
-----------------------------------------
[E2] ~3.9h remaining (133088 steps left @ 0.11s/step)
-----------------------------------------
| rollout/                |             |
|    ep_len_mean          | 12.4        |
|    ep_rew_mean          | 1.32        |
| time/                   |             |
|    eta_hours            | 3.91        |
|    fps                  | 9           |
|    iterations           | 326         |
|    sec_per_step         | 0.106       |
|    time_elapsed         | 17727       |
|    total_timesteps      | 199680      |
| train/                  |             |
|    approx_kl            | 0.014250981 |
|    clip_fraction        | 0.172       |
|    clip_range           | 0.2         |
|    entropy_loss         | -0.758      |
|    explained_variance   | 0.848       |
|    learning_rate        | 0.0001      |
|    loss                 | 0.031       |
|    n_updates            | 3850        |
|    policy_gradient_loss | -0.0217     |
|    std                  | 0.369       |
|    value_loss           | 0.176       |
-----------------------------------------
[E2] ~3.8h remaining (132576 steps left @ 0.10s/step)
-----------------------------------------
| rollout/                |             |
|    ep_len_mean          | 12.2        |
|    ep_rew_mean          | 1.29        |
| time/                   |             |
|    eta_hours            | 3.84        |
|    fps                  | 9           |
|    iterations           | 327         |
|    sec_per_step         | 0.104       |
|    time_elapsed         | 17779       |
|    total_timesteps      | 200192      |
| train/                  |             |
|    approx_kl            | 0.020322649 |
|    clip_fraction        | 0.192       |
|    clip_range           | 0.2         |
|    entropy_loss         | -0.757      |
|    explained_variance   | 0.876       |
|    learning_rate        | 0.0001      |
|    loss                 | 0.0153      |
|    n_updates            | 3860        |
|    policy_gradient_loss | -0.0212     |
|    std                  | 0.369       |
|    value_loss           | 0.142       |
-----------------------------------------
[E2] ~3.9h remaining (132064 steps left @ 0.11s/step)
----------------------------------------
| rollout/                |            |
|    ep_len_mean          | 12.9       |
|    ep_rew_mean          | 1.29       |
| time/                   |            |
|    eta_hours            | 3.86       |
|    fps                  | 9          |
|    iterations           | 328        |
|    sec_per_step         | 0.105      |
|    time_elapsed         | 17834      |
|    total_timesteps      | 200704     |
| train/                  |            |
|    approx_kl            | 0.01637611 |
|    clip_fraction        | 0.181      |
|    clip_range           | 0.2        |
|    entropy_loss         | -0.756     |
|    explained_variance   | 0.818      |
|    learning_rate        | 0.0001     |
|    loss                 | 0.0418     |
|    n_updates            | 3870       |
|    policy_gradient_loss | -0.023     |
|    std                  | 0.369      |
|    value_loss           | 0.206      |
----------------------------------------
[E2] ~4.0h remaining (131552 steps left @ 0.11s/step)
-----------------------------------------
| rollout/                |             |
|    ep_len_mean          | 13.2        |
|    ep_rew_mean          | 1.31        |
| time/                   |             |
|    eta_hours            | 4           |
|    fps                  | 9           |
|    iterations           | 329         |
|    sec_per_step         | 0.11        |
|    time_elapsed         | 17895       |
|    total_timesteps      | 201216      |
| train/                  |             |
|    approx_kl            | 0.022105576 |
|    clip_fraction        | 0.206       |
|    clip_range           | 0.2         |
|    entropy_loss         | -0.758      |
|    explained_variance   | 0.818       |
|    learning_rate        | 0.0001      |
|    loss                 | 0.031       |
|    n_updates            | 3880        |
|    policy_gradient_loss | -0.0278     |
|    std                  | 0.369       |
|    value_loss           | 0.186       |
-----------------------------------------
[E2] ~3.9h remaining (131040 steps left @ 0.11s/step)
-----------------------------------------
| rollout/                |             |
|    ep_len_mean          | 12.8        |
|    ep_rew_mean          | 1.32        |
| time/                   |             |
|    eta_hours            | 3.89        |
|    fps                  | 9           |
|    iterations           | 330         |
|    sec_per_step         | 0.107       |
|    time_elapsed         | 17947       |
|    total_timesteps      | 201728      |
| train/                  |             |
|    approx_kl            | 0.019169567 |
|    clip_fraction        | 0.21        |
|    clip_range           | 0.2         |
|    entropy_loss         | -0.758      |
|    explained_variance   | 0.82        |
|    learning_rate        | 0.0001      |
|    loss                 | 0.0289      |
|    n_updates            | 3890        |
|    policy_gradient_loss | -0.0268     |
|    std                  | 0.369       |
|    value_loss           | 0.193       |
-----------------------------------------
[E2] ~3.9h remaining (130528 steps left @ 0.11s/step)
----------------------------------------
| rollout/                |            |
|    ep_len_mean          | 12.4       |
|    ep_rew_mean          | 1.31       |
| time/                   |            |
|    eta_hours            | 3.92       |
|    fps                  | 9          |
|    iterations           | 331        |
|    sec_per_step         | 0.108      |
|    time_elapsed         | 18003      |
|    total_timesteps      | 202240     |
| train/                  |            |
|    approx_kl            | 0.02080104 |
|    clip_fraction        | 0.204      |
|    clip_range           | 0.2        |
|    entropy_loss         | -0.754     |
|    explained_variance   | 0.846      |
|    learning_rate        | 0.0001     |
|    loss                 | 0.0479     |
|    n_updates            | 3900       |
|    policy_gradient_loss | -0.0226    |
|    std                  | 0.368      |
|    value_loss           | 0.189      |
----------------------------------------
[E2] ~3.9h remaining (130016 steps left @ 0.11s/step)
-----------------------------------------
| rollout/                |             |
|    ep_len_mean          | 12.3        |
|    ep_rew_mean          | 1.3         |
| time/                   |             |
|    eta_hours            | 3.9         |
|    fps                  | 9           |
|    iterations           | 332         |
|    sec_per_step         | 0.108       |
|    time_elapsed         | 18058       |
|    total_timesteps      | 202752      |
| train/                  |             |
|    approx_kl            | 0.019622914 |
|    clip_fraction        | 0.207       |
|    clip_range           | 0.2         |
|    entropy_loss         | -0.751      |
|    explained_variance   | 0.846       |
|    learning_rate        | 0.0001      |
|    loss                 | -0.000448   |
|    n_updates            | 3910        |
|    policy_gradient_loss | -0.0285     |
|    std                  | 0.368       |
|    value_loss           | 0.151       |
-----------------------------------------
[E2 eval @ step 202769]  MAPE=9.45%  p90=18.46%  success(<5%)=45.0%  mean_scan_time=523.4s
[E2] ~4.5h remaining (129504 steps left @ 0.12s/step)
-----------------------------------------
| rollout/                |             |
|    ep_len_mean          | 12.1        |
|    ep_rew_mean          | 1.29        |
| time/                   |             |
|    eta_hours            | 4.48        |
|    fps                  | 9           |
|    iterations           | 333         |
|    sec_per_step         | 0.124       |
|    time_elapsed         | 18142       |
|    total_timesteps      | 203264      |
| train/                  |             |
|    approx_kl            | 0.021992764 |
|    clip_fraction        | 0.206       |
|    clip_range           | 0.2         |
|    entropy_loss         | -0.751      |
|    explained_variance   | 0.84        |
|    learning_rate        | 0.0001      |
|    loss                 | -0.00539    |
|    n_updates            | 3920        |
|    policy_gradient_loss | -0.0314     |
|    std                  | 0.368       |
|    value_loss           | 0.165       |
-----------------------------------------
[E2] ~4.5h remaining (128992 steps left @ 0.12s/step)
-----------------------------------------
| rollout/                |             |
|    ep_len_mean          | 12.1        |
|    ep_rew_mean          | 1.3         |
| time/                   |             |
|    eta_hours            | 4.46        |
|    fps                  | 9           |
|    iterations           | 334         |
|    sec_per_step         | 0.125       |
|    time_elapsed         | 18206       |
|    total_timesteps      | 203776      |
| train/                  |             |
|    approx_kl            | 0.018331286 |
|    clip_fraction        | 0.168       |
|    clip_range           | 0.2         |
|    entropy_loss         | -0.747      |
|    explained_variance   | 0.874       |
|    learning_rate        | 0.0001      |
|    loss                 | 0.0655      |
|    n_updates            | 3930        |
|    policy_gradient_loss | -0.0222     |
|    std                  | 0.367       |
|    value_loss           | 0.144       |
-----------------------------------------
[E2] ~4.1h remaining (128480 steps left @ 0.12s/step)
-----------------------------------------
| rollout/                |             |
|    ep_len_mean          | 12.2        |
|    ep_rew_mean          | 1.34        |
| time/                   |             |
|    eta_hours            | 4.14        |
|    fps                  | 9           |
|    iterations           | 335         |
|    sec_per_step         | 0.116       |
|    time_elapsed         | 18255       |
|    total_timesteps      | 204288      |
| train/                  |             |
|    approx_kl            | 0.017731914 |
|    clip_fraction        | 0.175       |
|    clip_range           | 0.2         |
|    entropy_loss         | -0.74       |
|    explained_variance   | 0.825       |
|    learning_rate        | 0.0001      |
|    loss                 | 0.0807      |
|    n_updates            | 3940        |
|    policy_gradient_loss | -0.0268     |
|    std                  | 0.366       |
|    value_loss           | 0.223       |
-----------------------------------------
[E2] ~4.0h remaining (127968 steps left @ 0.11s/step)
-----------------------------------------
| rollout/                |             |
|    ep_len_mean          | 12.2        |
|    ep_rew_mean          | 1.31        |
| time/                   |             |
|    eta_hours            | 4.05        |
|    fps                  | 9           |
|    iterations           | 336         |
|    sec_per_step         | 0.114       |
|    time_elapsed         | 18311       |
|    total_timesteps      | 204800      |
| train/                  |             |
|    approx_kl            | 0.018380987 |
|    clip_fraction        | 0.166       |
|    clip_range           | 0.2         |
|    entropy_loss         | -0.732      |
|    explained_variance   | 0.83        |
|    learning_rate        | 0.0001      |
|    loss                 | 0.0661      |
|    n_updates            | 3950        |
|    policy_gradient_loss | -0.027      |
|    std                  | 0.364       |
|    value_loss           | 0.188       |
-----------------------------------------
[E2] ~3.9h remaining (127456 steps left @ 0.11s/step)
-----------------------------------------
| rollout/                |             |
|    ep_len_mean          | 12.1        |
|    ep_rew_mean          | 1.3         |
| time/                   |             |
|    eta_hours            | 3.94        |
|    fps                  | 9           |
|    iterations           | 337         |
|    sec_per_step         | 0.111       |
|    time_elapsed         | 18364       |
|    total_timesteps      | 205312      |
| train/                  |             |
|    approx_kl            | 0.016518462 |
|    clip_fraction        | 0.175       |
|    clip_range           | 0.2         |
|    entropy_loss         | -0.727      |
|    explained_variance   | 0.863       |
|    learning_rate        | 0.0001      |
|    loss                 | 0.0194      |
|    n_updates            | 3960        |
|    policy_gradient_loss | -0.0209     |
|    std                  | 0.364       |
|    value_loss           | 0.155       |
-----------------------------------------
[E2] ~3.8h remaining (126944 steps left @ 0.11s/step)
----------------------------------------
| rollout/                |            |
|    ep_len_mean          | 12         |
|    ep_rew_mean          | 1.31       |
| time/                   |            |
|    eta_hours            | 3.83       |
|    fps                  | 9          |
|    iterations           | 338        |
|    sec_per_step         | 0.109      |
|    time_elapsed         | 18417      |
|    total_timesteps      | 205824     |
| train/                  |            |
|    approx_kl            | 0.01897585 |
|    clip_fraction        | 0.191      |
|    clip_range           | 0.2        |
|    entropy_loss         | -0.725     |
|    explained_variance   | 0.856      |
|    learning_rate        | 0.0001     |
|    loss                 | 0.00481    |
|    n_updates            | 3970       |
|    policy_gradient_loss | -0.0215    |
|    std                  | 0.363      |
|    value_loss           | 0.154      |
----------------------------------------
[E2] ~3.8h remaining (126432 steps left @ 0.11s/step)
-----------------------------------------
| rollout/                |             |
|    ep_len_mean          | 11.5        |
|    ep_rew_mean          | 1.32        |
| time/                   |             |
|    eta_hours            | 3.78        |
|    fps                  | 9           |
|    iterations           | 339         |
|    sec_per_step         | 0.108       |
|    time_elapsed         | 18471       |
|    total_timesteps      | 206336      |
| train/                  |             |
|    approx_kl            | 0.021254864 |
|    clip_fraction        | 0.209       |
|    clip_range           | 0.2         |
|    entropy_loss         | -0.722      |
|    explained_variance   | 0.837       |
|    learning_rate        | 0.0001      |
|    loss                 | 0.0192      |
|    n_updates            | 3980        |
|    policy_gradient_loss | -0.0308     |
|    std                  | 0.362       |
|    value_loss           | 0.169       |
-----------------------------------------
[E2] ~3.7h remaining (125920 steps left @ 0.11s/step)
-----------------------------------------
| rollout/                |             |
|    ep_len_mean          | 11.2        |
|    ep_rew_mean          | 1.32        |
| time/                   |             |
|    eta_hours            | 3.68        |
|    fps                  | 9           |
|    iterations           | 340         |
|    sec_per_step         | 0.105       |
|    time_elapsed         | 18522       |
|    total_timesteps      | 206848      |
| train/                  |             |
|    approx_kl            | 0.022282593 |
|    clip_fraction        | 0.232       |
|    clip_range           | 0.2         |
|    entropy_loss         | -0.717      |
|    explained_variance   | 0.827       |
|    learning_rate        | 0.0001      |
|    loss                 | 0.031       |
|    n_updates            | 3990        |
|    policy_gradient_loss | -0.0292     |
|    std                  | 0.361       |
|    value_loss           | 0.209       |
-----------------------------------------
[E2] ~3.6h remaining (125408 steps left @ 0.10s/step)
-----------------------------------------
| rollout/                |             |
|    ep_len_mean          | 11.5        |
|    ep_rew_mean          | 1.32        |
| time/                   |             |
|    eta_hours            | 3.64        |
|    fps                  | 9           |
|    iterations           | 341         |
|    sec_per_step         | 0.105       |
|    time_elapsed         | 18575       |
|    total_timesteps      | 207360      |
| train/                  |             |
|    approx_kl            | 0.016844548 |
|    clip_fraction        | 0.153       |
|    clip_range           | 0.2         |
|    entropy_loss         | -0.709      |
|    explained_variance   | 0.868       |
|    learning_rate        | 0.0001      |
|    loss                 | 0.00888     |
|    n_updates            | 4000        |
|    policy_gradient_loss | -0.0227     |
|    std                  | 0.359       |
|    value_loss           | 0.154       |
-----------------------------------------
[E2] ~3.6h remaining (124896 steps left @ 0.10s/step)
-----------------------------------------
| rollout/                |             |
|    ep_len_mean          | 11.9        |
|    ep_rew_mean          | 1.32        |
| time/                   |             |
|    eta_hours            | 3.57        |
|    fps                  | 9           |
|    iterations           | 342         |
|    sec_per_step         | 0.103       |
|    time_elapsed         | 18625       |
|    total_timesteps      | 207872      |
| train/                  |             |
|    approx_kl            | 0.013399482 |
|    clip_fraction        | 0.153       |
|    clip_range           | 0.2         |
|    entropy_loss         | -0.703      |
|    explained_variance   | 0.845       |
|    learning_rate        | 0.0001      |
|    loss                 | 0.0233      |
|    n_updates            | 4010        |
|    policy_gradient_loss | -0.025      |
|    std                  | 0.359       |
|    value_loss           | 0.179       |
-----------------------------------------
[E2] ~3.6h remaining (124384 steps left @ 0.10s/step)
-----------------------------------------
| rollout/                |             |
|    ep_len_mean          | 11.7        |
|    ep_rew_mean          | 1.36        |
| time/                   |             |
|    eta_hours            | 3.59        |
|    fps                  | 9           |
|    iterations           | 343         |
|    sec_per_step         | 0.104       |
|    time_elapsed         | 18680       |
|    total_timesteps      | 208384      |
| train/                  |             |
|    approx_kl            | 0.018503178 |
|    clip_fraction        | 0.188       |
|    clip_range           | 0.2         |
|    entropy_loss         | -0.7        |
|    explained_variance   | 0.787       |
|    learning_rate        | 0.0001      |
|    loss                 | 0.0646      |
|    n_updates            | 4020        |
|    policy_gradient_loss | -0.0262     |
|    std                  | 0.358       |
|    value_loss           | 0.231       |
-----------------------------------------
[E2] ~3.6h remaining (123872 steps left @ 0.10s/step)
----------------------------------------
| rollout/                |            |
|    ep_len_mean          | 12.1       |
|    ep_rew_mean          | 1.32       |
| time/                   |            |
|    eta_hours            | 3.59       |
|    fps                  | 9          |
|    iterations           | 344        |
|    sec_per_step         | 0.104      |
|    time_elapsed         | 18734      |
|    total_timesteps      | 208896     |
| train/                  |            |
|    approx_kl            | 0.01634098 |
|    clip_fraction        | 0.186      |
|    clip_range           | 0.2        |
|    entropy_loss         | -0.698     |
|    explained_variance   | 0.812      |
|    learning_rate        | 0.0001     |
|    loss                 | 0.0773     |
|    n_updates            | 4030       |
|    policy_gradient_loss | -0.0243    |
|    std                  | 0.358      |
|    value_loss           | 0.211      |
----------------------------------------
[E2] ~3.6h remaining (123360 steps left @ 0.11s/step)
----------------------------------------
| rollout/                |            |
|    ep_len_mean          | 12.2       |
|    ep_rew_mean          | 1.31       |
| time/                   |            |
|    eta_hours            | 3.63       |
|    fps                  | 9          |
|    iterations           | 345        |
|    sec_per_step         | 0.106      |
|    time_elapsed         | 18790      |
|    total_timesteps      | 209408     |
| train/                  |            |
|    approx_kl            | 0.01634616 |
|    clip_fraction        | 0.158      |
|    clip_range           | 0.2        |
|    entropy_loss         | -0.699     |
|    explained_variance   | 0.825      |
|    learning_rate        | 0.0001     |
|    loss                 | -0.014     |
|    n_updates            | 4040       |
|    policy_gradient_loss | -0.0263    |
|    std                  | 0.359      |
|    value_loss           | 0.178      |
----------------------------------------
[E2] ~3.7h remaining (122848 steps left @ 0.11s/step)
-----------------------------------------
| rollout/                |             |
|    ep_len_mean          | 12.5        |
|    ep_rew_mean          | 1.29        |
| time/                   |             |
|    eta_hours            | 3.7         |
|    fps                  | 9           |
|    iterations           | 346         |
|    sec_per_step         | 0.108       |
|    time_elapsed         | 18848       |
|    total_timesteps      | 209920      |
| train/                  |             |
|    approx_kl            | 0.015493957 |
|    clip_fraction        | 0.19        |
|    clip_range           | 0.2         |
|    entropy_loss         | -0.701      |
|    explained_variance   | 0.822       |
|    learning_rate        | 0.0001      |
|    loss                 | 0.0367      |
|    n_updates            | 4050        |
|    policy_gradient_loss | -0.0253     |
|    std                  | 0.359       |
|    value_loss           | 0.204       |
-----------------------------------------
[E2] ~3.6h remaining (122336 steps left @ 0.11s/step)
-----------------------------------------
| rollout/                |             |
|    ep_len_mean          | 12.4        |
|    ep_rew_mean          | 1.27        |
| time/                   |             |
|    eta_hours            | 3.63        |
|    fps                  | 9           |
|    iterations           | 347         |
|    sec_per_step         | 0.107       |
|    time_elapsed         | 18901       |
|    total_timesteps      | 210432      |
| train/                  |             |
|    approx_kl            | 0.013033555 |
|    clip_fraction        | 0.125       |
|    clip_range           | 0.2         |
|    entropy_loss         | -0.698      |
|    explained_variance   | 0.858       |
|    learning_rate        | 0.0001      |
|    loss                 | 0.0409      |
|    n_updates            | 4060        |
|    policy_gradient_loss | -0.0243     |
|    std                  | 0.358       |
|    value_loss           | 0.148       |
-----------------------------------------
[E2] ~3.5h remaining (121824 steps left @ 0.10s/step)
-----------------------------------------
| rollout/                |             |
|    ep_len_mean          | 12.2        |
|    ep_rew_mean          | 1.28        |
| time/                   |             |
|    eta_hours            | 3.48        |
|    fps                  | 9           |
|    iterations           | 348         |
|    sec_per_step         | 0.103       |
|    time_elapsed         | 18949       |
|    total_timesteps      | 210944      |
| train/                  |             |
|    approx_kl            | 0.022835512 |
|    clip_fraction        | 0.2         |
|    clip_range           | 0.2         |
|    entropy_loss         | -0.698      |
|    explained_variance   | 0.846       |
|    learning_rate        | 0.0001      |
|    loss                 | 0.0557      |
|    n_updates            | 4070        |
|    policy_gradient_loss | -0.0263     |
|    std                  | 0.358       |
|    value_loss           | 0.176       |
-----------------------------------------
[E2] ~3.6h remaining (121312 steps left @ 0.11s/step)
-----------------------------------------
| rollout/                |             |
|    ep_len_mean          | 12.5        |
|    ep_rew_mean          | 1.3         |
| time/                   |             |
|    eta_hours            | 3.57        |
|    fps                  | 9           |
|    iterations           | 349         |
|    sec_per_step         | 0.106       |
|    time_elapsed         | 19007       |
|    total_timesteps      | 211456      |
| train/                  |             |
|    approx_kl            | 0.018926047 |
|    clip_fraction        | 0.182       |
|    clip_range           | 0.2         |
|    entropy_loss         | -0.698      |
|    explained_variance   | 0.872       |
|    learning_rate        | 0.0001      |
|    loss                 | 0.0821      |
|    n_updates            | 4080        |
|    policy_gradient_loss | -0.0231     |
|    std                  | 0.359       |
|    value_loss           | 0.143       |
-----------------------------------------
[E2] ~3.5h remaining (120800 steps left @ 0.10s/step)
-----------------------------------------
| rollout/                |             |
|    ep_len_mean          | 12.4        |
|    ep_rew_mean          | 1.31        |
| time/                   |             |
|    eta_hours            | 3.52        |
|    fps                  | 9           |
|    iterations           | 350         |
|    sec_per_step         | 0.105       |
|    time_elapsed         | 19059       |
|    total_timesteps      | 211968      |
| train/                  |             |
|    approx_kl            | 0.017107831 |
|    clip_fraction        | 0.177       |
|    clip_range           | 0.2         |
|    entropy_loss         | -0.696      |
|    explained_variance   | 0.863       |
|    learning_rate        | 0.0001      |
|    loss                 | 0.0512      |
|    n_updates            | 4090        |
|    policy_gradient_loss | -0.0224     |
|    std                  | 0.358       |
|    value_loss           | 0.157       |
-----------------------------------------
[E2] ~3.5h remaining (120288 steps left @ 0.10s/step)
-----------------------------------------
| rollout/                |             |
|    ep_len_mean          | 11.9        |
|    ep_rew_mean          | 1.31        |
| time/                   |             |
|    eta_hours            | 3.47        |
|    fps                  | 9           |
|    iterations           | 351         |
|    sec_per_step         | 0.104       |
|    time_elapsed         | 19111       |
|    total_timesteps      | 212480      |
| train/                  |             |
|    approx_kl            | 0.023151392 |
|    clip_fraction        | 0.194       |
|    clip_range           | 0.2         |
|    entropy_loss         | -0.692      |
|    explained_variance   | 0.844       |
|    learning_rate        | 0.0001      |
|    loss                 | 0.0591      |
|    n_updates            | 4100        |
|    policy_gradient_loss | -0.0263     |
|    std                  | 0.357       |
|    value_loss           | 0.177       |
-----------------------------------------
[E2 eval @ step 212769]  MAPE=5.13%  p90=9.01%  success(<5%)=60.0%  mean_scan_time=538.8s
[E2] ~4.0h remaining (119776 steps left @ 0.12s/step)
-----------------------------------------
| rollout/                |             |
|    ep_len_mean          | 12.1        |
|    ep_rew_mean          | 1.31        |
| time/                   |             |
|    eta_hours            | 3.96        |
|    fps                  | 9           |
|    iterations           | 352         |
|    sec_per_step         | 0.119       |
|    time_elapsed         | 19190       |
|    total_timesteps      | 212992      |
| train/                  |             |
|    approx_kl            | 0.015802003 |
|    clip_fraction        | 0.174       |
|    clip_range           | 0.2         |
|    entropy_loss         | -0.691      |
|    explained_variance   | 0.818       |
|    learning_rate        | 0.0001      |
|    loss                 | 0.0618      |
|    n_updates            | 4110        |
|    policy_gradient_loss | -0.0237     |
|    std                  | 0.357       |
|    value_loss           | 0.212       |
-----------------------------------------
[E2] ~3.7h remaining (119264 steps left @ 0.11s/step)
-----------------------------------------
| rollout/                |             |
|    ep_len_mean          | 12.2        |
|    ep_rew_mean          | 1.29        |
| time/                   |             |
|    eta_hours            | 3.71        |
|    fps                  | 9           |
|    iterations           | 353         |
|    sec_per_step         | 0.112       |
|    time_elapsed         | 19239       |
|    total_timesteps      | 213504      |
| train/                  |             |
|    approx_kl            | 0.013987508 |
|    clip_fraction        | 0.124       |
|    clip_range           | 0.2         |
|    entropy_loss         | -0.691      |
|    explained_variance   | 0.838       |
|    learning_rate        | 0.0001      |
|    loss                 | 0.0176      |
|    n_updates            | 4120        |
|    policy_gradient_loss | -0.0192     |
|    std                  | 0.358       |
|    value_loss           | 0.15        |
-----------------------------------------
[E2] ~3.6h remaining (118752 steps left @ 0.11s/step)
-----------------------------------------
| rollout/                |             |
|    ep_len_mean          | 12.1        |
|    ep_rew_mean          | 1.32        |
| time/                   |             |
|    eta_hours            | 3.64        |
|    fps                  | 9           |
|    iterations           | 354         |
|    sec_per_step         | 0.11        |
|    time_elapsed         | 19294       |
|    total_timesteps      | 214016      |
| train/                  |             |
|    approx_kl            | 0.012588056 |
|    clip_fraction        | 0.127       |
|    clip_range           | 0.2         |
|    entropy_loss         | -0.69       |
|    explained_variance   | 0.86        |
|    learning_rate        | 0.0001      |
|    loss                 | 0.0464      |
|    n_updates            | 4130        |
|    policy_gradient_loss | -0.018      |
|    std                  | 0.357       |
|    value_loss           | 0.147       |
-----------------------------------------
[E2] ~3.6h remaining (118240 steps left @ 0.11s/step)
-----------------------------------------
| rollout/                |             |
|    ep_len_mean          | 11.6        |
|    ep_rew_mean          | 1.36        |
| time/                   |             |
|    eta_hours            | 3.55        |
|    fps                  | 9           |
|    iterations           | 355         |
|    sec_per_step         | 0.108       |
|    time_elapsed         | 19347       |
|    total_timesteps      | 214528      |
| train/                  |             |
|    approx_kl            | 0.014659883 |
|    clip_fraction        | 0.203       |
|    clip_range           | 0.2         |
|    entropy_loss         | -0.683      |
|    explained_variance   | 0.835       |
|    learning_rate        | 0.0001      |
|    loss                 | 0.0203      |
|    n_updates            | 4140        |
|    policy_gradient_loss | -0.0294     |
|    std                  | 0.356       |
|    value_loss           | 0.175       |
-----------------------------------------
[E2] ~3.5h remaining (117728 steps left @ 0.11s/step)
-----------------------------------------
| rollout/                |             |
|    ep_len_mean          | 11.7        |
|    ep_rew_mean          | 1.36        |
| time/                   |             |
|    eta_hours            | 3.54        |
|    fps                  | 9           |
|    iterations           | 356         |
|    sec_per_step         | 0.108       |
|    time_elapsed         | 19402       |
|    total_timesteps      | 215040      |
| train/                  |             |
|    approx_kl            | 0.013397604 |
|    clip_fraction        | 0.11        |
|    clip_range           | 0.2         |
|    entropy_loss         | -0.677      |
|    explained_variance   | 0.868       |
|    learning_rate        | 0.0001      |
|    loss                 | 0.0709      |
|    n_updates            | 4150        |
|    policy_gradient_loss | -0.0195     |
|    std                  | 0.355       |
|    value_loss           | 0.166       |
-----------------------------------------
[E2] ~3.6h remaining (117216 steps left @ 0.11s/step)
-----------------------------------------
| rollout/                |             |
|    ep_len_mean          | 11.5        |
|    ep_rew_mean          | 1.34        |
| time/                   |             |
|    eta_hours            | 3.59        |
|    fps                  | 9           |
|    iterations           | 357         |
|    sec_per_step         | 0.11        |
|    time_elapsed         | 19461       |
|    total_timesteps      | 215552      |
| train/                  |             |
|    approx_kl            | 0.017112302 |
|    clip_fraction        | 0.14        |
|    clip_range           | 0.2         |
|    entropy_loss         | -0.671      |
|    explained_variance   | 0.862       |
|    learning_rate        | 0.0001      |
|    loss                 | 0.023       |
|    n_updates            | 4160        |
|    policy_gradient_loss | -0.0223     |
|    std                  | 0.354       |
|    value_loss           | 0.17        |
-----------------------------------------
[E2] ~3.6h remaining (116704 steps left @ 0.11s/step)
-----------------------------------------
| rollout/                |             |
|    ep_len_mean          | 11.6        |
|    ep_rew_mean          | 1.36        |
| time/                   |             |
|    eta_hours            | 3.58        |
|    fps                  | 9           |
|    iterations           | 358         |
|    sec_per_step         | 0.111       |
|    time_elapsed         | 19518       |
|    total_timesteps      | 216064      |
| train/                  |             |
|    approx_kl            | 0.020235293 |
|    clip_fraction        | 0.234       |
|    clip_range           | 0.2         |
|    entropy_loss         | -0.664      |
|    explained_variance   | 0.852       |
|    learning_rate        | 0.0001      |
|    loss                 | 0.0455      |
|    n_updates            | 4170        |
|    policy_gradient_loss | -0.0256     |
|    std                  | 0.353       |
|    value_loss           | 0.174       |
-----------------------------------------
[E2] ~3.5h remaining (116192 steps left @ 0.11s/step)
-----------------------------------------
| rollout/                |             |
|    ep_len_mean          | 11.9        |
|    ep_rew_mean          | 1.38        |
| time/                   |             |
|    eta_hours            | 3.49        |
|    fps                  | 9           |
|    iterations           | 359         |
|    sec_per_step         | 0.108       |
|    time_elapsed         | 19570       |
|    total_timesteps      | 216576      |
| train/                  |             |
|    approx_kl            | 0.018325286 |
|    clip_fraction        | 0.222       |
|    clip_range           | 0.2         |
|    entropy_loss         | -0.66       |
|    explained_variance   | 0.85        |
|    learning_rate        | 0.0001      |
|    loss                 | 0.0587      |
|    n_updates            | 4180        |
|    policy_gradient_loss | -0.0254     |
|    std                  | 0.353       |
|    value_loss           | 0.182       |
-----------------------------------------
[E2] ~3.5h remaining (115680 steps left @ 0.11s/step)
-----------------------------------------
| rollout/                |             |
|    ep_len_mean          | 12.3        |
|    ep_rew_mean          | 1.32        |
| time/                   |             |
|    eta_hours            | 3.48        |
|    fps                  | 9           |
|    iterations           | 360         |
|    sec_per_step         | 0.108       |
|    time_elapsed         | 19626       |
|    total_timesteps      | 217088      |
| train/                  |             |
|    approx_kl            | 0.015437321 |
|    clip_fraction        | 0.163       |
|    clip_range           | 0.2         |
|    entropy_loss         | -0.659      |
|    explained_variance   | 0.879       |
|    learning_rate        | 0.0001      |
|    loss                 | 0.0142      |
|    n_updates            | 4190        |
|    policy_gradient_loss | -0.0243     |
|    std                  | 0.352       |
|    value_loss           | 0.144       |
-----------------------------------------
[E2] ~3.6h remaining (115168 steps left @ 0.11s/step)
-----------------------------------------
| rollout/                |             |
|    ep_len_mean          | 12.6        |
|    ep_rew_mean          | 1.3         |
| time/                   |             |
|    eta_hours            | 3.59        |
|    fps                  | 9           |
|    iterations           | 361         |
|    sec_per_step         | 0.112       |
|    time_elapsed         | 19688       |
|    total_timesteps      | 217600      |
| train/                  |             |
|    approx_kl            | 0.015233494 |
|    clip_fraction        | 0.155       |
|    clip_range           | 0.2         |
|    entropy_loss         | -0.653      |
|    explained_variance   | 0.85        |
|    learning_rate        | 0.0001      |
|    loss                 | 0.042       |
|    n_updates            | 4200        |
|    policy_gradient_loss | -0.0201     |
|    std                  | 0.351       |
|    value_loss           | 0.162       |
-----------------------------------------
[E2] ~3.5h remaining (114656 steps left @ 0.11s/step)
-----------------------------------------
| rollout/                |             |
|    ep_len_mean          | 12.6        |
|    ep_rew_mean          | 1.31        |
| time/                   |             |
|    eta_hours            | 3.49        |
|    fps                  | 9           |
|    iterations           | 362         |
|    sec_per_step         | 0.11        |
|    time_elapsed         | 19741       |
|    total_timesteps      | 218112      |
| train/                  |             |
|    approx_kl            | 0.017656844 |
|    clip_fraction        | 0.19        |
|    clip_range           | 0.2         |
|    entropy_loss         | -0.647      |
|    explained_variance   | 0.845       |
|    learning_rate        | 0.0001      |
|    loss                 | 0.059       |
|    n_updates            | 4210        |
|    policy_gradient_loss | -0.0311     |
|    std                  | 0.35        |
|    value_loss           | 0.181       |
-----------------------------------------
[E2] ~3.5h remaining (114144 steps left @ 0.11s/step)
-----------------------------------------
| rollout/                |             |
|    ep_len_mean          | 12.6        |
|    ep_rew_mean          | 1.34        |
| time/                   |             |
|    eta_hours            | 3.54        |
|    fps                  | 9           |
|    iterations           | 363         |
|    sec_per_step         | 0.112       |
|    time_elapsed         | 19801       |
|    total_timesteps      | 218624      |
| train/                  |             |
|    approx_kl            | 0.011997918 |
|    clip_fraction        | 0.126       |
|    clip_range           | 0.2         |
|    entropy_loss         | -0.639      |
|    explained_variance   | 0.863       |
|    learning_rate        | 0.0001      |
|    loss                 | 0.073       |
|    n_updates            | 4220        |
|    policy_gradient_loss | -0.0197     |
|    std                  | 0.349       |
|    value_loss           | 0.159       |
-----------------------------------------
[E2] ~3.4h remaining (113632 steps left @ 0.11s/step)
-----------------------------------------
| rollout/                |             |
|    ep_len_mean          | 12.5        |
|    ep_rew_mean          | 1.36        |
| time/                   |             |
|    eta_hours            | 3.35        |
|    fps                  | 9           |
|    iterations           | 364         |
|    sec_per_step         | 0.106       |
|    time_elapsed         | 19848       |
|    total_timesteps      | 219136      |
| train/                  |             |
|    approx_kl            | 0.021540081 |
|    clip_fraction        | 0.182       |
|    clip_range           | 0.2         |
|    entropy_loss         | -0.629      |
|    explained_variance   | 0.841       |
|    learning_rate        | 0.0001      |
|    loss                 | 0.0758      |
|    n_updates            | 4230        |
|    policy_gradient_loss | -0.0257     |
|    std                  | 0.347       |
|    value_loss           | 0.183       |
-----------------------------------------
[E2] ~3.3h remaining (113120 steps left @ 0.11s/step)
-----------------------------------------
| rollout/                |             |
|    ep_len_mean          | 12.7        |
|    ep_rew_mean          | 1.37        |
| time/                   |             |
|    eta_hours            | 3.35        |
|    fps                  | 9           |
|    iterations           | 365         |
|    sec_per_step         | 0.107       |
|    time_elapsed         | 19903       |
|    total_timesteps      | 219648      |
| train/                  |             |
|    approx_kl            | 0.019552883 |
|    clip_fraction        | 0.169       |
|    clip_range           | 0.2         |
|    entropy_loss         | -0.622      |
|    explained_variance   | 0.859       |
|    learning_rate        | 0.0001      |
|    loss                 | 0.0173      |
|    n_updates            | 4240        |
|    policy_gradient_loss | -0.0268     |
|    std                  | 0.346       |
|    value_loss           | 0.151       |
-----------------------------------------
[E2] ~3.3h remaining (112608 steps left @ 0.10s/step)
-----------------------------------------
| rollout/                |             |
|    ep_len_mean          | 12.1        |
|    ep_rew_mean          | 1.34        |
| time/                   |             |
|    eta_hours            | 3.28        |
|    fps                  | 9           |
|    iterations           | 366         |
|    sec_per_step         | 0.105       |
|    time_elapsed         | 19955       |
|    total_timesteps      | 220160      |
| train/                  |             |
|    approx_kl            | 0.033507075 |
|    clip_fraction        | 0.246       |
|    clip_range           | 0.2         |
|    entropy_loss         | -0.618      |
|    explained_variance   | 0.836       |
|    learning_rate        | 0.0001      |
|    loss                 | 0.0249      |
|    n_updates            | 4250        |
|    policy_gradient_loss | -0.0264     |
|    std                  | 0.346       |
|    value_loss           | 0.181       |
-----------------------------------------
[E2] ~3.2h remaining (112096 steps left @ 0.10s/step)
-----------------------------------------
| rollout/                |             |
|    ep_len_mean          | 11.4        |
|    ep_rew_mean          | 1.34        |
| time/                   |             |
|    eta_hours            | 3.24        |
|    fps                  | 9           |
|    iterations           | 367         |
|    sec_per_step         | 0.104       |
|    time_elapsed         | 20008       |
|    total_timesteps      | 220672      |
| train/                  |             |
|    approx_kl            | 0.022659376 |
|    clip_fraction        | 0.181       |
|    clip_range           | 0.2         |
|    entropy_loss         | -0.616      |
|    explained_variance   | 0.866       |
|    learning_rate        | 0.0001      |
|    loss                 | 0.0151      |
|    n_updates            | 4260        |
|    policy_gradient_loss | -0.025      |
|    std                  | 0.345       |
|    value_loss           | 0.154       |
-----------------------------------------
[E2] ~3.2h remaining (111584 steps left @ 0.10s/step)
-----------------------------------------
| rollout/                |             |
|    ep_len_mean          | 11.5        |
|    ep_rew_mean          | 1.35        |
| time/                   |             |
|    eta_hours            | 3.2         |
|    fps                  | 9           |
|    iterations           | 368         |
|    sec_per_step         | 0.103       |
|    time_elapsed         | 20060       |
|    total_timesteps      | 221184      |
| train/                  |             |
|    approx_kl            | 0.019453801 |
|    clip_fraction        | 0.246       |
|    clip_range           | 0.2         |
|    entropy_loss         | -0.614      |
|    explained_variance   | 0.86        |
|    learning_rate        | 0.0001      |
|    loss                 | 0.0454      |
|    n_updates            | 4270        |
|    policy_gradient_loss | -0.0317     |
|    std                  | 0.345       |
|    value_loss           | 0.172       |
-----------------------------------------
[E2] ~3.1h remaining (111072 steps left @ 0.10s/step)
----------------------------------------
| rollout/                |            |
|    ep_len_mean          | 11.9       |
|    ep_rew_mean          | 1.32       |
| time/                   |            |
|    eta_hours            | 3.14       |
|    fps                  | 9          |
|    iterations           | 369        |
|    sec_per_step         | 0.102      |
|    time_elapsed         | 20110      |
|    total_timesteps      | 221696     |
| train/                  |            |
|    approx_kl            | 0.01679392 |
|    clip_fraction        | 0.161      |
|    clip_range           | 0.2        |
|    entropy_loss         | -0.616     |
|    explained_variance   | 0.851      |
|    learning_rate        | 0.0001     |
|    loss                 | 0.0701     |
|    n_updates            | 4280       |
|    policy_gradient_loss | -0.0232    |
|    std                  | 0.345      |
|    value_loss           | 0.187      |
----------------------------------------
[E2] ~3.2h remaining (110560 steps left @ 0.11s/step)
-----------------------------------------
| rollout/                |             |
|    ep_len_mean          | 12.1        |
|    ep_rew_mean          | 1.31        |
| time/                   |             |
|    eta_hours            | 3.24        |
|    fps                  | 9           |
|    iterations           | 370         |
|    sec_per_step         | 0.105       |
|    time_elapsed         | 20168       |
|    total_timesteps      | 222208      |
| train/                  |             |
|    approx_kl            | 0.020756345 |
|    clip_fraction        | 0.174       |
|    clip_range           | 0.2         |
|    entropy_loss         | -0.612      |
|    explained_variance   | 0.823       |
|    learning_rate        | 0.0001      |
|    loss                 | 0.0375      |
|    n_updates            | 4290        |
|    policy_gradient_loss | -0.0244     |
|    std                  | 0.344       |
|    value_loss           | 0.18        |
-----------------------------------------
[E2] ~3.4h remaining (110048 steps left @ 0.11s/step)
-----------------------------------------
| rollout/                |             |
|    ep_len_mean          | 12.3        |
|    ep_rew_mean          | 1.32        |
| time/                   |             |
|    eta_hours            | 3.36        |
|    fps                  | 9           |
|    iterations           | 371         |
|    sec_per_step         | 0.11        |
|    time_elapsed         | 20230       |
|    total_timesteps      | 222720      |
| train/                  |             |
|    approx_kl            | 0.017781507 |
|    clip_fraction        | 0.139       |
|    clip_range           | 0.2         |
|    entropy_loss         | -0.608      |
|    explained_variance   | 0.831       |
|    learning_rate        | 0.0001      |
|    loss                 | 0.0551      |
|    n_updates            | 4300        |
|    policy_gradient_loss | -0.0218     |
|    std                  | 0.344       |
|    value_loss           | 0.181       |
-----------------------------------------
[E2 eval @ step 222769]  MAPE=5.66%  p90=10.18%  success(<5%)=55.0%  mean_scan_time=544.4s
[E2] ~3.6h remaining (109536 steps left @ 0.12s/step)
-----------------------------------------
| rollout/                |             |
|    ep_len_mean          | 11.7        |
|    ep_rew_mean          | 1.33        |
| time/                   |             |
|    eta_hours            | 3.59        |
|    fps                  | 9           |
|    iterations           | 372         |
|    sec_per_step         | 0.118       |
|    time_elapsed         | 20300       |
|    total_timesteps      | 223232      |
| train/                  |             |
|    approx_kl            | 0.020657634 |
|    clip_fraction        | 0.196       |
|    clip_range           | 0.2         |
|    entropy_loss         | -0.608      |
|    explained_variance   | 0.835       |
|    learning_rate        | 0.0001      |
|    loss                 | 0.0423      |
|    n_updates            | 4310        |
|    policy_gradient_loss | -0.0252     |
|    std                  | 0.344       |
|    value_loss           | 0.181       |
-----------------------------------------
[E2] ~3.5h remaining (109024 steps left @ 0.12s/step)
-----------------------------------------
| rollout/                |             |
|    ep_len_mean          | 12.1        |
|    ep_rew_mean          | 1.34        |
| time/                   |             |
|    eta_hours            | 3.54        |
|    fps                  | 9           |
|    iterations           | 373         |
|    sec_per_step         | 0.117       |
|    time_elapsed         | 20359       |
|    total_timesteps      | 223744      |
| train/                  |             |
|    approx_kl            | 0.015311775 |
|    clip_fraction        | 0.176       |
|    clip_range           | 0.2         |
|    entropy_loss         | -0.603      |
|    explained_variance   | 0.817       |
|    learning_rate        | 0.0001      |
|    loss                 | 0.0517      |
|    n_updates            | 4320        |
|    policy_gradient_loss | -0.0253     |
|    std                  | 0.343       |
|    value_loss           | 0.223       |
-----------------------------------------
[E2] ~3.4h remaining (108512 steps left @ 0.11s/step)
-----------------------------------------
| rollout/                |             |
|    ep_len_mean          | 12.6        |
|    ep_rew_mean          | 1.33        |
| time/                   |             |
|    eta_hours            | 3.44        |
|    fps                  | 9           |
|    iterations           | 374         |
|    sec_per_step         | 0.114       |
|    time_elapsed         | 20413       |
|    total_timesteps      | 224256      |
| train/                  |             |
|    approx_kl            | 0.015283954 |
|    clip_fraction        | 0.16        |
|    clip_range           | 0.2         |
|    entropy_loss         | -0.596      |
|    explained_variance   | 0.824       |
|    learning_rate        | 0.0001      |
|    loss                 | 0.0568      |
|    n_updates            | 4330        |
|    policy_gradient_loss | -0.0238     |
|    std                  | 0.342       |
|    value_loss           | 0.219       |
-----------------------------------------
[E2] ~3.3h remaining (108000 steps left @ 0.11s/step)
-----------------------------------------
| rollout/                |             |
|    ep_len_mean          | 12.3        |
|    ep_rew_mean          | 1.29        |
| time/                   |             |
|    eta_hours            | 3.31        |
|    fps                  | 9           |
|    iterations           | 375         |
|    sec_per_step         | 0.11        |
|    time_elapsed         | 20465       |
|    total_timesteps      | 224768      |
| train/                  |             |
|    approx_kl            | 0.017748225 |
|    clip_fraction        | 0.178       |
|    clip_range           | 0.2         |
|    entropy_loss         | -0.593      |
|    explained_variance   | 0.808       |
|    learning_rate        | 0.0001      |
|    loss                 | 0.0144      |
|    n_updates            | 4340        |
|    policy_gradient_loss | -0.0226     |
|    std                  | 0.341       |
|    value_loss           | 0.198       |
-----------------------------------------
[E2] ~3.1h remaining (107488 steps left @ 0.10s/step)
----------------------------------------
| rollout/                |            |
|    ep_len_mean          | 12.8       |
|    ep_rew_mean          | 1.3        |
| time/                   |            |
|    eta_hours            | 3.07       |
|    fps                  | 9          |
|    iterations           | 376        |
|    sec_per_step         | 0.103      |
|    time_elapsed         | 20509      |
|    total_timesteps      | 225280     |
| train/                  |            |
|    approx_kl            | 0.02176412 |
|    clip_fraction        | 0.262      |
|    clip_range           | 0.2        |
|    entropy_loss         | -0.591     |
|    explained_variance   | 0.802      |
|    learning_rate        | 0.0001     |
|    loss                 | 0.0492     |
|    n_updates            | 4350       |
|    policy_gradient_loss | -0.03      |
|    std                  | 0.341      |
|    value_loss           | 0.211      |
----------------------------------------
[E2] ~3.1h remaining (106976 steps left @ 0.11s/step)
-----------------------------------------
| rollout/                |             |
|    ep_len_mean          | 12.6        |
|    ep_rew_mean          | 1.34        |
| time/                   |             |
|    eta_hours            | 3.12        |
|    fps                  | 9           |
|    iterations           | 377         |
|    sec_per_step         | 0.105       |
|    time_elapsed         | 20565       |
|    total_timesteps      | 225792      |
| train/                  |             |
|    approx_kl            | 0.023036659 |
|    clip_fraction        | 0.244       |
|    clip_range           | 0.2         |
|    entropy_loss         | -0.59       |
|    explained_variance   | 0.854       |
|    learning_rate        | 0.0001      |
|    loss                 | 0.0423      |
|    n_updates            | 4360        |
|    policy_gradient_loss | -0.0311     |
|    std                  | 0.341       |
|    value_loss           | 0.169       |
-----------------------------------------
[E2] ~3.2h remaining (106464 steps left @ 0.11s/step)
-----------------------------------------
| rollout/                |             |
|    ep_len_mean          | 12.4        |
|    ep_rew_mean          | 1.35        |
| time/                   |             |
|    eta_hours            | 3.21        |
|    fps                  | 9           |
|    iterations           | 378         |
|    sec_per_step         | 0.109       |
|    time_elapsed         | 20625       |
|    total_timesteps      | 226304      |
| train/                  |             |
|    approx_kl            | 0.015239359 |
|    clip_fraction        | 0.152       |
|    clip_range           | 0.2         |
|    entropy_loss         | -0.589      |
|    explained_variance   | 0.795       |
|    learning_rate        | 0.0001      |
|    loss                 | 0.0915      |
|    n_updates            | 4370        |
|    policy_gradient_loss | -0.0196     |
|    std                  | 0.341       |
|    value_loss           | 0.25        |
-----------------------------------------
[E2] ~3.2h remaining (105952 steps left @ 0.11s/step)
-----------------------------------------
| rollout/                |             |
|    ep_len_mean          | 12.2        |
|    ep_rew_mean          | 1.34        |
| time/                   |             |
|    eta_hours            | 3.22        |
|    fps                  | 9           |
|    iterations           | 379         |
|    sec_per_step         | 0.109       |
|    time_elapsed         | 20682       |
|    total_timesteps      | 226816      |
| train/                  |             |
|    approx_kl            | 0.014555224 |
|    clip_fraction        | 0.165       |
|    clip_range           | 0.2         |
|    entropy_loss         | -0.587      |
|    explained_variance   | 0.831       |
|    learning_rate        | 0.0001      |
|    loss                 | 0.0491      |
|    n_updates            | 4380        |
|    policy_gradient_loss | -0.0217     |
|    std                  | 0.34        |
|    value_loss           | 0.2         |
-----------------------------------------
[E2] ~3.1h remaining (105440 steps left @ 0.11s/step)
-----------------------------------------
| rollout/                |             |
|    ep_len_mean          | 12.2        |
|    ep_rew_mean          | 1.34        |
| time/                   |             |
|    eta_hours            | 3.13        |
|    fps                  | 9           |
|    iterations           | 380         |
|    sec_per_step         | 0.107       |
|    time_elapsed         | 20734       |
|    total_timesteps      | 227328      |
| train/                  |             |
|    approx_kl            | 0.018268332 |
|    clip_fraction        | 0.212       |
|    clip_range           | 0.2         |
|    entropy_loss         | -0.582      |
|    explained_variance   | 0.822       |
|    learning_rate        | 0.0001      |
|    loss                 | 0.076       |
|    n_updates            | 4390        |
|    policy_gradient_loss | -0.0276     |
|    std                  | 0.34        |
|    value_loss           | 0.223       |
-----------------------------------------
[E2] ~3.1h remaining (104928 steps left @ 0.11s/step)
-----------------------------------------
| rollout/                |             |
|    ep_len_mean          | 13.1        |
|    ep_rew_mean          | 1.33        |
| time/                   |             |
|    eta_hours            | 3.09        |
|    fps                  | 9           |
|    iterations           | 381         |
|    sec_per_step         | 0.106       |
|    time_elapsed         | 20787       |
|    total_timesteps      | 227840      |
| train/                  |             |
|    approx_kl            | 0.028603012 |
|    clip_fraction        | 0.221       |
|    clip_range           | 0.2         |
|    entropy_loss         | -0.579      |
|    explained_variance   | 0.86        |
|    learning_rate        | 0.0001      |
|    loss                 | 0.0493      |
|    n_updates            | 4400        |
|    policy_gradient_loss | -0.0309     |
|    std                  | 0.339       |
|    value_loss           | 0.158       |
-----------------------------------------
[E2] ~3.2h remaining (104416 steps left @ 0.11s/step)
-----------------------------------------
| rollout/                |             |
|    ep_len_mean          | 13.2        |
|    ep_rew_mean          | 1.34        |
| time/                   |             |
|    eta_hours            | 3.17        |
|    fps                  | 9           |
|    iterations           | 382         |
|    sec_per_step         | 0.109       |
|    time_elapsed         | 20847       |
|    total_timesteps      | 228352      |
| train/                  |             |
|    approx_kl            | 0.020440897 |
|    clip_fraction        | 0.226       |
|    clip_range           | 0.2         |
|    entropy_loss         | -0.579      |
|    explained_variance   | 0.774       |
|    learning_rate        | 0.0001      |
|    loss                 | 0.046       |
|    n_updates            | 4410        |
|    policy_gradient_loss | -0.0273     |
|    std                  | 0.339       |
|    value_loss           | 0.201       |
-----------------------------------------
[E2] ~3.3h remaining (103904 steps left @ 0.11s/step)
-----------------------------------------
| rollout/                |             |
|    ep_len_mean          | 13.1        |
|    ep_rew_mean          | 1.34        |
| time/                   |             |
|    eta_hours            | 3.29        |
|    fps                  | 9           |
|    iterations           | 383         |
|    sec_per_step         | 0.114       |
|    time_elapsed         | 20911       |
|    total_timesteps      | 228864      |
| train/                  |             |
|    approx_kl            | 0.017854387 |
|    clip_fraction        | 0.178       |
|    clip_range           | 0.2         |
|    entropy_loss         | -0.579      |
|    explained_variance   | 0.789       |
|    learning_rate        | 0.0001      |
|    loss                 | 0.0679      |
|    n_updates            | 4420        |
|    policy_gradient_loss | -0.0201     |
|    std                  | 0.339       |
|    value_loss           | 0.219       |
-----------------------------------------
[E2] ~3.2h remaining (103392 steps left @ 0.11s/step)
-----------------------------------------
| rollout/                |             |
|    ep_len_mean          | 13.2        |
|    ep_rew_mean          | 1.33        |
| time/                   |             |
|    eta_hours            | 3.21        |
|    fps                  | 9           |
|    iterations           | 384         |
|    sec_per_step         | 0.112       |
|    time_elapsed         | 20965       |
|    total_timesteps      | 229376      |
| train/                  |             |
|    approx_kl            | 0.015060285 |
|    clip_fraction        | 0.199       |
|    clip_range           | 0.2         |
|    entropy_loss         | -0.577      |
|    explained_variance   | 0.805       |
|    learning_rate        | 0.0001      |
|    loss                 | 0.0501      |
|    n_updates            | 4430        |
|    policy_gradient_loss | -0.0238     |
|    std                  | 0.338       |
|    value_loss           | 0.205       |
-----------------------------------------
[E2] ~3.2h remaining (102880 steps left @ 0.11s/step)
-----------------------------------------
| rollout/                |             |
|    ep_len_mean          | 12.9        |
|    ep_rew_mean          | 1.32        |
| time/                   |             |
|    eta_hours            | 3.21        |
|    fps                  | 9           |
|    iterations           | 385         |
|    sec_per_step         | 0.112       |
|    time_elapsed         | 21023       |
|    total_timesteps      | 229888      |
| train/                  |             |
|    approx_kl            | 0.013366414 |
|    clip_fraction        | 0.145       |
|    clip_range           | 0.2         |
|    entropy_loss         | -0.571      |
|    explained_variance   | 0.84        |
|    learning_rate        | 0.0001      |
|    loss                 | 0.027       |
|    n_updates            | 4440        |
|    policy_gradient_loss | -0.0192     |
|    std                  | 0.337       |
|    value_loss           | 0.154       |
-----------------------------------------
[E2] ~3.1h remaining (102368 steps left @ 0.11s/step)
-----------------------------------------
| rollout/                |             |
|    ep_len_mean          | 12.3        |
|    ep_rew_mean          | 1.32        |
| time/                   |             |
|    eta_hours            | 3.1         |
|    fps                  | 9           |
|    iterations           | 386         |
|    sec_per_step         | 0.109       |
|    time_elapsed         | 21075       |
|    total_timesteps      | 230400      |
| train/                  |             |
|    approx_kl            | 0.018534677 |
|    clip_fraction        | 0.228       |
|    clip_range           | 0.2         |
|    entropy_loss         | -0.568      |
|    explained_variance   | 0.844       |
|    learning_rate        | 0.0001      |
|    loss                 | 0.0122      |
|    n_updates            | 4450        |
|    policy_gradient_loss | -0.0278     |
|    std                  | 0.337       |
|    value_loss           | 0.178       |
-----------------------------------------
[E2] ~3.1h remaining (101856 steps left @ 0.11s/step)
-----------------------------------------
| rollout/                |             |
|    ep_len_mean          | 12.5        |
|    ep_rew_mean          | 1.31        |
| time/                   |             |
|    eta_hours            | 3.1         |
|    fps                  | 9           |
|    iterations           | 387         |
|    sec_per_step         | 0.109       |
|    time_elapsed         | 21132       |
|    total_timesteps      | 230912      |
| train/                  |             |
|    approx_kl            | 0.017285919 |
|    clip_fraction        | 0.186       |
|    clip_range           | 0.2         |
|    entropy_loss         | -0.566      |
|    explained_variance   | 0.829       |
|    learning_rate        | 0.0001      |
|    loss                 | 0.0932      |
|    n_updates            | 4460        |
|    policy_gradient_loss | -0.0246     |
|    std                  | 0.336       |
|    value_loss           | 0.19        |
-----------------------------------------
[E2] ~3.1h remaining (101344 steps left @ 0.11s/step)
-----------------------------------------
| rollout/                |             |
|    ep_len_mean          | 13.1        |
|    ep_rew_mean          | 1.32        |
| time/                   |             |
|    eta_hours            | 3.15        |
|    fps                  | 9           |
|    iterations           | 388         |
|    sec_per_step         | 0.112       |
|    time_elapsed         | 21192       |
|    total_timesteps      | 231424      |
| train/                  |             |
|    approx_kl            | 0.017099492 |
|    clip_fraction        | 0.172       |
|    clip_range           | 0.2         |
|    entropy_loss         | -0.562      |
|    explained_variance   | 0.824       |
|    learning_rate        | 0.0001      |
|    loss                 | 0.0172      |
|    n_updates            | 4470        |
|    policy_gradient_loss | -0.022      |
|    std                  | 0.336       |
|    value_loss           | 0.195       |
-----------------------------------------
[E2] ~3.1h remaining (100832 steps left @ 0.11s/step)
-----------------------------------------
| rollout/                |             |
|    ep_len_mean          | 13.2        |
|    ep_rew_mean          | 1.34        |
| time/                   |             |
|    eta_hours            | 3.06        |
|    fps                  | 9           |
|    iterations           | 389         |
|    sec_per_step         | 0.109       |
|    time_elapsed         | 21244       |
|    total_timesteps      | 231936      |
| train/                  |             |
|    approx_kl            | 0.022575185 |
|    clip_fraction        | 0.159       |
|    clip_range           | 0.2         |
|    entropy_loss         | -0.559      |
|    explained_variance   | 0.854       |
|    learning_rate        | 0.0001      |
|    loss                 | 0.0369      |
|    n_updates            | 4480        |
|    policy_gradient_loss | -0.0221     |
|    std                  | 0.336       |
|    value_loss           | 0.155       |
-----------------------------------------
[E2] ~3.0h remaining (100320 steps left @ 0.11s/step)
-----------------------------------------
| rollout/                |             |
|    ep_len_mean          | 13          |
|    ep_rew_mean          | 1.35        |
| time/                   |             |
|    eta_hours            | 3.05        |
|    fps                  | 9           |
|    iterations           | 390         |
|    sec_per_step         | 0.109       |
|    time_elapsed         | 21301       |
|    total_timesteps      | 232448      |
| train/                  |             |
|    approx_kl            | 0.019458741 |
|    clip_fraction        | 0.196       |
|    clip_range           | 0.2         |
|    entropy_loss         | -0.557      |
|    explained_variance   | 0.848       |
|    learning_rate        | 0.0001      |
|    loss                 | 0.0802      |
|    n_updates            | 4490        |
|    policy_gradient_loss | -0.0262     |
|    std                  | 0.335       |
|    value_loss           | 0.161       |
-----------------------------------------
[E2 eval @ step 232769]  MAPE=3.71%  p90=5.07%  success(<5%)=90.0%  mean_scan_time=539.7s
[E2] ~3.4h remaining (99808 steps left @ 0.12s/step)
----------------------------------------
| rollout/                |            |
|    ep_len_mean          | 12.8       |
|    ep_rew_mean          | 1.36       |
| time/                   |            |
|    eta_hours            | 3.36       |
|    fps                  | 9          |
|    iterations           | 391        |
|    sec_per_step         | 0.121      |
|    time_elapsed         | 21377      |
|    total_timesteps      | 232960     |
| train/                  |            |
|    approx_kl            | 0.01943836 |
|    clip_fraction        | 0.18       |
|    clip_range           | 0.2        |
|    entropy_loss         | -0.555     |
|    explained_variance   | 0.859      |
|    learning_rate        | 0.0001     |
|    loss                 | 0.0574     |
|    n_updates            | 4500       |
|    policy_gradient_loss | -0.0234    |
|    std                  | 0.335      |
|    value_loss           | 0.172      |
----------------------------------------
[E2] ~3.2h remaining (99296 steps left @ 0.12s/step)
-----------------------------------------
| rollout/                |             |
|    ep_len_mean          | 12.8        |
|    ep_rew_mean          | 1.34        |
| time/                   |             |
|    eta_hours            | 3.2         |
|    fps                  | 9           |
|    iterations           | 392         |
|    sec_per_step         | 0.116       |
|    time_elapsed         | 21430       |
|    total_timesteps      | 233472      |
| train/                  |             |
|    approx_kl            | 0.015546421 |
|    clip_fraction        | 0.139       |
|    clip_range           | 0.2         |
|    entropy_loss         | -0.555      |
|    explained_variance   | 0.87        |
|    learning_rate        | 0.0001      |
|    loss                 | 0.0565      |
|    n_updates            | 4510        |
|    policy_gradient_loss | -0.0175     |
|    std                  | 0.335       |
|    value_loss           | 0.155       |
-----------------------------------------
[E2] ~3.1h remaining (98784 steps left @ 0.11s/step)
-----------------------------------------
| rollout/                |             |
|    ep_len_mean          | 12.6        |
|    ep_rew_mean          | 1.33        |
| time/                   |             |
|    eta_hours            | 3.12        |
|    fps                  | 9           |
|    iterations           | 393         |
|    sec_per_step         | 0.114       |
|    time_elapsed         | 21485       |
|    total_timesteps      | 233984      |
| train/                  |             |
|    approx_kl            | 0.021221243 |
|    clip_fraction        | 0.211       |
|    clip_range           | 0.2         |
|    entropy_loss         | -0.555      |
|    explained_variance   | 0.86        |
|    learning_rate        | 0.0001      |
|    loss                 | 0.0616      |
|    n_updates            | 4520        |
|    policy_gradient_loss | -0.0256     |
|    std                  | 0.335       |
|    value_loss           | 0.166       |
-----------------------------------------
[E2] ~3.0h remaining (98272 steps left @ 0.11s/step)
----------------------------------------
| rollout/                |            |
|    ep_len_mean          | 12.4       |
|    ep_rew_mean          | 1.32       |
| time/                   |            |
|    eta_hours            | 3.01       |
|    fps                  | 9          |
|    iterations           | 394        |
|    sec_per_step         | 0.11       |
|    time_elapsed         | 21538      |
|    total_timesteps      | 234496     |
| train/                  |            |
|    approx_kl            | 0.01826039 |
|    clip_fraction        | 0.215      |
|    clip_range           | 0.2        |
|    entropy_loss         | -0.554     |
|    explained_variance   | 0.842      |
|    learning_rate        | 0.0001     |
|    loss                 | 0.0107     |
|    n_updates            | 4530       |
|    policy_gradient_loss | -0.025     |
|    std                  | 0.335      |
|    value_loss           | 0.156      |
----------------------------------------
[E2] ~2.9h remaining (97760 steps left @ 0.11s/step)
----------------------------------------
| rollout/                |            |
|    ep_len_mean          | 12.5       |
|    ep_rew_mean          | 1.32       |
| time/                   |            |
|    eta_hours            | 2.89       |
|    fps                  | 9          |
|    iterations           | 395        |
|    sec_per_step         | 0.107      |
|    time_elapsed         | 21588      |
|    total_timesteps      | 235008     |
| train/                  |            |
|    approx_kl            | 0.01922666 |
|    clip_fraction        | 0.181      |
|    clip_range           | 0.2        |
|    entropy_loss         | -0.553     |
|    explained_variance   | 0.766      |
|    learning_rate        | 0.0001     |
|    loss                 | 0.0818     |
|    n_updates            | 4540       |
|    policy_gradient_loss | -0.0245    |
|    std                  | 0.335      |
|    value_loss           | 0.239      |
----------------------------------------
[E2] ~2.9h remaining (97248 steps left @ 0.11s/step)
-----------------------------------------
| rollout/                |             |
|    ep_len_mean          | 12.9        |
|    ep_rew_mean          | 1.33        |
| time/                   |             |
|    eta_hours            | 2.88        |
|    fps                  | 9           |
|    iterations           | 396         |
|    sec_per_step         | 0.107       |
|    time_elapsed         | 21643       |
|    total_timesteps      | 235520      |
| train/                  |             |
|    approx_kl            | 0.014505941 |
|    clip_fraction        | 0.136       |
|    clip_range           | 0.2         |
|    entropy_loss         | -0.551      |
|    explained_variance   | 0.809       |
|    learning_rate        | 0.0001      |
|    loss                 | 0.0558      |
|    n_updates            | 4550        |
|    policy_gradient_loss | -0.0182     |
|    std                  | 0.334       |
|    value_loss           | 0.24        |
-----------------------------------------
[E2] ~2.9h remaining (96736 steps left @ 0.11s/step)
-----------------------------------------
| rollout/                |             |
|    ep_len_mean          | 12.7        |
|    ep_rew_mean          | 1.31        |
| time/                   |             |
|    eta_hours            | 2.87        |
|    fps                  | 9           |
|    iterations           | 397         |
|    sec_per_step         | 0.107       |
|    time_elapsed         | 21698       |
|    total_timesteps      | 236032      |
| train/                  |             |
|    approx_kl            | 0.019931547 |
|    clip_fraction        | 0.189       |
|    clip_range           | 0.2         |
|    entropy_loss         | -0.548      |
|    explained_variance   | 0.818       |
|    learning_rate        | 0.0001      |
|    loss                 | 0.0512      |
|    n_updates            | 4560        |
|    policy_gradient_loss | -0.025      |
|    std                  | 0.334       |
|    value_loss           | 0.197       |
-----------------------------------------
[E2] ~2.8h remaining (96224 steps left @ 0.11s/step)
----------------------------------------
| rollout/                |            |
|    ep_len_mean          | 12.4       |
|    ep_rew_mean          | 1.32       |
| time/                   |            |
|    eta_hours            | 2.85       |
|    fps                  | 9          |
|    iterations           | 398        |
|    sec_per_step         | 0.106      |
|    time_elapsed         | 21752      |
|    total_timesteps      | 236544     |
| train/                  |            |
|    approx_kl            | 0.03703343 |
|    clip_fraction        | 0.235      |
|    clip_range           | 0.2        |
|    entropy_loss         | -0.546     |
|    explained_variance   | 0.844      |
|    learning_rate        | 0.0001     |
|    loss                 | 0.0126     |
|    n_updates            | 4570       |
|    policy_gradient_loss | -0.0308    |
|    std                  | 0.333      |
|    value_loss           | 0.165      |
----------------------------------------
[E2] ~2.8h remaining (95712 steps left @ 0.11s/step)
-----------------------------------------
| rollout/                |             |
|    ep_len_mean          | 12.4        |
|    ep_rew_mean          | 1.33        |
| time/                   |             |
|    eta_hours            | 2.81        |
|    fps                  | 9           |
|    iterations           | 399         |
|    sec_per_step         | 0.106       |
|    time_elapsed         | 21805       |
|    total_timesteps      | 237056      |
| train/                  |             |
|    approx_kl            | 0.016415555 |
|    clip_fraction        | 0.156       |
|    clip_range           | 0.2         |
|    entropy_loss         | -0.544      |
|    explained_variance   | 0.832       |
|    learning_rate        | 0.0001      |
|    loss                 | 0.0662      |
|    n_updates            | 4580        |
|    policy_gradient_loss | -0.0196     |
|    std                  | 0.333       |
|    value_loss           | 0.205       |
-----------------------------------------
[E2] ~2.9h remaining (95200 steps left @ 0.11s/step)
----------------------------------------
| rollout/                |            |
|    ep_len_mean          | 12.4       |
|    ep_rew_mean          | 1.34       |
| time/                   |            |
|    eta_hours            | 2.88       |
|    fps                  | 9          |
|    iterations           | 400        |
|    sec_per_step         | 0.109      |
|    time_elapsed         | 21864      |
|    total_timesteps      | 237568     |
| train/                  |            |
|    approx_kl            | 0.01854759 |
|    clip_fraction        | 0.202      |
|    clip_range           | 0.2        |
|    entropy_loss         | -0.539     |
|    explained_variance   | 0.843      |
|    learning_rate        | 0.0001     |
|    loss                 | 0.067      |
|    n_updates            | 4590       |
|    policy_gradient_loss | -0.0271    |
|    std                  | 0.332      |
|    value_loss           | 0.173      |
----------------------------------------
[E2] ~2.8h remaining (94688 steps left @ 0.11s/step)
-----------------------------------------
| rollout/                |             |
|    ep_len_mean          | 12.3        |
|    ep_rew_mean          | 1.34        |
| time/                   |             |
|    eta_hours            | 2.78        |
|    fps                  | 9           |
|    iterations           | 401         |
|    sec_per_step         | 0.106       |
|    time_elapsed         | 21915       |
|    total_timesteps      | 238080      |
| train/                  |             |
|    approx_kl            | 0.019822996 |
|    clip_fraction        | 0.198       |
|    clip_range           | 0.2         |
|    entropy_loss         | -0.53       |
|    explained_variance   | 0.842       |
|    learning_rate        | 0.0001      |
|    loss                 | 0.0598      |
|    n_updates            | 4600        |
|    policy_gradient_loss | -0.0262     |
|    std                  | 0.331       |
|    value_loss           | 0.179       |
-----------------------------------------
[E2] ~2.9h remaining (94176 steps left @ 0.11s/step)
-----------------------------------------
| rollout/                |             |
|    ep_len_mean          | 12.3        |
|    ep_rew_mean          | 1.36        |
| time/                   |             |
|    eta_hours            | 2.89        |
|    fps                  | 9           |
|    iterations           | 402         |
|    sec_per_step         | 0.111       |
|    time_elapsed         | 21977       |
|    total_timesteps      | 238592      |
| train/                  |             |
|    approx_kl            | 0.021729529 |
|    clip_fraction        | 0.199       |
|    clip_range           | 0.2         |
|    entropy_loss         | -0.522      |
|    explained_variance   | 0.862       |
|    learning_rate        | 0.0001      |
|    loss                 | 0.0837      |
|    n_updates            | 4610        |
|    policy_gradient_loss | -0.0221     |
|    std                  | 0.33        |
|    value_loss           | 0.168       |
-----------------------------------------
[E2] ~2.8h remaining (93664 steps left @ 0.11s/step)
----------------------------------------
| rollout/                |            |
|    ep_len_mean          | 12.3       |
|    ep_rew_mean          | 1.35       |
| time/                   |            |
|    eta_hours            | 2.83       |
|    fps                  | 9          |
|    iterations           | 403        |
|    sec_per_step         | 0.109      |
|    time_elapsed         | 22031      |
|    total_timesteps      | 239104     |
| train/                  |            |
|    approx_kl            | 0.01785148 |
|    clip_fraction        | 0.191      |
|    clip_range           | 0.2        |
|    entropy_loss         | -0.518     |
|    explained_variance   | 0.835      |
|    learning_rate        | 0.0001     |
|    loss                 | 0.111      |
|    n_updates            | 4620       |
|    policy_gradient_loss | -0.0229    |
|    std                  | 0.329      |
|    value_loss           | 0.222      |
----------------------------------------
[E2] ~2.8h remaining (93152 steps left @ 0.11s/step)
-----------------------------------------
| rollout/                |             |
|    ep_len_mean          | 12.1        |
|    ep_rew_mean          | 1.34        |
| time/                   |             |
|    eta_hours            | 2.77        |
|    fps                  | 9           |
|    iterations           | 404         |
|    sec_per_step         | 0.107       |
|    time_elapsed         | 22083       |
|    total_timesteps      | 239616      |
| train/                  |             |
|    approx_kl            | 0.020475172 |
|    clip_fraction        | 0.17        |
|    clip_range           | 0.2         |
|    entropy_loss         | -0.514      |
|    explained_variance   | 0.845       |
|    learning_rate        | 0.0001      |
|    loss                 | 0.0735      |
|    n_updates            | 4630        |
|    policy_gradient_loss | -0.0237     |
|    std                  | 0.328       |
|    value_loss           | 0.182       |
-----------------------------------------
[E2] ~2.7h remaining (92640 steps left @ 0.11s/step)
-----------------------------------------
| rollout/                |             |
|    ep_len_mean          | 12.6        |
|    ep_rew_mean          | 1.33        |
| time/                   |             |
|    eta_hours            | 2.73        |
|    fps                  | 9           |
|    iterations           | 405         |
|    sec_per_step         | 0.106       |
|    time_elapsed         | 22136       |
|    total_timesteps      | 240128      |
| train/                  |             |
|    approx_kl            | 0.015021196 |
|    clip_fraction        | 0.155       |
|    clip_range           | 0.2         |
|    entropy_loss         | -0.508      |
|    explained_variance   | 0.807       |
|    learning_rate        | 0.0001      |
|    loss                 | 0.128       |
|    n_updates            | 4640        |
|    policy_gradient_loss | -0.0222     |
|    std                  | 0.328       |
|    value_loss           | 0.218       |
-----------------------------------------
[E2] ~2.7h remaining (92128 steps left @ 0.11s/step)
----------------------------------------
| rollout/                |            |
|    ep_len_mean          | 12.9       |
|    ep_rew_mean          | 1.37       |
| time/                   |            |
|    eta_hours            | 2.72       |
|    fps                  | 9          |
|    iterations           | 406        |
|    sec_per_step         | 0.106      |
|    time_elapsed         | 22191      |
|    total_timesteps      | 240640     |
| train/                  |            |
|    approx_kl            | 0.01870808 |
|    clip_fraction        | 0.17       |
|    clip_range           | 0.2        |
|    entropy_loss         | -0.505     |
|    explained_variance   | 0.753      |
|    learning_rate        | 0.0001     |
|    loss                 | 0.0362     |
|    n_updates            | 4650       |
|    policy_gradient_loss | -0.0203    |
|    std                  | 0.327      |
|    value_loss           | 0.272      |
----------------------------------------
[E2] ~2.7h remaining (91616 steps left @ 0.11s/step)
------------------------------------------
| rollout/                |              |
|    ep_len_mean          | 12.8         |
|    ep_rew_mean          | 1.37         |
| time/                   |              |
|    eta_hours            | 2.74         |
|    fps                  | 9            |
|    iterations           | 407          |
|    sec_per_step         | 0.108        |
|    time_elapsed         | 22248        |
|    total_timesteps      | 241152       |
| train/                  |              |
|    approx_kl            | 0.0148898605 |
|    clip_fraction        | 0.155        |
|    clip_range           | 0.2          |
|    entropy_loss         | -0.499       |
|    explained_variance   | 0.809        |
|    learning_rate        | 0.0001       |
|    loss                 | 0.0373       |
|    n_updates            | 4660         |
|    policy_gradient_loss | -0.0228      |
|    std                  | 0.326        |
|    value_loss           | 0.211        |
------------------------------------------
[E2] ~2.7h remaining (91104 steps left @ 0.11s/step)
-----------------------------------------
| rollout/                |             |
|    ep_len_mean          | 12.4        |
|    ep_rew_mean          | 1.35        |
| time/                   |             |
|    eta_hours            | 2.75        |
|    fps                  | 9           |
|    iterations           | 408         |
|    sec_per_step         | 0.109       |
|    time_elapsed         | 22305       |
|    total_timesteps      | 241664      |
| train/                  |             |
|    approx_kl            | 0.012666348 |
|    clip_fraction        | 0.2         |
|    clip_range           | 0.2         |
|    entropy_loss         | -0.495      |
|    explained_variance   | 0.86        |
|    learning_rate        | 0.0001      |
|    loss                 | 0.00421     |
|    n_updates            | 4670        |
|    policy_gradient_loss | -0.0262     |
|    std                  | 0.326       |
|    value_loss           | 0.146       |
-----------------------------------------
[E2] ~2.6h remaining (90592 steps left @ 0.10s/step)
-----------------------------------------
| rollout/                |             |
|    ep_len_mean          | 12.1        |
|    ep_rew_mean          | 1.36        |
| time/                   |             |
|    eta_hours            | 2.62        |
|    fps                  | 9           |
|    iterations           | 409         |
|    sec_per_step         | 0.104       |
|    time_elapsed         | 22353       |
|    total_timesteps      | 242176      |
| train/                  |             |
|    approx_kl            | 0.017404748 |
|    clip_fraction        | 0.175       |
|    clip_range           | 0.2         |
|    entropy_loss         | -0.493      |
|    explained_variance   | 0.864       |
|    learning_rate        | 0.0001      |
|    loss                 | 0.0329      |
|    n_updates            | 4680        |
|    policy_gradient_loss | -0.0214     |
|    std                  | 0.325       |
|    value_loss           | 0.15        |
-----------------------------------------
[E2] ~2.8h remaining (90080 steps left @ 0.11s/step)
-----------------------------------------
| rollout/                |             |
|    ep_len_mean          | 12.3        |
|    ep_rew_mean          | 1.37        |
| time/                   |             |
|    eta_hours            | 2.76        |
|    fps                  | 9           |
|    iterations           | 410         |
|    sec_per_step         | 0.11        |
|    time_elapsed         | 22416       |
|    total_timesteps      | 242688      |
| train/                  |             |
|    approx_kl            | 0.020073157 |
|    clip_fraction        | 0.193       |
|    clip_range           | 0.2         |
|    entropy_loss         | -0.489      |
|    explained_variance   | 0.822       |
|    learning_rate        | 0.0001      |
|    loss                 | 0.0589      |
|    n_updates            | 4690        |
|    policy_gradient_loss | -0.0253     |
|    std                  | 0.324       |
|    value_loss           | 0.227       |
-----------------------------------------
[E2 eval @ step 242769]  MAPE=3.08%  p90=4.82%  success(<5%)=100.0%  mean_scan_time=545.6s
[E2 eval]  → new best MAPE 3.08% saved to runs/e2/mf_runB_5sphere_hist_560s_gpu/stage4_full/best
[MF global-best] 2.99% confirmed full-Bloch MAPE saved from full/stage_eval_full @ step 242769 (screen=3.08%) → runs/e2/mf_runB_5sphere_hist_560s_gpu/global_best
[E2] ~3.2h remaining (89568 steps left @ 0.13s/step)
------------------------------------------
| rollout/                |              |
|    ep_len_mean          | 12.7         |
|    ep_rew_mean          | 1.37         |
| time/                   |              |
|    eta_hours            | 3.18         |
|    fps                  | 9            |
|    iterations           | 411          |
|    sec_per_step         | 0.128        |
|    time_elapsed         | 22503        |
|    total_timesteps      | 243200       |
| train/                  |              |
|    approx_kl            | 0.0146244895 |
|    clip_fraction        | 0.189        |
|    clip_range           | 0.2          |
|    entropy_loss         | -0.485       |
|    explained_variance   | 0.831        |
|    learning_rate        | 0.0001       |
|    loss                 | 0.0266       |
|    n_updates            | 4700         |
|    policy_gradient_loss | -0.0258      |
|    std                  | 0.325        |
|    value_loss           | 0.19         |
------------------------------------------
[E2] ~3.1h remaining (89056 steps left @ 0.12s/step)
-----------------------------------------
| rollout/                |             |
|    ep_len_mean          | 13          |
|    ep_rew_mean          | 1.39        |
| time/                   |             |
|    eta_hours            | 3.06        |
|    fps                  | 9           |
|    iterations           | 412         |
|    sec_per_step         | 0.124       |
|    time_elapsed         | 22561       |
|    total_timesteps      | 243712      |
| train/                  |             |
|    approx_kl            | 0.012680959 |
|    clip_fraction        | 0.175       |
|    clip_range           | 0.2         |
|    entropy_loss         | -0.483      |
|    explained_variance   | 0.823       |
|    learning_rate        | 0.0001      |
|    loss                 | 0.0415      |
|    n_updates            | 4710        |
|    policy_gradient_loss | -0.0224     |
|    std                  | 0.324       |
|    value_loss           | 0.227       |
-----------------------------------------
[E2] ~2.9h remaining (88544 steps left @ 0.12s/step)
-----------------------------------------
| rollout/                |             |
|    ep_len_mean          | 12.6        |
|    ep_rew_mean          | 1.39        |
| time/                   |             |
|    eta_hours            | 2.94        |
|    fps                  | 9           |
|    iterations           | 413         |
|    sec_per_step         | 0.119       |
|    time_elapsed         | 22617       |
|    total_timesteps      | 244224      |
| train/                  |             |
|    approx_kl            | 0.025974292 |
|    clip_fraction        | 0.233       |
|    clip_range           | 0.2         |
|    entropy_loss         | -0.479      |
|    explained_variance   | 0.857       |
|    learning_rate        | 0.0001      |
|    loss                 | 0.07        |
|    n_updates            | 4720        |
|    policy_gradient_loss | -0.0315     |
|    std                  | 0.323       |
|    value_loss           | 0.18        |
-----------------------------------------
[E2] ~2.9h remaining (88032 steps left @ 0.12s/step)
-----------------------------------------
| rollout/                |             |
|    ep_len_mean          | 12.4        |
|    ep_rew_mean          | 1.38        |
| time/                   |             |
|    eta_hours            | 2.93        |
|    fps                  | 9           |
|    iterations           | 414         |
|    sec_per_step         | 0.12        |
|    time_elapsed         | 22679       |
|    total_timesteps      | 244736      |
| train/                  |             |
|    approx_kl            | 0.016709149 |
|    clip_fraction        | 0.173       |
|    clip_range           | 0.2         |
|    entropy_loss         | -0.478      |
|    explained_variance   | 0.861       |
|    learning_rate        | 0.0001      |
|    loss                 | 0.0578      |
|    n_updates            | 4730        |
|    policy_gradient_loss | -0.0248     |
|    std                  | 0.323       |
|    value_loss           | 0.175       |
-----------------------------------------
[E2] ~2.9h remaining (87520 steps left @ 0.12s/step)
-----------------------------------------
| rollout/                |             |
|    ep_len_mean          | 12.5        |
|    ep_rew_mean          | 1.36        |
| time/                   |             |
|    eta_hours            | 2.88        |
|    fps                  | 9           |
|    iterations           | 415         |
|    sec_per_step         | 0.118       |
|    time_elapsed         | 22738       |
|    total_timesteps      | 245248      |
| train/                  |             |
|    approx_kl            | 0.017599847 |
|    clip_fraction        | 0.177       |
|    clip_range           | 0.2         |
|    entropy_loss         | -0.479      |
|    explained_variance   | 0.772       |
|    learning_rate        | 0.0001      |
|    loss                 | 0.0402      |
|    n_updates            | 4740        |
|    policy_gradient_loss | -0.0181     |
|    std                  | 0.324       |
|    value_loss           | 0.234       |
-----------------------------------------
[E2] ~2.8h remaining (87008 steps left @ 0.11s/step)
-----------------------------------------
| rollout/                |             |
|    ep_len_mean          | 12.6        |
|    ep_rew_mean          | 1.35        |
| time/                   |             |
|    eta_hours            | 2.77        |
|    fps                  | 9           |
|    iterations           | 416         |
|    sec_per_step         | 0.115       |
|    time_elapsed         | 22792       |
|    total_timesteps      | 245760      |
| train/                  |             |
|    approx_kl            | 0.013433909 |
|    clip_fraction        | 0.159       |
|    clip_range           | 0.2         |
|    entropy_loss         | -0.478      |
|    explained_variance   | 0.838       |
|    learning_rate        | 0.0001      |
|    loss                 | 0.0596      |
|    n_updates            | 4750        |
|    policy_gradient_loss | -0.0172     |
|    std                  | 0.323       |
|    value_loss           | 0.187       |
-----------------------------------------
[E2] ~2.8h remaining (86496 steps left @ 0.12s/step)
-----------------------------------------
| rollout/                |             |
|    ep_len_mean          | 12.2        |
|    ep_rew_mean          | 1.39        |
| time/                   |             |
|    eta_hours            | 2.79        |
|    fps                  | 9           |
|    iterations           | 417         |
|    sec_per_step         | 0.116       |
|    time_elapsed         | 22854       |
|    total_timesteps      | 246272      |
| train/                  |             |
|    approx_kl            | 0.023562983 |
|    clip_fraction        | 0.198       |
|    clip_range           | 0.2         |
|    entropy_loss         | -0.473      |
|    explained_variance   | 0.828       |
|    learning_rate        | 0.0001      |
|    loss                 | 0.0476      |
|    n_updates            | 4760        |
|    policy_gradient_loss | -0.0279     |
|    std                  | 0.322       |
|    value_loss           | 0.203       |
-----------------------------------------
[E2] ~2.7h remaining (85984 steps left @ 0.11s/step)
-----------------------------------------
| rollout/                |             |
|    ep_len_mean          | 11.7        |
|    ep_rew_mean          | 1.4         |
| time/                   |             |
|    eta_hours            | 2.74        |
|    fps                  | 9           |
|    iterations           | 418         |
|    sec_per_step         | 0.115       |
|    time_elapsed         | 22910       |
|    total_timesteps      | 246784      |
| train/                  |             |
|    approx_kl            | 0.024924368 |
|    clip_fraction        | 0.213       |
|    clip_range           | 0.2         |
|    entropy_loss         | -0.468      |
|    explained_variance   | 0.871       |
|    learning_rate        | 0.0001      |
|    loss                 | 0.0525      |
|    n_updates            | 4770        |
|    policy_gradient_loss | -0.0239     |
|    std                  | 0.322       |
|    value_loss           | 0.175       |
-----------------------------------------
[E2] ~2.6h remaining (85472 steps left @ 0.11s/step)
-----------------------------------------
| rollout/                |             |
|    ep_len_mean          | 11.9        |
|    ep_rew_mean          | 1.4         |
| time/                   |             |
|    eta_hours            | 2.59        |
|    fps                  | 9           |
|    iterations           | 419         |
|    sec_per_step         | 0.109       |
|    time_elapsed         | 22960       |
|    total_timesteps      | 247296      |
| train/                  |             |
|    approx_kl            | 0.013994666 |
|    clip_fraction        | 0.155       |
|    clip_range           | 0.2         |
|    entropy_loss         | -0.465      |
|    explained_variance   | 0.845       |
|    learning_rate        | 0.0001      |
|    loss                 | 0.0861      |
|    n_updates            | 4780        |
|    policy_gradient_loss | -0.0188     |
|    std                  | 0.321       |
|    value_loss           | 0.212       |
-----------------------------------------
[E2] ~2.5h remaining (84960 steps left @ 0.11s/step)
-----------------------------------------
| rollout/                |             |
|    ep_len_mean          | 12.2        |
|    ep_rew_mean          | 1.4         |
| time/                   |             |
|    eta_hours            | 2.54        |
|    fps                  | 9           |
|    iterations           | 420         |
|    sec_per_step         | 0.108       |
|    time_elapsed         | 23013       |
|    total_timesteps      | 247808      |
| train/                  |             |
|    approx_kl            | 0.018942581 |
|    clip_fraction        | 0.173       |
|    clip_range           | 0.2         |
|    entropy_loss         | -0.462      |
|    explained_variance   | 0.869       |
|    learning_rate        | 0.0001      |
|    loss                 | 0.0043      |
|    n_updates            | 4790        |
|    policy_gradient_loss | -0.0232     |
|    std                  | 0.32        |
|    value_loss           | 0.164       |
-----------------------------------------
[E2] ~2.5h remaining (84448 steps left @ 0.11s/step)
-----------------------------------------
| rollout/                |             |
|    ep_len_mean          | 12.5        |
|    ep_rew_mean          | 1.38        |
| time/                   |             |
|    eta_hours            | 2.5         |
|    fps                  | 9           |
|    iterations           | 421         |
|    sec_per_step         | 0.107       |
|    time_elapsed         | 23067       |
|    total_timesteps      | 248320      |
| train/                  |             |
|    approx_kl            | 0.013850937 |
|    clip_fraction        | 0.152       |
|    clip_range           | 0.2         |
|    entropy_loss         | -0.456      |
|    explained_variance   | 0.822       |
|    learning_rate        | 0.0001      |
|    loss                 | 0.126       |
|    n_updates            | 4800        |
|    policy_gradient_loss | -0.0194     |
|    std                  | 0.32        |
|    value_loss           | 0.211       |
-----------------------------------------
[E2] ~2.4h remaining (83936 steps left @ 0.10s/step)
----------------------------------------
| rollout/                |            |
|    ep_len_mean          | 12.3       |
|    ep_rew_mean          | 1.36       |
| time/                   |            |
|    eta_hours            | 2.37       |
|    fps                  | 9          |
|    iterations           | 422        |
|    sec_per_step         | 0.102      |
|    time_elapsed         | 23113      |
|    total_timesteps      | 248832     |
| train/                  |            |
|    approx_kl            | 0.01964251 |
|    clip_fraction        | 0.2        |
|    clip_range           | 0.2        |
|    entropy_loss         | -0.452     |
|    explained_variance   | 0.827      |
|    learning_rate        | 0.0001     |
|    loss                 | 0.0746     |
|    n_updates            | 4810       |
|    policy_gradient_loss | -0.0219    |
|    std                  | 0.319      |
|    value_loss           | 0.216      |
----------------------------------------
[E2] ~2.3h remaining (83424 steps left @ 0.10s/step)
-----------------------------------------
| rollout/                |             |
|    ep_len_mean          | 12.2        |
|    ep_rew_mean          | 1.35        |
| time/                   |             |
|    eta_hours            | 2.29        |
|    fps                  | 9           |
|    iterations           | 423         |
|    sec_per_step         | 0.0989      |
|    time_elapsed         | 23160       |
|    total_timesteps      | 249344      |
| train/                  |             |
|    approx_kl            | 0.015638422 |
|    clip_fraction        | 0.166       |
|    clip_range           | 0.2         |
|    entropy_loss         | -0.45       |
|    explained_variance   | 0.801       |
|    learning_rate        | 0.0001      |
|    loss                 | 0.0761      |
|    n_updates            | 4820        |
|    policy_gradient_loss | -0.0188     |
|    std                  | 0.319       |
|    value_loss           | 0.219       |
-----------------------------------------
[E2] ~2.3h remaining (82912 steps left @ 0.10s/step)
----------------------------------------
| rollout/                |            |
|    ep_len_mean          | 12.2       |
|    ep_rew_mean          | 1.38       |
| time/                   |            |
|    eta_hours            | 2.34       |
|    fps                  | 9          |
|    iterations           | 424        |
|    sec_per_step         | 0.102      |
|    time_elapsed         | 23216      |
|    total_timesteps      | 249856     |
| train/                  |            |
|    approx_kl            | 0.02985135 |
|    clip_fraction        | 0.199      |
|    clip_range           | 0.2        |
|    entropy_loss         | -0.448     |
|    explained_variance   | 0.83       |
|    learning_rate        | 0.0001     |
|    loss                 | 0.0581     |
|    n_updates            | 4830       |
|    policy_gradient_loss | -0.0267    |
|    std                  | 0.318      |
|    value_loss           | 0.202      |
----------------------------------------
[E2] ~2.4h remaining (82400 steps left @ 0.10s/step)
----------------------------------------
| rollout/                |            |
|    ep_len_mean          | 12.4       |
|    ep_rew_mean          | 1.41       |
| time/                   |            |
|    eta_hours            | 2.38       |
|    fps                  | 9          |
|    iterations           | 425        |
|    sec_per_step         | 0.104      |
|    time_elapsed         | 23271      |
|    total_timesteps      | 250368     |
| train/                  |            |
|    approx_kl            | 0.01375026 |
|    clip_fraction        | 0.145      |
|    clip_range           | 0.2        |
|    entropy_loss         | -0.439     |
|    explained_variance   | 0.854      |
|    learning_rate        | 0.0001     |
|    loss                 | 0.047      |
|    n_updates            | 4840       |
|    policy_gradient_loss | -0.0209    |
|    std                  | 0.317      |
|    value_loss           | 0.178      |
----------------------------------------
[E2] ~2.4h remaining (81888 steps left @ 0.11s/step)
-----------------------------------------
| rollout/                |             |
|    ep_len_mean          | 12.6        |
|    ep_rew_mean          | 1.4         |
| time/                   |             |
|    eta_hours            | 2.45        |
|    fps                  | 9           |
|    iterations           | 426         |
|    sec_per_step         | 0.108       |
|    time_elapsed         | 23331       |
|    total_timesteps      | 250880      |
| train/                  |             |
|    approx_kl            | 0.015239478 |
|    clip_fraction        | 0.136       |
|    clip_range           | 0.2         |
|    entropy_loss         | -0.432      |
|    explained_variance   | 0.837       |
|    learning_rate        | 0.0001      |
|    loss                 | 0.102       |
|    n_updates            | 4850        |
|    policy_gradient_loss | -0.019      |
|    std                  | 0.316       |
|    value_loss           | 0.197       |
-----------------------------------------
[E2] ~2.5h remaining (81376 steps left @ 0.11s/step)
----------------------------------------
| rollout/                |            |
|    ep_len_mean          | 12.4       |
|    ep_rew_mean          | 1.39       |
| time/                   |            |
|    eta_hours            | 2.48       |
|    fps                  | 9          |
|    iterations           | 427        |
|    sec_per_step         | 0.11       |
|    time_elapsed         | 23389      |
|    total_timesteps      | 251392     |
| train/                  |            |
|    approx_kl            | 0.02251828 |
|    clip_fraction        | 0.195      |
|    clip_range           | 0.2        |
|    entropy_loss         | -0.425     |
|    explained_variance   | 0.814      |
|    learning_rate        | 0.0001     |
|    loss                 | 0.0552     |
|    n_updates            | 4860       |
|    policy_gradient_loss | -0.0191    |
|    std                  | 0.315      |
|    value_loss           | 0.235      |
----------------------------------------
[E2] ~2.5h remaining (80864 steps left @ 0.11s/step)
----------------------------------------
| rollout/                |            |
|    ep_len_mean          | 12.6       |
|    ep_rew_mean          | 1.38       |
| time/                   |            |
|    eta_hours            | 2.46       |
|    fps                  | 9          |
|    iterations           | 428        |
|    sec_per_step         | 0.109      |
|    time_elapsed         | 23445      |
|    total_timesteps      | 251904     |
| train/                  |            |
|    approx_kl            | 0.01446059 |
|    clip_fraction        | 0.165      |
|    clip_range           | 0.2        |
|    entropy_loss         | -0.419     |
|    explained_variance   | 0.849      |
|    learning_rate        | 0.0001     |
|    loss                 | 0.0532     |
|    n_updates            | 4870       |
|    policy_gradient_loss | -0.0209    |
|    std                  | 0.314      |
|    value_loss           | 0.193      |
----------------------------------------
[E2] ~2.3h remaining (80352 steps left @ 0.10s/step)
-----------------------------------------
| rollout/                |             |
|    ep_len_mean          | 12.5        |
|    ep_rew_mean          | 1.35        |
| time/                   |             |
|    eta_hours            | 2.33        |
|    fps                  | 9           |
|    iterations           | 429         |
|    sec_per_step         | 0.104       |
|    time_elapsed         | 23492       |
|    total_timesteps      | 252416      |
| train/                  |             |
|    approx_kl            | 0.021137288 |
|    clip_fraction        | 0.205       |
|    clip_range           | 0.2         |
|    entropy_loss         | -0.417      |
|    explained_variance   | 0.841       |
|    learning_rate        | 0.0001      |
|    loss                 | 0.0035      |
|    n_updates            | 4880        |
|    policy_gradient_loss | -0.0296     |
|    std                  | 0.314       |
|    value_loss           | 0.175       |
-----------------------------------------
[E2 eval @ step 252769]  MAPE=3.03%  p90=4.05%  success(<5%)=95.0%  mean_scan_time=543.5s
[E2 eval]  → new best MAPE 3.03% saved to runs/e2/mf_runB_5sphere_hist_560s_gpu/stage4_full/best
[E2] ~2.7h remaining (79840 steps left @ 0.12s/step)
-----------------------------------------
| rollout/                |             |
|    ep_len_mean          | 12.4        |
|    ep_rew_mean          | 1.37        |
| time/                   |             |
|    eta_hours            | 2.74        |
|    fps                  | 9           |
|    iterations           | 430         |
|    sec_per_step         | 0.124       |
|    time_elapsed         | 23579       |
|    total_timesteps      | 252928      |
| train/                  |             |
|    approx_kl            | 0.018981671 |
|    clip_fraction        | 0.171       |
|    clip_range           | 0.2         |
|    entropy_loss         | -0.418      |
|    explained_variance   | 0.855       |
|    learning_rate        | 0.0001      |
|    loss                 | 0.0143      |
|    n_updates            | 4890        |
|    policy_gradient_loss | -0.0247     |
|    std                  | 0.314       |
|    value_loss           | 0.158       |
-----------------------------------------
[E2] ~2.6h remaining (79328 steps left @ 0.12s/step)
----------------------------------------
| rollout/                |            |
|    ep_len_mean          | 12.5       |
|    ep_rew_mean          | 1.38       |
| time/                   |            |
|    eta_hours            | 2.61       |
|    fps                  | 9          |
|    iterations           | 431        |
|    sec_per_step         | 0.119      |
|    time_elapsed         | 23633      |
|    total_timesteps      | 253440     |
| train/                  |            |
|    approx_kl            | 0.02109445 |
|    clip_fraction        | 0.199      |
|    clip_range           | 0.2        |
|    entropy_loss         | -0.416     |
|    explained_variance   | 0.846      |
|    learning_rate        | 0.0001     |
|    loss                 | 0.0402     |
|    n_updates            | 4900       |
|    policy_gradient_loss | -0.0273    |
|    std                  | 0.313      |
|    value_loss           | 0.193      |
----------------------------------------
[E2] ~2.5h remaining (78816 steps left @ 0.12s/step)
-----------------------------------------
| rollout/                |             |
|    ep_len_mean          | 12.8        |
|    ep_rew_mean          | 1.37        |
| time/                   |             |
|    eta_hours            | 2.54        |
|    fps                  | 9           |
|    iterations           | 432         |
|    sec_per_step         | 0.116       |
|    time_elapsed         | 23690       |
|    total_timesteps      | 253952      |
| train/                  |             |
|    approx_kl            | 0.013622645 |
|    clip_fraction        | 0.146       |
|    clip_range           | 0.2         |
|    entropy_loss         | -0.413      |
|    explained_variance   | 0.861       |
|    learning_rate        | 0.0001      |
|    loss                 | 0.0214      |
|    n_updates            | 4910        |
|    policy_gradient_loss | -0.0193     |
|    std                  | 0.313       |
|    value_loss           | 0.149       |
-----------------------------------------
[E2] ~2.6h remaining (78304 steps left @ 0.12s/step)
-----------------------------------------
| rollout/                |             |
|    ep_len_mean          | 12.9        |
|    ep_rew_mean          | 1.36        |
| time/                   |             |
|    eta_hours            | 2.58        |
|    fps                  | 9           |
|    iterations           | 433         |
|    sec_per_step         | 0.118       |
|    time_elapsed         | 23753       |
|    total_timesteps      | 254464      |
| train/                  |             |
|    approx_kl            | 0.016959863 |
|    clip_fraction        | 0.185       |
|    clip_range           | 0.2         |
|    entropy_loss         | -0.41       |
|    explained_variance   | 0.837       |
|    learning_rate        | 0.0001      |
|    loss                 | 0.0876      |
|    n_updates            | 4920        |
|    policy_gradient_loss | -0.027      |
|    std                  | 0.313       |
|    value_loss           | 0.19        |
-----------------------------------------
[E2] ~2.5h remaining (77792 steps left @ 0.11s/step)
-----------------------------------------
| rollout/                |             |
|    ep_len_mean          | 12.7        |
|    ep_rew_mean          | 1.37        |
| time/                   |             |
|    eta_hours            | 2.45        |
|    fps                  | 9           |
|    iterations           | 434         |
|    sec_per_step         | 0.113       |
|    time_elapsed         | 23805       |
|    total_timesteps      | 254976      |
| train/                  |             |
|    approx_kl            | 0.019713514 |
|    clip_fraction        | 0.205       |
|    clip_range           | 0.2         |
|    entropy_loss         | -0.408      |
|    explained_variance   | 0.85        |
|    learning_rate        | 0.0001      |
|    loss                 | 0.0313      |
|    n_updates            | 4930        |
|    policy_gradient_loss | -0.0264     |
|    std                  | 0.313       |
|    value_loss           | 0.161       |
-----------------------------------------
[E2] ~2.4h remaining (77280 steps left @ 0.11s/step)
-----------------------------------------
| rollout/                |             |
|    ep_len_mean          | 12.5        |
|    ep_rew_mean          | 1.37        |
| time/                   |             |
|    eta_hours            | 2.43        |
|    fps                  | 9           |
|    iterations           | 435         |
|    sec_per_step         | 0.113       |
|    time_elapsed         | 23863       |
|    total_timesteps      | 255488      |
| train/                  |             |
|    approx_kl            | 0.022890013 |
|    clip_fraction        | 0.19        |
|    clip_range           | 0.2         |
|    entropy_loss         | -0.408      |
|    explained_variance   | 0.88        |
|    learning_rate        | 0.0001      |
|    loss                 | 0.0249      |
|    n_updates            | 4940        |
|    policy_gradient_loss | -0.0266     |
|    std                  | 0.313       |
|    value_loss           | 0.144       |
-----------------------------------------
[E2] ~2.3h remaining (76768 steps left @ 0.11s/step)
-----------------------------------------
| rollout/                |             |
|    ep_len_mean          | 12.5        |
|    ep_rew_mean          | 1.38        |
| time/                   |             |
|    eta_hours            | 2.32        |
|    fps                  | 9           |
|    iterations           | 436         |
|    sec_per_step         | 0.109       |
|    time_elapsed         | 23914       |
|    total_timesteps      | 256000      |
| train/                  |             |
|    approx_kl            | 0.015077628 |
|    clip_fraction        | 0.189       |
|    clip_range           | 0.2         |
|    entropy_loss         | -0.405      |
|    explained_variance   | 0.84        |
|    learning_rate        | 0.0001      |
|    loss                 | 0.047       |
|    n_updates            | 4950        |
|    policy_gradient_loss | -0.0251     |
|    std                  | 0.312       |
|    value_loss           | 0.194       |
-----------------------------------------
[E2] ~2.3h remaining (76256 steps left @ 0.11s/step)
----------------------------------------
| rollout/                |            |
|    ep_len_mean          | 12.2       |
|    ep_rew_mean          | 1.37       |
| time/                   |            |
|    eta_hours            | 2.3        |
|    fps                  | 9          |
|    iterations           | 437        |
|    sec_per_step         | 0.109      |
|    time_elapsed         | 23969      |
|    total_timesteps      | 256512     |
| train/                  |            |
|    approx_kl            | 0.01963111 |
|    clip_fraction        | 0.168      |
|    clip_range           | 0.2        |
|    entropy_loss         | -0.403     |
|    explained_variance   | 0.807      |
|    learning_rate        | 0.0001     |
|    loss                 | 0.0555     |
|    n_updates            | 4960       |
|    policy_gradient_loss | -0.0212    |
|    std                  | 0.312      |
|    value_loss           | 0.229      |
----------------------------------------
[E2] ~2.3h remaining (75744 steps left @ 0.11s/step)
---------------------------------------
| rollout/                |           |
|    ep_len_mean          | 12.3      |
|    ep_rew_mean          | 1.35      |
| time/                   |           |
|    eta_hours            | 2.33      |
|    fps                  | 9         |
|    iterations           | 438       |
|    sec_per_step         | 0.111     |
|    time_elapsed         | 24028     |
|    total_timesteps      | 257024    |
| train/                  |           |
|    approx_kl            | 0.0193328 |
|    clip_fraction        | 0.179     |
|    clip_range           | 0.2       |
|    entropy_loss         | -0.399    |
|    explained_variance   | 0.842     |
|    learning_rate        | 0.0001    |
|    loss                 | 0.0308    |
|    n_updates            | 4970      |
|    policy_gradient_loss | -0.0222   |
|    std                  | 0.311     |
|    value_loss           | 0.196     |
---------------------------------------
[E2] ~2.2h remaining (75232 steps left @ 0.10s/step)
-----------------------------------------
| rollout/                |             |
|    ep_len_mean          | 12.2        |
|    ep_rew_mean          | 1.34        |
| time/                   |             |
|    eta_hours            | 2.19        |
|    fps                  | 9           |
|    iterations           | 439         |
|    sec_per_step         | 0.105       |
|    time_elapsed         | 24075       |
|    total_timesteps      | 257536      |
| train/                  |             |
|    approx_kl            | 0.015634414 |
|    clip_fraction        | 0.18        |
|    clip_range           | 0.2         |
|    entropy_loss         | -0.391      |
|    explained_variance   | 0.843       |
|    learning_rate        | 0.0001      |
|    loss                 | 0.0693      |
|    n_updates            | 4980        |
|    policy_gradient_loss | -0.0231     |
|    std                  | 0.309       |
|    value_loss           | 0.198       |
-----------------------------------------
[E2] ~2.2h remaining (74720 steps left @ 0.11s/step)
-----------------------------------------
| rollout/                |             |
|    ep_len_mean          | 12.2        |
|    ep_rew_mean          | 1.34        |
| time/                   |             |
|    eta_hours            | 2.2         |
|    fps                  | 9           |
|    iterations           | 440         |
|    sec_per_step         | 0.106       |
|    time_elapsed         | 24130       |
|    total_timesteps      | 258048      |
| train/                  |             |
|    approx_kl            | 0.024936633 |
|    clip_fraction        | 0.225       |
|    clip_range           | 0.2         |
|    entropy_loss         | -0.383      |
|    explained_variance   | 0.865       |
|    learning_rate        | 0.0001      |
|    loss                 | 0.0883      |
|    n_updates            | 4990        |
|    policy_gradient_loss | -0.0276     |
|    std                  | 0.308       |
|    value_loss           | 0.16        |
-----------------------------------------
[E2] ~2.1h remaining (74208 steps left @ 0.10s/step)
-----------------------------------------
| rollout/                |             |
|    ep_len_mean          | 12.1        |
|    ep_rew_mean          | 1.33        |
| time/                   |             |
|    eta_hours            | 2.14        |
|    fps                  | 9           |
|    iterations           | 441         |
|    sec_per_step         | 0.104       |
|    time_elapsed         | 24181       |
|    total_timesteps      | 258560      |
| train/                  |             |
|    approx_kl            | 0.017766349 |
|    clip_fraction        | 0.165       |
|    clip_range           | 0.2         |
|    entropy_loss         | -0.375      |
|    explained_variance   | 0.825       |
|    learning_rate        | 0.0001      |
|    loss                 | 0.0802      |
|    n_updates            | 5000        |
|    policy_gradient_loss | -0.0228     |
|    std                  | 0.307       |
|    value_loss           | 0.213       |
-----------------------------------------
[E2] ~2.1h remaining (73696 steps left @ 0.10s/step)
----------------------------------------
| rollout/                |            |
|    ep_len_mean          | 12.4       |
|    ep_rew_mean          | 1.35       |
| time/                   |            |
|    eta_hours            | 2.14       |
|    fps                  | 9          |
|    iterations           | 442        |
|    sec_per_step         | 0.105      |
|    time_elapsed         | 24235      |
|    total_timesteps      | 259072     |
| train/                  |            |
|    approx_kl            | 0.01720035 |
|    clip_fraction        | 0.157      |
|    clip_range           | 0.2        |
|    entropy_loss         | -0.367     |
|    explained_variance   | 0.841      |
|    learning_rate        | 0.0001     |
|    loss                 | 0.0596     |
|    n_updates            | 5010       |
|    policy_gradient_loss | -0.0251    |
|    std                  | 0.306      |
|    value_loss           | 0.186      |
----------------------------------------
[E2] ~2.1h remaining (73184 steps left @ 0.10s/step)
-----------------------------------------
| rollout/                |             |
|    ep_len_mean          | 12.6        |
|    ep_rew_mean          | 1.37        |
| time/                   |             |
|    eta_hours            | 2.07        |
|    fps                  | 9           |
|    iterations           | 443         |
|    sec_per_step         | 0.102       |
|    time_elapsed         | 24284       |
|    total_timesteps      | 259584      |
| train/                  |             |
|    approx_kl            | 0.018497886 |
|    clip_fraction        | 0.205       |
|    clip_range           | 0.2         |
|    entropy_loss         | -0.364      |
|    explained_variance   | 0.834       |
|    learning_rate        | 0.0001      |
|    loss                 | 0.0299      |
|    n_updates            | 5020        |
|    policy_gradient_loss | -0.0254     |
|    std                  | 0.306       |
|    value_loss           | 0.168       |
-----------------------------------------
[E2] ~2.1h remaining (72672 steps left @ 0.10s/step)
----------------------------------------
| rollout/                |            |
|    ep_len_mean          | 12.9       |
|    ep_rew_mean          | 1.34       |
| time/                   |            |
|    eta_hours            | 2.08       |
|    fps                  | 9          |
|    iterations           | 444        |
|    sec_per_step         | 0.103      |
|    time_elapsed         | 24339      |
|    total_timesteps      | 260096     |
| train/                  |            |
|    approx_kl            | 0.01843493 |
|    clip_fraction        | 0.197      |
|    clip_range           | 0.2        |
|    entropy_loss         | -0.361     |
|    explained_variance   | 0.877      |
|    learning_rate        | 0.0001     |
|    loss                 | 0.0358     |
|    n_updates            | 5030       |
|    policy_gradient_loss | -0.0283    |
|    std                  | 0.305      |
|    value_loss           | 0.144      |
----------------------------------------
[E2] ~2.0h remaining (72160 steps left @ 0.10s/step)
-----------------------------------------
| rollout/                |             |
|    ep_len_mean          | 13.4        |
|    ep_rew_mean          | 1.36        |
| time/                   |             |
|    eta_hours            | 2.05        |
|    fps                  | 9           |
|    iterations           | 445         |
|    sec_per_step         | 0.102       |
|    time_elapsed         | 24390       |
|    total_timesteps      | 260608      |
| train/                  |             |
|    approx_kl            | 0.020245982 |
|    clip_fraction        | 0.228       |
|    clip_range           | 0.2         |
|    entropy_loss         | -0.355      |
|    explained_variance   | 0.845       |
|    learning_rate        | 0.0001      |
|    loss                 | 0.022       |
|    n_updates            | 5040        |
|    policy_gradient_loss | -0.0304     |
|    std                  | 0.304       |
|    value_loss           | 0.175       |
-----------------------------------------
[E2] ~2.1h remaining (71648 steps left @ 0.10s/step)
------------------------------------------
| rollout/                |              |
|    ep_len_mean          | 13           |
|    ep_rew_mean          | 1.36         |
| time/                   |              |
|    eta_hours            | 2.07         |
|    fps                  | 9            |
|    iterations           | 446          |
|    sec_per_step         | 0.104        |
|    time_elapsed         | 24446        |
|    total_timesteps      | 261120       |
| train/                  |              |
|    approx_kl            | 0.0129892845 |
|    clip_fraction        | 0.147        |
|    clip_range           | 0.2          |
|    entropy_loss         | -0.345       |
|    explained_variance   | 0.82         |
|    learning_rate        | 0.0001       |
|    loss                 | 0.0411       |
|    n_updates            | 5050         |
|    policy_gradient_loss | -0.0213      |
|    std                  | 0.303        |
|    value_loss           | 0.215        |
------------------------------------------
[E2] ~2.1h remaining (71136 steps left @ 0.10s/step)
-----------------------------------------
| rollout/                |             |
|    ep_len_mean          | 12.4        |
|    ep_rew_mean          | 1.37        |
| time/                   |             |
|    eta_hours            | 2.07        |
|    fps                  | 9           |
|    iterations           | 447         |
|    sec_per_step         | 0.105       |
|    time_elapsed         | 24500       |
|    total_timesteps      | 261632      |
| train/                  |             |
|    approx_kl            | 0.014398732 |
|    clip_fraction        | 0.157       |
|    clip_range           | 0.2         |
|    entropy_loss         | -0.338      |
|    explained_variance   | 0.85        |
|    learning_rate        | 0.0001      |
|    loss                 | 0.108       |
|    n_updates            | 5060        |
|    policy_gradient_loss | -0.021      |
|    std                  | 0.302       |
|    value_loss           | 0.178       |
-----------------------------------------
[E2] ~2.1h remaining (70624 steps left @ 0.10s/step)
-----------------------------------------
| rollout/                |             |
|    ep_len_mean          | 13          |
|    ep_rew_mean          | 1.37        |
| time/                   |             |
|    eta_hours            | 2.06        |
|    fps                  | 9           |
|    iterations           | 448         |
|    sec_per_step         | 0.105       |
|    time_elapsed         | 24554       |
|    total_timesteps      | 262144      |
| train/                  |             |
|    approx_kl            | 0.022891006 |
|    clip_fraction        | 0.174       |
|    clip_range           | 0.2         |
|    entropy_loss         | -0.336      |
|    explained_variance   | 0.862       |
|    learning_rate        | 0.0001      |
|    loss                 | 0.0602      |
|    n_updates            | 5070        |
|    policy_gradient_loss | -0.0293     |
|    std                  | 0.302       |
|    value_loss           | 0.17        |
-----------------------------------------
[E2] ~2.1h remaining (70112 steps left @ 0.11s/step)
-----------------------------------------
| rollout/                |             |
|    ep_len_mean          | 13.5        |
|    ep_rew_mean          | 1.38        |
| time/                   |             |
|    eta_hours            | 2.07        |
|    fps                  | 9           |
|    iterations           | 449         |
|    sec_per_step         | 0.106       |
|    time_elapsed         | 24610       |
|    total_timesteps      | 262656      |
| train/                  |             |
|    approx_kl            | 0.021858044 |
|    clip_fraction        | 0.196       |
|    clip_range           | 0.2         |
|    entropy_loss         | -0.336      |
|    explained_variance   | 0.865       |
|    learning_rate        | 0.0001      |
|    loss                 | 0.0979      |
|    n_updates            | 5080        |
|    policy_gradient_loss | -0.0272     |
|    std                  | 0.302       |
|    value_loss           | 0.168       |
-----------------------------------------
[E2 eval @ step 262769]  MAPE=3.84%  p90=5.85%  success(<5%)=60.0%  mean_scan_time=538.2s
[E2] ~2.3h remaining (69600 steps left @ 0.12s/step)
-----------------------------------------
| rollout/                |             |
|    ep_len_mean          | 13.6        |
|    ep_rew_mean          | 1.38        |
| time/                   |             |
|    eta_hours            | 2.29        |
|    fps                  | 9           |
|    iterations           | 450         |
|    sec_per_step         | 0.118       |
|    time_elapsed         | 24685       |
|    total_timesteps      | 263168      |
| train/                  |             |
|    approx_kl            | 0.020192984 |
|    clip_fraction        | 0.191       |
|    clip_range           | 0.2         |
|    entropy_loss         | -0.333      |
|    explained_variance   | 0.833       |
|    learning_rate        | 0.0001      |
|    loss                 | 0.108       |
|    n_updates            | 5090        |
|    policy_gradient_loss | -0.0276     |
|    std                  | 0.302       |
|    value_loss           | 0.189       |
-----------------------------------------
[E2] ~2.2h remaining (69088 steps left @ 0.12s/step)
-----------------------------------------
| rollout/                |             |
|    ep_len_mean          | 13.5        |
|    ep_rew_mean          | 1.37        |
| time/                   |             |
|    eta_hours            | 2.23        |
|    fps                  | 9           |
|    iterations           | 451         |
|    sec_per_step         | 0.116       |
|    time_elapsed         | 24742       |
|    total_timesteps      | 263680      |
| train/                  |             |
|    approx_kl            | 0.027144983 |
|    clip_fraction        | 0.213       |
|    clip_range           | 0.2         |
|    entropy_loss         | -0.328      |
|    explained_variance   | 0.858       |
|    learning_rate        | 0.0001      |
|    loss                 | 0.0391      |
|    n_updates            | 5100        |
|    policy_gradient_loss | -0.0284     |
|    std                  | 0.301       |
|    value_loss           | 0.161       |
-----------------------------------------
[E2] ~2.2h remaining (68576 steps left @ 0.11s/step)
-----------------------------------------
| rollout/                |             |
|    ep_len_mean          | 13.6        |
|    ep_rew_mean          | 1.36        |
| time/                   |             |
|    eta_hours            | 2.18        |
|    fps                  | 9           |
|    iterations           | 452         |
|    sec_per_step         | 0.115       |
|    time_elapsed         | 24799       |
|    total_timesteps      | 264192      |
| train/                  |             |
|    approx_kl            | 0.016823102 |
|    clip_fraction        | 0.155       |
|    clip_range           | 0.2         |
|    entropy_loss         | -0.323      |
|    explained_variance   | 0.857       |
|    learning_rate        | 0.0001      |
|    loss                 | 0.0349      |
|    n_updates            | 5110        |
|    policy_gradient_loss | -0.0223     |
|    std                  | 0.3         |
|    value_loss           | 0.162       |
-----------------------------------------
[E2] ~2.1h remaining (68064 steps left @ 0.11s/step)
----------------------------------------
| rollout/                |            |
|    ep_len_mean          | 14.1       |
|    ep_rew_mean          | 1.35       |
| time/                   |            |
|    eta_hours            | 2.14       |
|    fps                  | 9          |
|    iterations           | 453        |
|    sec_per_step         | 0.113      |
|    time_elapsed         | 24855      |
|    total_timesteps      | 264704     |
| train/                  |            |
|    approx_kl            | 0.02497517 |
|    clip_fraction        | 0.203      |
|    clip_range           | 0.2        |
|    entropy_loss         | -0.32      |
|    explained_variance   | 0.835      |
|    learning_rate        | 0.0001     |
|    loss                 | 0.00167    |
|    n_updates            | 5120       |
|    policy_gradient_loss | -0.0266    |
|    std                  | 0.299      |
|    value_loss           | 0.21       |
----------------------------------------
[E2] ~2.1h remaining (67552 steps left @ 0.11s/step)
-----------------------------------------
| rollout/                |             |
|    ep_len_mean          | 13.9        |
|    ep_rew_mean          | 1.37        |
| time/                   |             |
|    eta_hours            | 2.13        |
|    fps                  | 9           |
|    iterations           | 454         |
|    sec_per_step         | 0.113       |
|    time_elapsed         | 24913       |
|    total_timesteps      | 265216      |
| train/                  |             |
|    approx_kl            | 0.030773321 |
|    clip_fraction        | 0.217       |
|    clip_range           | 0.2         |
|    entropy_loss         | -0.318      |
|    explained_variance   | 0.857       |
|    learning_rate        | 0.0001      |
|    loss                 | 0.0055      |
|    n_updates            | 5130        |
|    policy_gradient_loss | -0.0315     |
|    std                  | 0.299       |
|    value_loss           | 0.146       |
-----------------------------------------
[E2] ~2.1h remaining (67040 steps left @ 0.11s/step)
-----------------------------------------
| rollout/                |             |
|    ep_len_mean          | 13.8        |
|    ep_rew_mean          | 1.36        |
| time/                   |             |
|    eta_hours            | 2.07        |
|    fps                  | 9           |
|    iterations           | 455         |
|    sec_per_step         | 0.111       |
|    time_elapsed         | 24967       |
|    total_timesteps      | 265728      |
| train/                  |             |
|    approx_kl            | 0.017195452 |
|    clip_fraction        | 0.206       |
|    clip_range           | 0.2         |
|    entropy_loss         | -0.317      |
|    explained_variance   | 0.791       |
|    learning_rate        | 0.0001      |
|    loss                 | 0.0896      |
|    n_updates            | 5140        |
|    policy_gradient_loss | -0.0225     |
|    std                  | 0.299       |
|    value_loss           | 0.238       |
-----------------------------------------
[E2] ~2.1h remaining (66528 steps left @ 0.11s/step)
-----------------------------------------
| rollout/                |             |
|    ep_len_mean          | 13.7        |
|    ep_rew_mean          | 1.36        |
| time/                   |             |
|    eta_hours            | 2.06        |
|    fps                  | 9           |
|    iterations           | 456         |
|    sec_per_step         | 0.111       |
|    time_elapsed         | 25025       |
|    total_timesteps      | 266240      |
| train/                  |             |
|    approx_kl            | 0.021833451 |
|    clip_fraction        | 0.183       |
|    clip_range           | 0.2         |
|    entropy_loss         | -0.316      |
|    explained_variance   | 0.792       |
|    learning_rate        | 0.0001      |
|    loss                 | 0.0365      |
|    n_updates            | 5150        |
|    policy_gradient_loss | -0.0244     |
|    std                  | 0.3         |
|    value_loss           | 0.224       |
-----------------------------------------
[E2] ~2.0h remaining (66016 steps left @ 0.11s/step)
-----------------------------------------
| rollout/                |             |
|    ep_len_mean          | 13.7        |
|    ep_rew_mean          | 1.35        |
| time/                   |             |
|    eta_hours            | 2.03        |
|    fps                  | 9           |
|    iterations           | 457         |
|    sec_per_step         | 0.111       |
|    time_elapsed         | 25081       |
|    total_timesteps      | 266752      |
| train/                  |             |
|    approx_kl            | 0.016270237 |
|    clip_fraction        | 0.209       |
|    clip_range           | 0.2         |
|    entropy_loss         | -0.312      |
|    explained_variance   | 0.834       |
|    learning_rate        | 0.0001      |
|    loss                 | 0.0368      |
|    n_updates            | 5160        |
|    policy_gradient_loss | -0.0283     |
|    std                  | 0.298       |
|    value_loss           | 0.197       |
-----------------------------------------
[E2] ~2.1h remaining (65504 steps left @ 0.11s/step)
-----------------------------------------
| rollout/                |             |
|    ep_len_mean          | 14          |
|    ep_rew_mean          | 1.34        |
| time/                   |             |
|    eta_hours            | 2.06        |
|    fps                  | 9           |
|    iterations           | 458         |
|    sec_per_step         | 0.113       |
|    time_elapsed         | 25141       |
|    total_timesteps      | 267264      |
| train/                  |             |
|    approx_kl            | 0.017403686 |
|    clip_fraction        | 0.229       |
|    clip_range           | 0.2         |
|    entropy_loss         | -0.307      |
|    explained_variance   | 0.865       |
|    learning_rate        | 0.0001      |
|    loss                 | 0.0071      |
|    n_updates            | 5170        |
|    policy_gradient_loss | -0.0277     |
|    std                  | 0.298       |
|    value_loss           | 0.158       |
-----------------------------------------
[E2] ~2.0h remaining (64992 steps left @ 0.11s/step)
-----------------------------------------
| rollout/                |             |
|    ep_len_mean          | 14.1        |
|    ep_rew_mean          | 1.34        |
| time/                   |             |
|    eta_hours            | 1.96        |
|    fps                  | 9           |
|    iterations           | 459         |
|    sec_per_step         | 0.108       |
|    time_elapsed         | 25191       |
|    total_timesteps      | 267776      |
| train/                  |             |
|    approx_kl            | 0.018837916 |
|    clip_fraction        | 0.195       |
|    clip_range           | 0.2         |
|    entropy_loss         | -0.305      |
|    explained_variance   | 0.842       |
|    learning_rate        | 0.0001      |
|    loss                 | 0.0189      |
|    n_updates            | 5180        |
|    policy_gradient_loss | -0.0242     |
|    std                  | 0.297       |
|    value_loss           | 0.15        |
-----------------------------------------
[E2] ~1.9h remaining (64480 steps left @ 0.11s/step)
-----------------------------------------
| rollout/                |             |
|    ep_len_mean          | 14.2        |
|    ep_rew_mean          | 1.33        |
| time/                   |             |
|    eta_hours            | 1.92        |
|    fps                  | 9           |
|    iterations           | 460         |
|    sec_per_step         | 0.107       |
|    time_elapsed         | 25245       |
|    total_timesteps      | 268288      |
| train/                  |             |
|    approx_kl            | 0.019582601 |
|    clip_fraction        | 0.157       |
|    clip_range           | 0.2         |
|    entropy_loss         | -0.299      |
|    explained_variance   | 0.825       |
|    learning_rate        | 0.0001      |
|    loss                 | 0.0871      |
|    n_updates            | 5190        |
|    policy_gradient_loss | -0.0211     |
|    std                  | 0.296       |
|    value_loss           | 0.184       |
-----------------------------------------
[E2] ~1.9h remaining (63968 steps left @ 0.11s/step)
-----------------------------------------
| rollout/                |             |
|    ep_len_mean          | 14.1        |
|    ep_rew_mean          | 1.35        |
| time/                   |             |
|    eta_hours            | 1.9         |
|    fps                  | 9           |
|    iterations           | 461         |
|    sec_per_step         | 0.107       |
|    time_elapsed         | 25299       |
|    total_timesteps      | 268800      |
| train/                  |             |
|    approx_kl            | 0.019013174 |
|    clip_fraction        | 0.189       |
|    clip_range           | 0.2         |
|    entropy_loss         | -0.296      |
|    explained_variance   | 0.85        |
|    learning_rate        | 0.0001      |
|    loss                 | 0.0621      |
|    n_updates            | 5200        |
|    policy_gradient_loss | -0.0259     |
|    std                  | 0.296       |
|    value_loss           | 0.157       |
-----------------------------------------
[E2] ~1.9h remaining (63456 steps left @ 0.11s/step)
-----------------------------------------
| rollout/                |             |
|    ep_len_mean          | 14.1        |
|    ep_rew_mean          | 1.37        |
| time/                   |             |
|    eta_hours            | 1.92        |
|    fps                  | 9           |
|    iterations           | 462         |
|    sec_per_step         | 0.109       |
|    time_elapsed         | 25358       |
|    total_timesteps      | 269312      |
| train/                  |             |
|    approx_kl            | 0.012942173 |
|    clip_fraction        | 0.162       |
|    clip_range           | 0.2         |
|    entropy_loss         | -0.295      |
|    explained_variance   | 0.778       |
|    learning_rate        | 0.0001      |
|    loss                 | 0.101       |
|    n_updates            | 5210        |
|    policy_gradient_loss | -0.0215     |
|    std                  | 0.295       |
|    value_loss           | 0.249       |
-----------------------------------------
[E2] ~1.9h remaining (62944 steps left @ 0.11s/step)
-----------------------------------------
| rollout/                |             |
|    ep_len_mean          | 13.9        |
|    ep_rew_mean          | 1.36        |
| time/                   |             |
|    eta_hours            | 1.9         |
|    fps                  | 9           |
|    iterations           | 463         |
|    sec_per_step         | 0.109       |
|    time_elapsed         | 25413       |
|    total_timesteps      | 269824      |
| train/                  |             |
|    approx_kl            | 0.020316388 |
|    clip_fraction        | 0.19        |
|    clip_range           | 0.2         |
|    entropy_loss         | -0.289      |
|    explained_variance   | 0.804       |
|    learning_rate        | 0.0001      |
|    loss                 | 0.0638      |
|    n_updates            | 5220        |
|    policy_gradient_loss | -0.0271     |
|    std                  | 0.294       |
|    value_loss           | 0.205       |
-----------------------------------------
[E2] ~1.9h remaining (62432 steps left @ 0.11s/step)
-----------------------------------------
| rollout/                |             |
|    ep_len_mean          | 13.8        |
|    ep_rew_mean          | 1.33        |
| time/                   |             |
|    eta_hours            | 1.91        |
|    fps                  | 9           |
|    iterations           | 464         |
|    sec_per_step         | 0.11        |
|    time_elapsed         | 25471       |
|    total_timesteps      | 270336      |
| train/                  |             |
|    approx_kl            | 0.016083606 |
|    clip_fraction        | 0.175       |
|    clip_range           | 0.2         |
|    entropy_loss         | -0.28       |
|    explained_variance   | 0.794       |
|    learning_rate        | 0.0001      |
|    loss                 | 0.0939      |
|    n_updates            | 5230        |
|    policy_gradient_loss | -0.0253     |
|    std                  | 0.293       |
|    value_loss           | 0.22        |
-----------------------------------------
[E2] ~1.9h remaining (61920 steps left @ 0.11s/step)
-----------------------------------------
| rollout/                |             |
|    ep_len_mean          | 13.6        |
|    ep_rew_mean          | 1.32        |
| time/                   |             |
|    eta_hours            | 1.88        |
|    fps                  | 9           |
|    iterations           | 465         |
|    sec_per_step         | 0.109       |
|    time_elapsed         | 25526       |
|    total_timesteps      | 270848      |
| train/                  |             |
|    approx_kl            | 0.014675806 |
|    clip_fraction        | 0.162       |
|    clip_range           | 0.2         |
|    entropy_loss         | -0.275      |
|    explained_variance   | 0.825       |
|    learning_rate        | 0.0001      |
|    loss                 | 0.05        |
|    n_updates            | 5240        |
|    policy_gradient_loss | -0.0254     |
|    std                  | 0.293       |
|    value_loss           | 0.207       |
-----------------------------------------
[E2] ~1.9h remaining (61408 steps left @ 0.11s/step)
-----------------------------------------
| rollout/                |             |
|    ep_len_mean          | 13.2        |
|    ep_rew_mean          | 1.36        |
| time/                   |             |
|    eta_hours            | 1.88        |
|    fps                  | 9           |
|    iterations           | 466         |
|    sec_per_step         | 0.11        |
|    time_elapsed         | 25584       |
|    total_timesteps      | 271360      |
| train/                  |             |
|    approx_kl            | 0.018233942 |
|    clip_fraction        | 0.221       |
|    clip_range           | 0.2         |
|    entropy_loss         | -0.272      |
|    explained_variance   | 0.795       |
|    learning_rate        | 0.0001      |
|    loss                 | 0.102       |
|    n_updates            | 5250        |
|    policy_gradient_loss | -0.0323     |
|    std                  | 0.293       |
|    value_loss           | 0.257       |
-----------------------------------------
[E2] ~1.8h remaining (60896 steps left @ 0.11s/step)
-----------------------------------------
| rollout/                |             |
|    ep_len_mean          | 13.6        |
|    ep_rew_mean          | 1.35        |
| time/                   |             |
|    eta_hours            | 1.81        |
|    fps                  | 9           |
|    iterations           | 467         |
|    sec_per_step         | 0.107       |
|    time_elapsed         | 25634       |
|    total_timesteps      | 271872      |
| train/                  |             |
|    approx_kl            | 0.017251346 |
|    clip_fraction        | 0.198       |
|    clip_range           | 0.2         |
|    entropy_loss         | -0.269      |
|    explained_variance   | 0.814       |
|    learning_rate        | 0.0001      |
|    loss                 | 0.0843      |
|    n_updates            | 5260        |
|    policy_gradient_loss | -0.0283     |
|    std                  | 0.292       |
|    value_loss           | 0.199       |
-----------------------------------------
[E2] ~1.8h remaining (60384 steps left @ 0.11s/step)
-----------------------------------------
| rollout/                |             |
|    ep_len_mean          | 13.5        |
|    ep_rew_mean          | 1.36        |
| time/                   |             |
|    eta_hours            | 1.77        |
|    fps                  | 9           |
|    iterations           | 468         |
|    sec_per_step         | 0.106       |
|    time_elapsed         | 25687       |
|    total_timesteps      | 272384      |
| train/                  |             |
|    approx_kl            | 0.010786235 |
|    clip_fraction        | 0.121       |
|    clip_range           | 0.2         |
|    entropy_loss         | -0.265      |
|    explained_variance   | 0.858       |
|    learning_rate        | 0.0001      |
|    loss                 | 0.0217      |
|    n_updates            | 5270        |
|    policy_gradient_loss | -0.019      |
|    std                  | 0.292       |
|    value_loss           | 0.163       |
-----------------------------------------
[E2 eval @ step 272769]  MAPE=3.16%  p90=4.37%  success(<5%)=100.0%  mean_scan_time=538.6s
[E2] ~2.2h remaining (59872 steps left @ 0.13s/step)
-----------------------------------------
| rollout/                |             |
|    ep_len_mean          | 13.9        |
|    ep_rew_mean          | 1.36        |
| time/                   |             |
|    eta_hours            | 2.16        |
|    fps                  | 9           |
|    iterations           | 469         |
|    sec_per_step         | 0.13        |
|    time_elapsed         | 25782       |
|    total_timesteps      | 272896      |
| train/                  |             |
|    approx_kl            | 0.015914451 |
|    clip_fraction        | 0.185       |
|    clip_range           | 0.2         |
|    entropy_loss         | -0.262      |
|    explained_variance   | 0.855       |
|    learning_rate        | 0.0001      |
|    loss                 | 0.112       |
|    n_updates            | 5280        |
|    policy_gradient_loss | -0.0265     |
|    std                  | 0.291       |
|    value_loss           | 0.16        |
-----------------------------------------
[E2] ~2.0h remaining (59360 steps left @ 0.12s/step)
----------------------------------------
| rollout/                |            |
|    ep_len_mean          | 13.9       |
|    ep_rew_mean          | 1.35       |
| time/                   |            |
|    eta_hours            | 1.98       |
|    fps                  | 9          |
|    iterations           | 470        |
|    sec_per_step         | 0.12       |
|    time_elapsed         | 25832      |
|    total_timesteps      | 273408     |
| train/                  |            |
|    approx_kl            | 0.01412658 |
|    clip_fraction        | 0.156      |
|    clip_range           | 0.2        |
|    entropy_loss         | -0.259     |
|    explained_variance   | 0.864      |
|    learning_rate        | 0.0001     |
|    loss                 | 0.0404     |
|    n_updates            | 5290       |
|    policy_gradient_loss | -0.0219    |
|    std                  | 0.291      |
|    value_loss           | 0.163      |
----------------------------------------
[E2] ~1.9h remaining (58848 steps left @ 0.12s/step)
-----------------------------------------
| rollout/                |             |
|    ep_len_mean          | 13.8        |
|    ep_rew_mean          | 1.35        |
| time/                   |             |
|    eta_hours            | 1.89        |
|    fps                  | 9           |
|    iterations           | 471         |
|    sec_per_step         | 0.116       |
|    time_elapsed         | 25886       |
|    total_timesteps      | 273920      |
| train/                  |             |
|    approx_kl            | 0.020314047 |
|    clip_fraction        | 0.205       |
|    clip_range           | 0.2         |
|    entropy_loss         | -0.257      |
|    explained_variance   | 0.833       |
|    learning_rate        | 0.0001      |
|    loss                 | 0.0151      |
|    n_updates            | 5300        |
|    policy_gradient_loss | -0.0229     |
|    std                  | 0.291       |
|    value_loss           | 0.177       |
-----------------------------------------
[E2] ~1.8h remaining (58336 steps left @ 0.11s/step)
----------------------------------------
| rollout/                |            |
|    ep_len_mean          | 13.6       |
|    ep_rew_mean          | 1.39       |
| time/                   |            |
|    eta_hours            | 1.84       |
|    fps                  | 9          |
|    iterations           | 472        |
|    sec_per_step         | 0.114      |
|    time_elapsed         | 25942      |
|    total_timesteps      | 274432     |
| train/                  |            |
|    approx_kl            | 0.02292785 |
|    clip_fraction        | 0.231      |
|    clip_range           | 0.2        |
|    entropy_loss         | -0.253     |
|    explained_variance   | 0.825      |
|    learning_rate        | 0.0001     |
|    loss                 | 0.0765     |
|    n_updates            | 5310       |
|    policy_gradient_loss | -0.0248    |
|    std                  | 0.29       |
|    value_loss           | 0.192      |
----------------------------------------
[E2] ~1.8h remaining (57824 steps left @ 0.11s/step)
----------------------------------------
| rollout/                |            |
|    ep_len_mean          | 13.3       |
|    ep_rew_mean          | 1.4        |
| time/                   |            |
|    eta_hours            | 1.84       |
|    fps                  | 9          |
|    iterations           | 473        |
|    sec_per_step         | 0.115      |
|    time_elapsed         | 26002      |
|    total_timesteps      | 274944     |
| train/                  |            |
|    approx_kl            | 0.01755333 |
|    clip_fraction        | 0.175      |
|    clip_range           | 0.2        |
|    entropy_loss         | -0.252     |
|    explained_variance   | 0.838      |
|    learning_rate        | 0.0001     |
|    loss                 | 0.034      |
|    n_updates            | 5320       |
|    policy_gradient_loss | -0.024     |
|    std                  | 0.291      |
|    value_loss           | 0.198      |
----------------------------------------
[E2] ~1.8h remaining (57312 steps left @ 0.11s/step)
-----------------------------------------
| rollout/                |             |
|    ep_len_mean          | 13.5        |
|    ep_rew_mean          | 1.38        |
| time/                   |             |
|    eta_hours            | 1.78        |
|    fps                  | 9           |
|    iterations           | 474         |
|    sec_per_step         | 0.112       |
|    time_elapsed         | 26056       |
|    total_timesteps      | 275456      |
| train/                  |             |
|    approx_kl            | 0.025564274 |
|    clip_fraction        | 0.225       |
|    clip_range           | 0.2         |
|    entropy_loss         | -0.25       |
|    explained_variance   | 0.841       |
|    learning_rate        | 0.0001      |
|    loss                 | 0.0276      |
|    n_updates            | 5330        |
|    policy_gradient_loss | -0.0329     |
|    std                  | 0.289       |
|    value_loss           | 0.204       |
-----------------------------------------
[E2] ~1.8h remaining (56800 steps left @ 0.11s/step)
-----------------------------------------
| rollout/                |             |
|    ep_len_mean          | 13.3        |
|    ep_rew_mean          | 1.36        |
| time/                   |             |
|    eta_hours            | 1.77        |
|    fps                  | 9           |
|    iterations           | 475         |
|    sec_per_step         | 0.112       |
|    time_elapsed         | 26114       |
|    total_timesteps      | 275968      |
| train/                  |             |
|    approx_kl            | 0.019189905 |
|    clip_fraction        | 0.2         |
|    clip_range           | 0.2         |
|    entropy_loss         | -0.241      |
|    explained_variance   | 0.834       |
|    learning_rate        | 0.0001      |
|    loss                 | 0.0106      |
|    n_updates            | 5340        |
|    policy_gradient_loss | -0.0324     |
|    std                  | 0.289       |
|    value_loss           | 0.177       |
-----------------------------------------
[E2] ~1.7h remaining (56288 steps left @ 0.11s/step)
-----------------------------------------
| rollout/                |             |
|    ep_len_mean          | 13.2        |
|    ep_rew_mean          | 1.34        |
| time/                   |             |
|    eta_hours            | 1.7         |
|    fps                  | 9           |
|    iterations           | 476         |
|    sec_per_step         | 0.109       |
|    time_elapsed         | 26166       |
|    total_timesteps      | 276480      |
| train/                  |             |
|    approx_kl            | 0.021907087 |
|    clip_fraction        | 0.193       |
|    clip_range           | 0.2         |
|    entropy_loss         | -0.239      |
|    explained_variance   | 0.814       |
|    learning_rate        | 0.0001      |
|    loss                 | 0.0549      |
|    n_updates            | 5350        |
|    policy_gradient_loss | -0.0245     |
|    std                  | 0.288       |
|    value_loss           | 0.192       |
-----------------------------------------
[E2] ~1.7h remaining (55776 steps left @ 0.11s/step)
-----------------------------------------
| rollout/                |             |
|    ep_len_mean          | 13.1        |
|    ep_rew_mean          | 1.37        |
| time/                   |             |
|    eta_hours            | 1.7         |
|    fps                  | 9           |
|    iterations           | 477         |
|    sec_per_step         | 0.11        |
|    time_elapsed         | 26223       |
|    total_timesteps      | 276992      |
| train/                  |             |
|    approx_kl            | 0.023922412 |
|    clip_fraction        | 0.174       |
|    clip_range           | 0.2         |
|    entropy_loss         | -0.239      |
|    explained_variance   | 0.827       |
|    learning_rate        | 0.0001      |
|    loss                 | 0.0467      |
|    n_updates            | 5360        |
|    policy_gradient_loss | -0.0244     |
|    std                  | 0.289       |
|    value_loss           | 0.207       |
-----------------------------------------
[E2] ~1.7h remaining (55264 steps left @ 0.11s/step)
-----------------------------------------
| rollout/                |             |
|    ep_len_mean          | 13.2        |
|    ep_rew_mean          | 1.36        |
| time/                   |             |
|    eta_hours            | 1.7         |
|    fps                  | 9           |
|    iterations           | 478         |
|    sec_per_step         | 0.111       |
|    time_elapsed         | 26281       |
|    total_timesteps      | 277504      |
| train/                  |             |
|    approx_kl            | 0.023886383 |
|    clip_fraction        | 0.198       |
|    clip_range           | 0.2         |
|    entropy_loss         | -0.239      |
|    explained_variance   | 0.86        |
|    learning_rate        | 0.0001      |
|    loss                 | 0.0467      |
|    n_updates            | 5370        |
|    policy_gradient_loss | -0.0311     |
|    std                  | 0.288       |
|    value_loss           | 0.161       |
-----------------------------------------
[E2] ~1.7h remaining (54752 steps left @ 0.11s/step)
-----------------------------------------
| rollout/                |             |
|    ep_len_mean          | 13.7        |
|    ep_rew_mean          | 1.36        |
| time/                   |             |
|    eta_hours            | 1.66        |
|    fps                  | 9           |
|    iterations           | 479         |
|    sec_per_step         | 0.109       |
|    time_elapsed         | 26335       |
|    total_timesteps      | 278016      |
| train/                  |             |
|    approx_kl            | 0.014933585 |
|    clip_fraction        | 0.164       |
|    clip_range           | 0.2         |
|    entropy_loss         | -0.234      |
|    explained_variance   | 0.78        |
|    learning_rate        | 0.0001      |
|    loss                 | 0.0918      |
|    n_updates            | 5380        |
|    policy_gradient_loss | -0.0236     |
|    std                  | 0.287       |
|    value_loss           | 0.262       |
-----------------------------------------
[E2] ~1.7h remaining (54240 steps left @ 0.11s/step)
-----------------------------------------
| rollout/                |             |
|    ep_len_mean          | 13.8        |
|    ep_rew_mean          | 1.35        |
| time/                   |             |
|    eta_hours            | 1.72        |
|    fps                  | 9           |
|    iterations           | 480         |
|    sec_per_step         | 0.114       |
|    time_elapsed         | 26399       |
|    total_timesteps      | 278528      |
| train/                  |             |
|    approx_kl            | 0.018061364 |
|    clip_fraction        | 0.196       |
|    clip_range           | 0.2         |
|    entropy_loss         | -0.227      |
|    explained_variance   | 0.833       |
|    learning_rate        | 0.0001      |
|    loss                 | 0.0141      |
|    n_updates            | 5390        |
|    policy_gradient_loss | -0.026      |
|    std                  | 0.286       |
|    value_loss           | 0.182       |
-----------------------------------------
[E2] ~1.6h remaining (53728 steps left @ 0.11s/step)
-----------------------------------------
| rollout/                |             |
|    ep_len_mean          | 13.9        |
|    ep_rew_mean          | 1.38        |
| time/                   |             |
|    eta_hours            | 1.64        |
|    fps                  | 9           |
|    iterations           | 481         |
|    sec_per_step         | 0.11        |
|    time_elapsed         | 26450       |
|    total_timesteps      | 279040      |
| train/                  |             |
|    approx_kl            | 0.020996898 |
|    clip_fraction        | 0.231       |
|    clip_range           | 0.2         |
|    entropy_loss         | -0.224      |
|    explained_variance   | 0.831       |
|    learning_rate        | 0.0001      |
|    loss                 | 0.0728      |
|    n_updates            | 5400        |
|    policy_gradient_loss | -0.0315     |
|    std                  | 0.286       |
|    value_loss           | 0.203       |
-----------------------------------------
[E2] ~1.6h remaining (53216 steps left @ 0.11s/step)
-----------------------------------------
| rollout/                |             |
|    ep_len_mean          | 13.9        |
|    ep_rew_mean          | 1.39        |
| time/                   |             |
|    eta_hours            | 1.62        |
|    fps                  | 9           |
|    iterations           | 482         |
|    sec_per_step         | 0.11        |
|    time_elapsed         | 26507       |
|    total_timesteps      | 279552      |
| train/                  |             |
|    approx_kl            | 0.012678076 |
|    clip_fraction        | 0.172       |
|    clip_range           | 0.2         |
|    entropy_loss         | -0.219      |
|    explained_variance   | 0.838       |
|    learning_rate        | 0.0001      |
|    loss                 | 0.0015      |
|    n_updates            | 5410        |
|    policy_gradient_loss | -0.0226     |
|    std                  | 0.285       |
|    value_loss           | 0.202       |
-----------------------------------------
[E2] ~1.6h remaining (52704 steps left @ 0.11s/step)
----------------------------------------
| rollout/                |            |
|    ep_len_mean          | 13.8       |
|    ep_rew_mean          | 1.38       |
| time/                   |            |
|    eta_hours            | 1.59       |
|    fps                  | 9          |
|    iterations           | 483        |
|    sec_per_step         | 0.108      |
|    time_elapsed         | 26560      |
|    total_timesteps      | 280064     |
| train/                  |            |
|    approx_kl            | 0.02355012 |
|    clip_fraction        | 0.223      |
|    clip_range           | 0.2        |
|    entropy_loss         | -0.214     |
|    explained_variance   | 0.817      |
|    learning_rate        | 0.0001     |
|    loss                 | 0.0625     |
|    n_updates            | 5420       |
|    policy_gradient_loss | -0.0236    |
|    std                  | 0.285      |
|    value_loss           | 0.218      |
----------------------------------------
[E2] ~1.6h remaining (52192 steps left @ 0.11s/step)
----------------------------------------
| rollout/                |            |
|    ep_len_mean          | 13.3       |
|    ep_rew_mean          | 1.4        |
| time/                   |            |
|    eta_hours            | 1.57       |
|    fps                  | 9          |
|    iterations           | 484        |
|    sec_per_step         | 0.108      |
|    time_elapsed         | 26615      |
|    total_timesteps      | 280576     |
| train/                  |            |
|    approx_kl            | 0.01642246 |
|    clip_fraction        | 0.2        |
|    clip_range           | 0.2        |
|    entropy_loss         | -0.21      |
|    explained_variance   | 0.837      |
|    learning_rate        | 0.0001     |
|    loss                 | 0.0556     |
|    n_updates            | 5430       |
|    policy_gradient_loss | -0.0252    |
|    std                  | 0.283      |
|    value_loss           | 0.182      |
----------------------------------------
[E2] ~1.5h remaining (51680 steps left @ 0.11s/step)
-----------------------------------------
| rollout/                |             |
|    ep_len_mean          | 13.2        |
|    ep_rew_mean          | 1.39        |
| time/                   |             |
|    eta_hours            | 1.53        |
|    fps                  | 9           |
|    iterations           | 485         |
|    sec_per_step         | 0.106       |
|    time_elapsed         | 26668       |
|    total_timesteps      | 281088      |
| train/                  |             |
|    approx_kl            | 0.016991237 |
|    clip_fraction        | 0.187       |
|    clip_range           | 0.2         |
|    entropy_loss         | -0.202      |
|    explained_variance   | 0.829       |
|    learning_rate        | 0.0001      |
|    loss                 | 0.0217      |
|    n_updates            | 5440        |
|    policy_gradient_loss | -0.0311     |
|    std                  | 0.282       |
|    value_loss           | 0.207       |
-----------------------------------------
[E2] ~1.5h remaining (51168 steps left @ 0.10s/step)
-----------------------------------------
| rollout/                |             |
|    ep_len_mean          | 13.3        |
|    ep_rew_mean          | 1.38        |
| time/                   |             |
|    eta_hours            | 1.49        |
|    fps                  | 9           |
|    iterations           | 486         |
|    sec_per_step         | 0.105       |
|    time_elapsed         | 26720       |
|    total_timesteps      | 281600      |
| train/                  |             |
|    approx_kl            | 0.025054382 |
|    clip_fraction        | 0.244       |
|    clip_range           | 0.2         |
|    entropy_loss         | -0.197      |
|    explained_variance   | 0.769       |
|    learning_rate        | 0.0001      |
|    loss                 | 0.177       |
|    n_updates            | 5450        |
|    policy_gradient_loss | -0.031      |
|    std                  | 0.282       |
|    value_loss           | 0.298       |
-----------------------------------------
[E2] ~1.5h remaining (50656 steps left @ 0.10s/step)
-----------------------------------------
| rollout/                |             |
|    ep_len_mean          | 13.9        |
|    ep_rew_mean          | 1.35        |
| time/                   |             |
|    eta_hours            | 1.48        |
|    fps                  | 9           |
|    iterations           | 487         |
|    sec_per_step         | 0.105       |
|    time_elapsed         | 26773       |
|    total_timesteps      | 282112      |
| train/                  |             |
|    approx_kl            | 0.019969456 |
|    clip_fraction        | 0.163       |
|    clip_range           | 0.2         |
|    entropy_loss         | -0.195      |
|    explained_variance   | 0.817       |
|    learning_rate        | 0.0001      |
|    loss                 | 0.0733      |
|    n_updates            | 5460        |
|    policy_gradient_loss | -0.0205     |
|    std                  | 0.282       |
|    value_loss           | 0.23        |
-----------------------------------------
[E2] ~1.5h remaining (50144 steps left @ 0.11s/step)
-----------------------------------------
| rollout/                |             |
|    ep_len_mean          | 13.6        |
|    ep_rew_mean          | 1.37        |
| time/                   |             |
|    eta_hours            | 1.49        |
|    fps                  | 9           |
|    iterations           | 488         |
|    sec_per_step         | 0.107       |
|    time_elapsed         | 26830       |
|    total_timesteps      | 282624      |
| train/                  |             |
|    approx_kl            | 0.013959841 |
|    clip_fraction        | 0.168       |
|    clip_range           | 0.2         |
|    entropy_loss         | -0.192      |
|    explained_variance   | 0.792       |
|    learning_rate        | 0.0001      |
|    loss                 | 0.0691      |
|    n_updates            | 5470        |
|    policy_gradient_loss | -0.0239     |
|    std                  | 0.282       |
|    value_loss           | 0.226       |
-----------------------------------------
[E2 eval @ step 282769]  MAPE=2.91%  p90=3.64%  success(<5%)=95.0%  mean_scan_time=544.9s
[E2 eval]  → new best MAPE 2.91% saved to runs/e2/mf_runB_5sphere_hist_560s_gpu/stage4_full/best
[MF global-best] candidate from full/stage_eval_full screened at 2.91% but confirmed at 3.26% >= current best 2.99%
[E2] ~1.8h remaining (49632 steps left @ 0.13s/step)
-----------------------------------------
| rollout/                |             |
|    ep_len_mean          | 13.6        |
|    ep_rew_mean          | 1.38        |
| time/                   |             |
|    eta_hours            | 1.81        |
|    fps                  | 9           |
|    iterations           | 489         |
|    sec_per_step         | 0.131       |
|    time_elapsed         | 26927       |
|    total_timesteps      | 283136      |
| train/                  |             |
|    approx_kl            | 0.017225409 |
|    clip_fraction        | 0.145       |
|    clip_range           | 0.2         |
|    entropy_loss         | -0.187      |
|    explained_variance   | 0.811       |
|    learning_rate        | 0.0001      |
|    loss                 | 0.0556      |
|    n_updates            | 5480        |
|    policy_gradient_loss | -0.0225     |
|    std                  | 0.281       |
|    value_loss           | 0.228       |
-----------------------------------------
[E2] ~1.7h remaining (49120 steps left @ 0.12s/step)
----------------------------------------
| rollout/                |            |
|    ep_len_mean          | 13.6       |
|    ep_rew_mean          | 1.38       |
| time/                   |            |
|    eta_hours            | 1.69       |
|    fps                  | 9          |
|    iterations           | 490        |
|    sec_per_step         | 0.124      |
|    time_elapsed         | 26981      |
|    total_timesteps      | 283648     |
| train/                  |            |
|    approx_kl            | 0.01494558 |
|    clip_fraction        | 0.162      |
|    clip_range           | 0.2        |
|    entropy_loss         | -0.182     |
|    explained_variance   | 0.833      |
|    learning_rate        | 0.0001     |
|    loss                 | 0.0324     |
|    n_updates            | 5490       |
|    policy_gradient_loss | -0.027     |
|    std                  | 0.28       |
|    value_loss           | 0.212      |
----------------------------------------
[E2] ~1.6h remaining (48608 steps left @ 0.12s/step)
-----------------------------------------
| rollout/                |             |
|    ep_len_mean          | 13.6        |
|    ep_rew_mean          | 1.35        |
| time/                   |             |
|    eta_hours            | 1.62        |
|    fps                  | 9           |
|    iterations           | 491         |
|    sec_per_step         | 0.12        |
|    time_elapsed         | 27038       |
|    total_timesteps      | 284160      |
| train/                  |             |
|    approx_kl            | 0.019461807 |
|    clip_fraction        | 0.196       |
|    clip_range           | 0.2         |
|    entropy_loss         | -0.178      |
|    explained_variance   | 0.826       |
|    learning_rate        | 0.0001      |
|    loss                 | 0.00872     |
|    n_updates            | 5500        |
|    policy_gradient_loss | -0.0248     |
|    std                  | 0.28        |
|    value_loss           | 0.188       |
-----------------------------------------
[E2] ~1.5h remaining (48096 steps left @ 0.12s/step)
-----------------------------------------
| rollout/                |             |
|    ep_len_mean          | 13.3        |
|    ep_rew_mean          | 1.37        |
| time/                   |             |
|    eta_hours            | 1.54        |
|    fps                  | 9           |
|    iterations           | 492         |
|    sec_per_step         | 0.115       |
|    time_elapsed         | 27092       |
|    total_timesteps      | 284672      |
| train/                  |             |
|    approx_kl            | 0.022652647 |
|    clip_fraction        | 0.201       |
|    clip_range           | 0.2         |
|    entropy_loss         | -0.177      |
|    explained_variance   | 0.857       |
|    learning_rate        | 0.0001      |
|    loss                 | 0.0194      |
|    n_updates            | 5510        |
|    policy_gradient_loss | -0.0268     |
|    std                  | 0.28        |
|    value_loss           | 0.152       |
-----------------------------------------
[E2] ~1.5h remaining (47584 steps left @ 0.12s/step)
-----------------------------------------
| rollout/                |             |
|    ep_len_mean          | 13.4        |
|    ep_rew_mean          | 1.37        |
| time/                   |             |
|    eta_hours            | 1.54        |
|    fps                  | 9           |
|    iterations           | 493         |
|    sec_per_step         | 0.116       |
|    time_elapsed         | 27152       |
|    total_timesteps      | 285184      |
| train/                  |             |
|    approx_kl            | 0.018259883 |
|    clip_fraction        | 0.175       |
|    clip_range           | 0.2         |
|    entropy_loss         | -0.179      |
|    explained_variance   | 0.851       |
|    learning_rate        | 0.0001      |
|    loss                 | 0.0254      |
|    n_updates            | 5520        |
|    policy_gradient_loss | -0.0252     |
|    std                  | 0.28        |
|    value_loss           | 0.191       |
-----------------------------------------
[E2] ~1.5h remaining (47072 steps left @ 0.12s/step)
-----------------------------------------
| rollout/                |             |
|    ep_len_mean          | 13.2        |
|    ep_rew_mean          | 1.4         |
| time/                   |             |
|    eta_hours            | 1.51        |
|    fps                  | 9           |
|    iterations           | 494         |
|    sec_per_step         | 0.116       |
|    time_elapsed         | 27211       |
|    total_timesteps      | 285696      |
| train/                  |             |
|    approx_kl            | 0.023689538 |
|    clip_fraction        | 0.192       |
|    clip_range           | 0.2         |
|    entropy_loss         | -0.179      |
|    explained_variance   | 0.829       |
|    learning_rate        | 0.0001      |
|    loss                 | 0.0525      |
|    n_updates            | 5530        |
|    policy_gradient_loss | -0.0224     |
|    std                  | 0.28        |
|    value_loss           | 0.182       |
-----------------------------------------
[E2] ~1.5h remaining (46560 steps left @ 0.11s/step)
-----------------------------------------
| rollout/                |             |
|    ep_len_mean          | 13          |
|    ep_rew_mean          | 1.4         |
| time/                   |             |
|    eta_hours            | 1.48        |
|    fps                  | 9           |
|    iterations           | 495         |
|    sec_per_step         | 0.114       |
|    time_elapsed         | 27268       |
|    total_timesteps      | 286208      |
| train/                  |             |
|    approx_kl            | 0.020743202 |
|    clip_fraction        | 0.173       |
|    clip_range           | 0.2         |
|    entropy_loss         | -0.175      |
|    explained_variance   | 0.785       |
|    learning_rate        | 0.0001      |
|    loss                 | 0.0433      |
|    n_updates            | 5540        |
|    policy_gradient_loss | -0.029      |
|    std                  | 0.28        |
|    value_loss           | 0.246       |
-----------------------------------------
[E2] ~1.4h remaining (46048 steps left @ 0.11s/step)
-----------------------------------------
| rollout/                |             |
|    ep_len_mean          | 13.4        |
|    ep_rew_mean          | 1.4         |
| time/                   |             |
|    eta_hours            | 1.4         |
|    fps                  | 9           |
|    iterations           | 496         |
|    sec_per_step         | 0.11        |
|    time_elapsed         | 27318       |
|    total_timesteps      | 286720      |
| train/                  |             |
|    approx_kl            | 0.021892203 |
|    clip_fraction        | 0.185       |
|    clip_range           | 0.2         |
|    entropy_loss         | -0.17       |
|    explained_variance   | 0.827       |
|    learning_rate        | 0.0001      |
|    loss                 | 0.105       |
|    n_updates            | 5550        |
|    policy_gradient_loss | -0.0248     |
|    std                  | 0.279       |
|    value_loss           | 0.217       |
-----------------------------------------
[E2] ~1.4h remaining (45536 steps left @ 0.11s/step)
-----------------------------------------
| rollout/                |             |
|    ep_len_mean          | 13.8        |
|    ep_rew_mean          | 1.38        |
| time/                   |             |
|    eta_hours            | 1.41        |
|    fps                  | 9           |
|    iterations           | 497         |
|    sec_per_step         | 0.112       |
|    time_elapsed         | 27378       |
|    total_timesteps      | 287232      |
| train/                  |             |
|    approx_kl            | 0.017843293 |
|    clip_fraction        | 0.171       |
|    clip_range           | 0.2         |
|    entropy_loss         | -0.164      |
|    explained_variance   | 0.831       |
|    learning_rate        | 0.0001      |
|    loss                 | 0.0493      |
|    n_updates            | 5560        |
|    policy_gradient_loss | -0.0193     |
|    std                  | 0.278       |
|    value_loss           | 0.187       |
-----------------------------------------
[E2] ~1.4h remaining (45024 steps left @ 0.11s/step)
-----------------------------------------
| rollout/                |             |
|    ep_len_mean          | 13.9        |
|    ep_rew_mean          | 1.37        |
| time/                   |             |
|    eta_hours            | 1.36        |
|    fps                  | 9           |
|    iterations           | 498         |
|    sec_per_step         | 0.109       |
|    time_elapsed         | 27431       |
|    total_timesteps      | 287744      |
| train/                  |             |
|    approx_kl            | 0.013589743 |
|    clip_fraction        | 0.156       |
|    clip_range           | 0.2         |
|    entropy_loss         | -0.158      |
|    explained_variance   | 0.845       |
|    learning_rate        | 0.0001      |
|    loss                 | 0.0456      |
|    n_updates            | 5570        |
|    policy_gradient_loss | -0.0257     |
|    std                  | 0.277       |
|    value_loss           | 0.17        |
-----------------------------------------
[E2] ~1.3h remaining (44512 steps left @ 0.11s/step)
----------------------------------------
| rollout/                |            |
|    ep_len_mean          | 13.4       |
|    ep_rew_mean          | 1.37       |
| time/                   |            |
|    eta_hours            | 1.33       |
|    fps                  | 9          |
|    iterations           | 499        |
|    sec_per_step         | 0.108      |
|    time_elapsed         | 27484      |
|    total_timesteps      | 288256     |
| train/                  |            |
|    approx_kl            | 0.01879516 |
|    clip_fraction        | 0.202      |
|    clip_range           | 0.2        |
|    entropy_loss         | -0.152     |
|    explained_variance   | 0.815      |
|    learning_rate        | 0.0001     |
|    loss                 | 0.0299     |
|    n_updates            | 5580       |
|    policy_gradient_loss | -0.0242    |
|    std                  | 0.277      |
|    value_loss           | 0.216      |
----------------------------------------
[E2] ~1.3h remaining (44000 steps left @ 0.11s/step)
-----------------------------------------
| rollout/                |             |
|    ep_len_mean          | 12.9        |
|    ep_rew_mean          | 1.35        |
| time/                   |             |
|    eta_hours            | 1.32        |
|    fps                  | 9           |
|    iterations           | 500         |
|    sec_per_step         | 0.108       |
|    time_elapsed         | 27540       |
|    total_timesteps      | 288768      |
| train/                  |             |
|    approx_kl            | 0.022902982 |
|    clip_fraction        | 0.233       |
|    clip_range           | 0.2         |
|    entropy_loss         | -0.15       |
|    explained_variance   | 0.82        |
|    learning_rate        | 0.0001      |
|    loss                 | 0.109       |
|    n_updates            | 5590        |
|    policy_gradient_loss | -0.0325     |
|    std                  | 0.277       |
|    value_loss           | 0.213       |
-----------------------------------------
[E2] ~1.2h remaining (43488 steps left @ 0.10s/step)
-----------------------------------------
| rollout/                |             |
|    ep_len_mean          | 13.3        |
|    ep_rew_mean          | 1.34        |
| time/                   |             |
|    eta_hours            | 1.24        |
|    fps                  | 9           |
|    iterations           | 501         |
|    sec_per_step         | 0.103       |
|    time_elapsed         | 27586       |
|    total_timesteps      | 289280      |
| train/                  |             |
|    approx_kl            | 0.022223964 |
|    clip_fraction        | 0.188       |
|    clip_range           | 0.2         |
|    entropy_loss         | -0.149      |
|    explained_variance   | 0.823       |
|    learning_rate        | 0.0001      |
|    loss                 | 0.0419      |
|    n_updates            | 5600        |
|    policy_gradient_loss | -0.027      |
|    std                  | 0.277       |
|    value_loss           | 0.189       |
-----------------------------------------
[E2] ~1.3h remaining (42976 steps left @ 0.11s/step)
-----------------------------------------
| rollout/                |             |
|    ep_len_mean          | 13.4        |
|    ep_rew_mean          | 1.33        |
| time/                   |             |
|    eta_hours            | 1.27        |
|    fps                  | 9           |
|    iterations           | 502         |
|    sec_per_step         | 0.107       |
|    time_elapsed         | 27645       |
|    total_timesteps      | 289792      |
| train/                  |             |
|    approx_kl            | 0.019397497 |
|    clip_fraction        | 0.179       |
|    clip_range           | 0.2         |
|    entropy_loss         | -0.148      |
|    explained_variance   | 0.814       |
|    learning_rate        | 0.0001      |
|    loss                 | -0.00291    |
|    n_updates            | 5610        |
|    policy_gradient_loss | -0.0251     |
|    std                  | 0.276       |
|    value_loss           | 0.192       |
-----------------------------------------
[E2] ~1.3h remaining (42464 steps left @ 0.11s/step)
-----------------------------------------
| rollout/                |             |
|    ep_len_mean          | 13.8        |
|    ep_rew_mean          | 1.33        |
| time/                   |             |
|    eta_hours            | 1.28        |
|    fps                  | 9           |
|    iterations           | 503         |
|    sec_per_step         | 0.108       |
|    time_elapsed         | 27703       |
|    total_timesteps      | 290304      |
| train/                  |             |
|    approx_kl            | 0.022615973 |
|    clip_fraction        | 0.221       |
|    clip_range           | 0.2         |
|    entropy_loss         | -0.144      |
|    explained_variance   | 0.789       |
|    learning_rate        | 0.0001      |
|    loss                 | 0.0911      |
|    n_updates            | 5620        |
|    policy_gradient_loss | -0.0265     |
|    std                  | 0.276       |
|    value_loss           | 0.215       |
-----------------------------------------
[E2] ~1.3h remaining (41952 steps left @ 0.11s/step)
-----------------------------------------
| rollout/                |             |
|    ep_len_mean          | 14          |
|    ep_rew_mean          | 1.36        |
| time/                   |             |
|    eta_hours            | 1.25        |
|    fps                  | 9           |
|    iterations           | 504         |
|    sec_per_step         | 0.107       |
|    time_elapsed         | 27757       |
|    total_timesteps      | 290816      |
| train/                  |             |
|    approx_kl            | 0.017833386 |
|    clip_fraction        | 0.195       |
|    clip_range           | 0.2         |
|    entropy_loss         | -0.14       |
|    explained_variance   | 0.776       |
|    learning_rate        | 0.0001      |
|    loss                 | 0.121       |
|    n_updates            | 5630        |
|    policy_gradient_loss | -0.0252     |
|    std                  | 0.275       |
|    value_loss           | 0.254       |
-----------------------------------------
[E2] ~1.3h remaining (41440 steps left @ 0.11s/step)
-----------------------------------------
| rollout/                |             |
|    ep_len_mean          | 14.2        |
|    ep_rew_mean          | 1.39        |
| time/                   |             |
|    eta_hours            | 1.28        |
|    fps                  | 9           |
|    iterations           | 505         |
|    sec_per_step         | 0.111       |
|    time_elapsed         | 27818       |
|    total_timesteps      | 291328      |
| train/                  |             |
|    approx_kl            | 0.022845611 |
|    clip_fraction        | 0.216       |
|    clip_range           | 0.2         |
|    entropy_loss         | -0.137      |
|    explained_variance   | 0.796       |
|    learning_rate        | 0.0001      |
|    loss                 | 0.0517      |
|    n_updates            | 5640        |
|    policy_gradient_loss | -0.0288     |
|    std                  | 0.275       |
|    value_loss           | 0.227       |
-----------------------------------------
[E2] ~1.3h remaining (40928 steps left @ 0.11s/step)
-----------------------------------------
| rollout/                |             |
|    ep_len_mean          | 14.1        |
|    ep_rew_mean          | 1.4         |
| time/                   |             |
|    eta_hours            | 1.27        |
|    fps                  | 9           |
|    iterations           | 506         |
|    sec_per_step         | 0.111       |
|    time_elapsed         | 27876       |
|    total_timesteps      | 291840      |
| train/                  |             |
|    approx_kl            | 0.015482347 |
|    clip_fraction        | 0.159       |
|    clip_range           | 0.2         |
|    entropy_loss         | -0.132      |
|    explained_variance   | 0.829       |
|    learning_rate        | 0.0001      |
|    loss                 | 0.00793     |
|    n_updates            | 5650        |
|    policy_gradient_loss | -0.0232     |
|    std                  | 0.274       |
|    value_loss           | 0.199       |
-----------------------------------------
[E2] ~1.2h remaining (40416 steps left @ 0.11s/step)
-----------------------------------------
| rollout/                |             |
|    ep_len_mean          | 14.2        |
|    ep_rew_mean          | 1.38        |
| time/                   |             |
|    eta_hours            | 1.22        |
|    fps                  | 9           |
|    iterations           | 507         |
|    sec_per_step         | 0.108       |
|    time_elapsed         | 27928       |
|    total_timesteps      | 292352      |
| train/                  |             |
|    approx_kl            | 0.022713087 |
|    clip_fraction        | 0.24        |
|    clip_range           | 0.2         |
|    entropy_loss         | -0.125      |
|    explained_variance   | 0.844       |
|    learning_rate        | 0.0001      |
|    loss                 | 0.045       |
|    n_updates            | 5660        |
|    policy_gradient_loss | -0.0279     |
|    std                  | 0.273       |
|    value_loss           | 0.183       |
-----------------------------------------
[E2 eval @ step 292769]  MAPE=3.33%  p90=4.97%  success(<5%)=90.0%  mean_scan_time=538.4s
[E2] ~1.5h remaining (39904 steps left @ 0.13s/step)
-----------------------------------------
| rollout/                |             |
|    ep_len_mean          | 14.3        |
|    ep_rew_mean          | 1.39        |
| time/                   |             |
|    eta_hours            | 1.49        |
|    fps                  | 9           |
|    iterations           | 508         |
|    sec_per_step         | 0.135       |
|    time_elapsed         | 28028       |
|    total_timesteps      | 292864      |
| train/                  |             |
|    approx_kl            | 0.014629966 |
|    clip_fraction        | 0.141       |
|    clip_range           | 0.2         |
|    entropy_loss         | -0.12       |
|    explained_variance   | 0.815       |
|    learning_rate        | 0.0001      |
|    loss                 | 0.0628      |
|    n_updates            | 5670        |
|    policy_gradient_loss | -0.0199     |
|    std                  | 0.272       |
|    value_loss           | 0.219       |
-----------------------------------------
[E2] ~1.4h remaining (39392 steps left @ 0.12s/step)
----------------------------------------
| rollout/                |            |
|    ep_len_mean          | 13.9       |
|    ep_rew_mean          | 1.4        |
| time/                   |            |
|    eta_hours            | 1.35       |
|    fps                  | 9          |
|    iterations           | 509        |
|    sec_per_step         | 0.124      |
|    time_elapsed         | 28078      |
|    total_timesteps      | 293376     |
| train/                  |            |
|    approx_kl            | 0.01919042 |
|    clip_fraction        | 0.171      |
|    clip_range           | 0.2        |
|    entropy_loss         | -0.113     |
|    explained_variance   | 0.824      |
|    learning_rate        | 0.0001     |
|    loss                 | 0.0411     |
|    n_updates            | 5680       |
|    policy_gradient_loss | -0.0229    |
|    std                  | 0.271      |
|    value_loss           | 0.205      |
----------------------------------------
[E2] ~1.3h remaining (38880 steps left @ 0.12s/step)
-----------------------------------------
| rollout/                |             |
|    ep_len_mean          | 13.5        |
|    ep_rew_mean          | 1.41        |
| time/                   |             |
|    eta_hours            | 1.26        |
|    fps                  | 9           |
|    iterations           | 510         |
|    sec_per_step         | 0.117       |
|    time_elapsed         | 28130       |
|    total_timesteps      | 293888      |
| train/                  |             |
|    approx_kl            | 0.030198961 |
|    clip_fraction        | 0.22        |
|    clip_range           | 0.2         |
|    entropy_loss         | -0.106      |
|    explained_variance   | 0.857       |
|    learning_rate        | 0.0001      |
|    loss                 | 0.0387      |
|    n_updates            | 5690        |
|    policy_gradient_loss | -0.0246     |
|    std                  | 0.27        |
|    value_loss           | 0.16        |
-----------------------------------------
[E2] ~1.2h remaining (38368 steps left @ 0.11s/step)
-----------------------------------------
| rollout/                |             |
|    ep_len_mean          | 13.5        |
|    ep_rew_mean          | 1.43        |
| time/                   |             |
|    eta_hours            | 1.2         |
|    fps                  | 9           |
|    iterations           | 511         |
|    sec_per_step         | 0.113       |
|    time_elapsed         | 28183       |
|    total_timesteps      | 294400      |
| train/                  |             |
|    approx_kl            | 0.016579898 |
|    clip_fraction        | 0.178       |
|    clip_range           | 0.2         |
|    entropy_loss         | -0.1        |
|    explained_variance   | 0.849       |
|    learning_rate        | 0.0001      |
|    loss                 | 0.0321      |
|    n_updates            | 5700        |
|    policy_gradient_loss | -0.0271     |
|    std                  | 0.27        |
|    value_loss           | 0.186       |
-----------------------------------------
[E2] ~1.2h remaining (37856 steps left @ 0.11s/step)
----------------------------------------
| rollout/                |            |
|    ep_len_mean          | 13.9       |
|    ep_rew_mean          | 1.41       |
| time/                   |            |
|    eta_hours            | 1.17       |
|    fps                  | 9          |
|    iterations           | 512        |
|    sec_per_step         | 0.111      |
|    time_elapsed         | 28238      |
|    total_timesteps      | 294912     |
| train/                  |            |
|    approx_kl            | 0.01493722 |
|    clip_fraction        | 0.165      |
|    clip_range           | 0.2        |
|    entropy_loss         | -0.0968    |
|    explained_variance   | 0.837      |
|    learning_rate        | 0.0001     |
|    loss                 | 0.0741     |
|    n_updates            | 5710       |
|    policy_gradient_loss | -0.0218    |
|    std                  | 0.269      |
|    value_loss           | 0.199      |
----------------------------------------
[E2] ~1.1h remaining (37344 steps left @ 0.11s/step)
-----------------------------------------
| rollout/                |             |
|    ep_len_mean          | 14.4        |
|    ep_rew_mean          | 1.4         |
| time/                   |             |
|    eta_hours            | 1.12        |
|    fps                  | 9           |
|    iterations           | 513         |
|    sec_per_step         | 0.108       |
|    time_elapsed         | 28289       |
|    total_timesteps      | 295424      |
| train/                  |             |
|    approx_kl            | 0.019093256 |
|    clip_fraction        | 0.194       |
|    clip_range           | 0.2         |
|    entropy_loss         | -0.0951     |
|    explained_variance   | 0.853       |
|    learning_rate        | 0.0001      |
|    loss                 | 0.0202      |
|    n_updates            | 5720        |
|    policy_gradient_loss | -0.0223     |
|    std                  | 0.269       |
|    value_loss           | 0.189       |
-----------------------------------------
[E2] ~1.1h remaining (36832 steps left @ 0.11s/step)
-----------------------------------------
| rollout/                |             |
|    ep_len_mean          | 14.3        |
|    ep_rew_mean          | 1.37        |
| time/                   |             |
|    eta_hours            | 1.11        |
|    fps                  | 9           |
|    iterations           | 514         |
|    sec_per_step         | 0.108       |
|    time_elapsed         | 28345       |
|    total_timesteps      | 295936      |
| train/                  |             |
|    approx_kl            | 0.022362363 |
|    clip_fraction        | 0.204       |
|    clip_range           | 0.2         |
|    entropy_loss         | -0.0945     |
|    explained_variance   | 0.842       |
|    learning_rate        | 0.0001      |
|    loss                 | 0.0734      |
|    n_updates            | 5730        |
|    policy_gradient_loss | -0.0257     |
|    std                  | 0.269       |
|    value_loss           | 0.17        |
-----------------------------------------
[E2] ~1.1h remaining (36320 steps left @ 0.10s/step)
-----------------------------------------
| rollout/                |             |
|    ep_len_mean          | 14.2        |
|    ep_rew_mean          | 1.38        |
| time/                   |             |
|    eta_hours            | 1.06        |
|    fps                  | 9           |
|    iterations           | 515         |
|    sec_per_step         | 0.105       |
|    time_elapsed         | 28395       |
|    total_timesteps      | 296448      |
| train/                  |             |
|    approx_kl            | 0.020306464 |
|    clip_fraction        | 0.203       |
|    clip_range           | 0.2         |
|    entropy_loss         | -0.0897     |
|    explained_variance   | 0.831       |
|    learning_rate        | 0.0001      |
|    loss                 | 0.0305      |
|    n_updates            | 5740        |
|    policy_gradient_loss | -0.0263     |
|    std                  | 0.268       |
|    value_loss           | 0.204       |
-----------------------------------------
[E2] ~1.1h remaining (35808 steps left @ 0.11s/step)
-----------------------------------------
| rollout/                |             |
|    ep_len_mean          | 14          |
|    ep_rew_mean          | 1.37        |
| time/                   |             |
|    eta_hours            | 1.07        |
|    fps                  | 9           |
|    iterations           | 516         |
|    sec_per_step         | 0.108       |
|    time_elapsed         | 28453       |
|    total_timesteps      | 296960      |
| train/                  |             |
|    approx_kl            | 0.017596325 |
|    clip_fraction        | 0.141       |
|    clip_range           | 0.2         |
|    entropy_loss         | -0.0872     |
|    explained_variance   | 0.817       |
|    learning_rate        | 0.0001      |
|    loss                 | 0.0194      |
|    n_updates            | 5750        |
|    policy_gradient_loss | -0.0246     |
|    std                  | 0.268       |
|    value_loss           | 0.24        |
-----------------------------------------
[E2] ~1.1h remaining (35296 steps left @ 0.11s/step)
----------------------------------------
| rollout/                |            |
|    ep_len_mean          | 14.2       |
|    ep_rew_mean          | 1.37       |
| time/                   |            |
|    eta_hours            | 1.09       |
|    fps                  | 9          |
|    iterations           | 517        |
|    sec_per_step         | 0.111      |
|    time_elapsed         | 28514      |
|    total_timesteps      | 297472     |
| train/                  |            |
|    approx_kl            | 0.02187781 |
|    clip_fraction        | 0.182      |
|    clip_range           | 0.2        |
|    entropy_loss         | -0.0871    |
|    explained_variance   | 0.856      |
|    learning_rate        | 0.0001     |
|    loss                 | 0.00692    |
|    n_updates            | 5760       |
|    policy_gradient_loss | -0.0256    |
|    std                  | 0.268      |
|    value_loss           | 0.16       |
----------------------------------------
[E2] ~1.1h remaining (34784 steps left @ 0.11s/step)
----------------------------------------
| rollout/                |            |
|    ep_len_mean          | 13.9       |
|    ep_rew_mean          | 1.38       |
| time/                   |            |
|    eta_hours            | 1.06       |
|    fps                  | 9          |
|    iterations           | 518        |
|    sec_per_step         | 0.11       |
|    time_elapsed         | 28569      |
|    total_timesteps      | 297984     |
| train/                  |            |
|    approx_kl            | 0.03518202 |
|    clip_fraction        | 0.208      |
|    clip_range           | 0.2        |
|    entropy_loss         | -0.0868    |
|    explained_variance   | 0.84       |
|    learning_rate        | 0.0001     |
|    loss                 | 0.0332     |
|    n_updates            | 5770       |
|    policy_gradient_loss | -0.0354    |
|    std                  | 0.268      |
|    value_loss           | 0.184      |
----------------------------------------
[E2] ~1.0h remaining (34272 steps left @ 0.11s/step)
-----------------------------------------
| rollout/                |             |
|    ep_len_mean          | 14.1        |
|    ep_rew_mean          | 1.42        |
| time/                   |             |
|    eta_hours            | 1.03        |
|    fps                  | 9           |
|    iterations           | 519         |
|    sec_per_step         | 0.108       |
|    time_elapsed         | 28622       |
|    total_timesteps      | 298496      |
| train/                  |             |
|    approx_kl            | 0.016487533 |
|    clip_fraction        | 0.205       |
|    clip_range           | 0.2         |
|    entropy_loss         | -0.0823     |
|    explained_variance   | 0.799       |
|    learning_rate        | 0.0001      |
|    loss                 | 0.0576      |
|    n_updates            | 5780        |
|    policy_gradient_loss | -0.0289     |
|    std                  | 0.267       |
|    value_loss           | 0.236       |
-----------------------------------------
[E2] ~1.0h remaining (33760 steps left @ 0.11s/step)
-----------------------------------------
| rollout/                |             |
|    ep_len_mean          | 14.1        |
|    ep_rew_mean          | 1.41        |
| time/                   |             |
|    eta_hours            | 1.02        |
|    fps                  | 9           |
|    iterations           | 520         |
|    sec_per_step         | 0.109       |
|    time_elapsed         | 28679       |
|    total_timesteps      | 299008      |
| train/                  |             |
|    approx_kl            | 0.016478546 |
|    clip_fraction        | 0.204       |
|    clip_range           | 0.2         |
|    entropy_loss         | -0.0777     |
|    explained_variance   | 0.831       |
|    learning_rate        | 0.0001      |
|    loss                 | 0.0772      |
|    n_updates            | 5790        |
|    policy_gradient_loss | -0.0188     |
|    std                  | 0.267       |
|    value_loss           | 0.197       |
-----------------------------------------
[E2] ~1.0h remaining (33248 steps left @ 0.11s/step)
-----------------------------------------
| rollout/                |             |
|    ep_len_mean          | 14.3        |
|    ep_rew_mean          | 1.42        |
| time/                   |             |
|    eta_hours            | 1.03        |
|    fps                  | 9           |
|    iterations           | 521         |
|    sec_per_step         | 0.111       |
|    time_elapsed         | 28738       |
|    total_timesteps      | 299520      |
| train/                  |             |
|    approx_kl            | 0.013300739 |
|    clip_fraction        | 0.184       |
|    clip_range           | 0.2         |
|    entropy_loss         | -0.0769     |
|    explained_variance   | 0.809       |
|    learning_rate        | 0.0001      |
|    loss                 | 0.0526      |
|    n_updates            | 5800        |
|    policy_gradient_loss | -0.0233     |
|    std                  | 0.267       |
|    value_loss           | 0.213       |
-----------------------------------------
[E2] ~1.0h remaining (32736 steps left @ 0.11s/step)
-----------------------------------------
| rollout/                |             |
|    ep_len_mean          | 14.4        |
|    ep_rew_mean          | 1.41        |
| time/                   |             |
|    eta_hours            | 1.02        |
|    fps                  | 9           |
|    iterations           | 522         |
|    sec_per_step         | 0.112       |
|    time_elapsed         | 28797       |
|    total_timesteps      | 300032      |
| train/                  |             |
|    approx_kl            | 0.016056957 |
|    clip_fraction        | 0.185       |
|    clip_range           | 0.2         |
|    entropy_loss         | -0.0729     |
|    explained_variance   | 0.817       |
|    learning_rate        | 0.0001      |
|    loss                 | 0.0788      |
|    n_updates            | 5810        |
|    policy_gradient_loss | -0.0279     |
|    std                  | 0.266       |
|    value_loss           | 0.21        |
-----------------------------------------
[E2] ~0.9h remaining (32224 steps left @ 0.11s/step)
-----------------------------------------
| rollout/                |             |
|    ep_len_mean          | 14.1        |
|    ep_rew_mean          | 1.43        |
| time/                   |             |
|    eta_hours            | 0.947       |
|    fps                  | 9           |
|    iterations           | 523         |
|    sec_per_step         | 0.106       |
|    time_elapsed         | 28844       |
|    total_timesteps      | 300544      |
| train/                  |             |
|    approx_kl            | 0.022027344 |
|    clip_fraction        | 0.187       |
|    clip_range           | 0.2         |
|    entropy_loss         | -0.0684     |
|    explained_variance   | 0.862       |
|    learning_rate        | 0.0001      |
|    loss                 | 0.0457      |
|    n_updates            | 5820        |
|    policy_gradient_loss | -0.0215     |
|    std                  | 0.266       |
|    value_loss           | 0.163       |
-----------------------------------------
[E2] ~0.9h remaining (31712 steps left @ 0.11s/step)
-----------------------------------------
| rollout/                |             |
|    ep_len_mean          | 13.8        |
|    ep_rew_mean          | 1.43        |
| time/                   |             |
|    eta_hours            | 0.925       |
|    fps                  | 9           |
|    iterations           | 524         |
|    sec_per_step         | 0.105       |
|    time_elapsed         | 28896       |
|    total_timesteps      | 301056      |
| train/                  |             |
|    approx_kl            | 0.023075556 |
|    clip_fraction        | 0.251       |
|    clip_range           | 0.2         |
|    entropy_loss         | -0.0686     |
|    explained_variance   | 0.795       |
|    learning_rate        | 0.0001      |
|    loss                 | 0.0605      |
|    n_updates            | 5830        |
|    policy_gradient_loss | -0.0268     |
|    std                  | 0.266       |
|    value_loss           | 0.261       |
-----------------------------------------
[E2] ~0.9h remaining (31200 steps left @ 0.11s/step)
-----------------------------------------
| rollout/                |             |
|    ep_len_mean          | 13.4        |
|    ep_rew_mean          | 1.43        |
| time/                   |             |
|    eta_hours            | 0.925       |
|    fps                  | 9           |
|    iterations           | 525         |
|    sec_per_step         | 0.107       |
|    time_elapsed         | 28953       |
|    total_timesteps      | 301568      |
| train/                  |             |
|    approx_kl            | 0.021826535 |
|    clip_fraction        | 0.197       |
|    clip_range           | 0.2         |
|    entropy_loss         | -0.0654     |
|    explained_variance   | 0.851       |
|    learning_rate        | 0.0001      |
|    loss                 | 0.0475      |
|    n_updates            | 5840        |
|    policy_gradient_loss | -0.0235     |
|    std                  | 0.265       |
|    value_loss           | 0.168       |
-----------------------------------------
[E2] ~0.9h remaining (30688 steps left @ 0.11s/step)
----------------------------------------
| rollout/                |            |
|    ep_len_mean          | 13.6       |
|    ep_rew_mean          | 1.38       |
| time/                   |            |
|    eta_hours            | 0.896      |
|    fps                  | 9          |
|    iterations           | 526        |
|    sec_per_step         | 0.105      |
|    time_elapsed         | 29005      |
|    total_timesteps      | 302080     |
| train/                  |            |
|    approx_kl            | 0.01973308 |
|    clip_fraction        | 0.219      |
|    clip_range           | 0.2        |
|    entropy_loss         | -0.061     |
|    explained_variance   | 0.841      |
|    learning_rate        | 0.0001     |
|    loss                 | 0.0263     |
|    n_updates            | 5850       |
|    policy_gradient_loss | -0.0265    |
|    std                  | 0.264      |
|    value_loss           | 0.186      |
----------------------------------------
[E2] ~0.9h remaining (30176 steps left @ 0.10s/step)
-----------------------------------------
| rollout/                |             |
|    ep_len_mean          | 14.1        |
|    ep_rew_mean          | 1.4         |
| time/                   |             |
|    eta_hours            | 0.868       |
|    fps                  | 9           |
|    iterations           | 527         |
|    sec_per_step         | 0.104       |
|    time_elapsed         | 29056       |
|    total_timesteps      | 302592      |
| train/                  |             |
|    approx_kl            | 0.014214484 |
|    clip_fraction        | 0.185       |
|    clip_range           | 0.2         |
|    entropy_loss         | -0.0553     |
|    explained_variance   | 0.824       |
|    learning_rate        | 0.0001      |
|    loss                 | 0.0369      |
|    n_updates            | 5860        |
|    policy_gradient_loss | -0.0234     |
|    std                  | 0.263       |
|    value_loss           | 0.198       |
-----------------------------------------
[E2 eval @ step 302769]  MAPE=3.96%  p90=8.05%  success(<5%)=80.0%  mean_scan_time=533.4s
[E2] ~1.0h remaining (29664 steps left @ 0.12s/step)
-----------------------------------------
| rollout/                |             |
|    ep_len_mean          | 14.6        |
|    ep_rew_mean          | 1.4         |
| time/                   |             |
|    eta_hours            | 1.01        |
|    fps                  | 9           |
|    iterations           | 528         |
|    sec_per_step         | 0.123       |
|    time_elapsed         | 29143       |
|    total_timesteps      | 303104      |
| train/                  |             |
|    approx_kl            | 0.028296042 |
|    clip_fraction        | 0.237       |
|    clip_range           | 0.2         |
|    entropy_loss         | -0.0514     |
|    explained_variance   | 0.85        |
|    learning_rate        | 0.0001      |
|    loss                 | 0.0339      |
|    n_updates            | 5870        |
|    policy_gradient_loss | -0.0323     |
|    std                  | 0.263       |
|    value_loss           | 0.175       |
-----------------------------------------
[E2] ~1.0h remaining (29152 steps left @ 0.12s/step)
-----------------------------------------
| rollout/                |             |
|    ep_len_mean          | 14.6        |
|    ep_rew_mean          | 1.43        |
| time/                   |             |
|    eta_hours            | 0.978       |
|    fps                  | 9           |
|    iterations           | 529         |
|    sec_per_step         | 0.121       |
|    time_elapsed         | 29202       |
|    total_timesteps      | 303616      |
| train/                  |             |
|    approx_kl            | 0.026089953 |
|    clip_fraction        | 0.242       |
|    clip_range           | 0.2         |
|    entropy_loss         | -0.0477     |
|    explained_variance   | 0.83        |
|    learning_rate        | 0.0001      |
|    loss                 | 0.0323      |
|    n_updates            | 5880        |
|    policy_gradient_loss | -0.031      |
|    std                  | 0.262       |
|    value_loss           | 0.2         |
-----------------------------------------
[E2] ~0.9h remaining (28640 steps left @ 0.11s/step)
----------------------------------------
| rollout/                |            |
|    ep_len_mean          | 14.4       |
|    ep_rew_mean          | 1.42       |
| time/                   |            |
|    eta_hours            | 0.913      |
|    fps                  | 9          |
|    iterations           | 530        |
|    sec_per_step         | 0.115      |
|    time_elapsed         | 29253      |
|    total_timesteps      | 304128     |
| train/                  |            |
|    approx_kl            | 0.02130884 |
|    clip_fraction        | 0.211      |
|    clip_range           | 0.2        |
|    entropy_loss         | -0.0427    |
|    explained_variance   | 0.827      |
|    learning_rate        | 0.0001     |
|    loss                 | 0.0687     |
|    n_updates            | 5890       |
|    policy_gradient_loss | -0.0238    |
|    std                  | 0.261      |
|    value_loss           | 0.184      |
----------------------------------------
[E2] ~0.9h remaining (28128 steps left @ 0.11s/step)
----------------------------------------
| rollout/                |            |
|    ep_len_mean          | 14.6       |
|    ep_rew_mean          | 1.39       |
| time/                   |            |
|    eta_hours            | 0.87       |
|    fps                  | 9          |
|    iterations           | 531        |
|    sec_per_step         | 0.111      |
|    time_elapsed         | 29306      |
|    total_timesteps      | 304640     |
| train/                  |            |
|    approx_kl            | 0.02663136 |
|    clip_fraction        | 0.24       |
|    clip_range           | 0.2        |
|    entropy_loss         | -0.0389    |
|    explained_variance   | 0.824      |
|    learning_rate        | 0.0001     |
|    loss                 | 0.0123     |
|    n_updates            | 5900       |
|    policy_gradient_loss | -0.0295    |
|    std                  | 0.261      |
|    value_loss           | 0.2        |
----------------------------------------
[E2] ~0.8h remaining (27616 steps left @ 0.11s/step)
-----------------------------------------
| rollout/                |             |
|    ep_len_mean          | 15.1        |
|    ep_rew_mean          | 1.39        |
| time/                   |             |
|    eta_hours            | 0.818       |
|    fps                  | 9           |
|    iterations           | 532         |
|    sec_per_step         | 0.107       |
|    time_elapsed         | 29355       |
|    total_timesteps      | 305152      |
| train/                  |             |
|    approx_kl            | 0.021157935 |
|    clip_fraction        | 0.185       |
|    clip_range           | 0.2         |
|    entropy_loss         | -0.0333     |
|    explained_variance   | 0.837       |
|    learning_rate        | 0.0001      |
|    loss                 | 0.0857      |
|    n_updates            | 5910        |
|    policy_gradient_loss | -0.027      |
|    std                  | 0.26        |
|    value_loss           | 0.194       |
-----------------------------------------
[E2] ~0.8h remaining (27104 steps left @ 0.10s/step)
-----------------------------------------
| rollout/                |             |
|    ep_len_mean          | 14.8        |
|    ep_rew_mean          | 1.37        |
| time/                   |             |
|    eta_hours            | 0.78        |
|    fps                  | 9           |
|    iterations           | 533         |
|    sec_per_step         | 0.104       |
|    time_elapsed         | 29405       |
|    total_timesteps      | 305664      |
| train/                  |             |
|    approx_kl            | 0.016719528 |
|    clip_fraction        | 0.162       |
|    clip_range           | 0.2         |
|    entropy_loss         | -0.0262     |
|    explained_variance   | 0.838       |
|    learning_rate        | 0.0001      |
|    loss                 | 0.0306      |
|    n_updates            | 5920        |
|    policy_gradient_loss | -0.0259     |
|    std                  | 0.259       |
|    value_loss           | 0.183       |
-----------------------------------------
[E2] ~0.8h remaining (26592 steps left @ 0.10s/step)
-----------------------------------------
| rollout/                |             |
|    ep_len_mean          | 14.6        |
|    ep_rew_mean          | 1.38        |
| time/                   |             |
|    eta_hours            | 0.765       |
|    fps                  | 9           |
|    iterations           | 534         |
|    sec_per_step         | 0.104       |
|    time_elapsed         | 29458       |
|    total_timesteps      | 306176      |
| train/                  |             |
|    approx_kl            | 0.017853133 |
|    clip_fraction        | 0.205       |
|    clip_range           | 0.2         |
|    entropy_loss         | -0.023      |
|    explained_variance   | 0.853       |
|    learning_rate        | 0.0001      |
|    loss                 | 0.0248      |
|    n_updates            | 5930        |
|    policy_gradient_loss | -0.0225     |
|    std                  | 0.259       |
|    value_loss           | 0.155       |
-----------------------------------------
[E2] ~0.8h remaining (26080 steps left @ 0.11s/step)
----------------------------------------
| rollout/                |            |
|    ep_len_mean          | 14.4       |
|    ep_rew_mean          | 1.39       |
| time/                   |            |
|    eta_hours            | 0.762      |
|    fps                  | 9          |
|    iterations           | 535        |
|    sec_per_step         | 0.105      |
|    time_elapsed         | 29513      |
|    total_timesteps      | 306688     |
| train/                  |            |
|    approx_kl            | 0.02933867 |
|    clip_fraction        | 0.256      |
|    clip_range           | 0.2        |
|    entropy_loss         | -0.021     |
|    explained_variance   | 0.84       |
|    learning_rate        | 0.0001     |
|    loss                 | 0.0424     |
|    n_updates            | 5940       |
|    policy_gradient_loss | -0.0303    |
|    std                  | 0.259      |
|    value_loss           | 0.192      |
----------------------------------------
[E2] ~0.8h remaining (25568 steps left @ 0.11s/step)
-----------------------------------------
| rollout/                |             |
|    ep_len_mean          | 14.2        |
|    ep_rew_mean          | 1.41        |
| time/                   |             |
|    eta_hours            | 0.778       |
|    fps                  | 9           |
|    iterations           | 536         |
|    sec_per_step         | 0.11        |
|    time_elapsed         | 29575       |
|    total_timesteps      | 307200      |
| train/                  |             |
|    approx_kl            | 0.017990852 |
|    clip_fraction        | 0.188       |
|    clip_range           | 0.2         |
|    entropy_loss         | -0.0181     |
|    explained_variance   | 0.866       |
|    learning_rate        | 0.0001      |
|    loss                 | 0.0234      |
|    n_updates            | 5950        |
|    policy_gradient_loss | -0.0253     |
|    std                  | 0.259       |
|    value_loss           | 0.156       |
-----------------------------------------
[MF] stage full done in 493.3 min
[MF global-best] candidate from full/stage_end_full_probe screened at 2.67% but confirmed at 4.48% >= current best 2.99%
[MF] global budget reached — ending curriculum early

[MF] Curriculum done in 9.01 h. Final full-sim MAPE=2.67%
Policy → runs/e2/mf_runB_5sphere_hist_560s_gpu/policy.zip
Global best → runs/e2/mf_runB_5sphere_hist_560s_gpu/global_best/best_policy.zip
