[MF] Building full-Bloch ground-truth probe env …
┌ Warning: CUDA runtime library `libcudart.so.13` was loaded from a system path, `/home/azureuser/RLxMRI/.venv/lib/python3.12/site-packages/torch/lib/../../nvidia/cu13/lib/libcudart.so.13`.
│ This may cause errors.
│ 
│ If you're running under a profiler, this situation is expected. Otherwise,
│ ensure that your library path environment variable (e.g., `PATH` on Windows
│ or `LD_LIBRARY_PATH` on Linux) does not include CUDA library paths.
│ 
│ In any other case, please file an issue.
└ @ CUDA ~/.julia/packages/CUDA/FQwqy/src/initialization.jl:198
┌ Warning: CUDA runtime library `libcublasLt.so.13` was loaded from a system path, `/home/azureuser/RLxMRI/.venv/lib/python3.12/site-packages/nvidia/cu13/lib/libcublasLt.so.13`.
│ This may cause errors.
│ 
│ If you're running under a profiler, this situation is expected. Otherwise,
│ ensure that your library path environment variable (e.g., `PATH` on Windows
│ or `LD_LIBRARY_PATH` on Linux) does not include CUDA library paths.
│ 
│ In any other case, please file an issue.
└ @ CUDA ~/.julia/packages/CUDA/FQwqy/src/initialization.jl:198
┌ Warning: CUDA runtime library `libcublas.so.13` was loaded from a system path, `/home/azureuser/RLxMRI/.venv/lib/python3.12/site-packages/nvidia/cu13/lib/libcublas.so.13`.
│ This may cause errors.
│ 
│ If you're running under a profiler, this situation is expected. Otherwise,
│ ensure that your library path environment variable (e.g., `PATH` on Windows
│ or `LD_LIBRARY_PATH` on Linux) does not include CUDA library paths.
│ 
│ In any other case, please file an issue.
└ @ CUDA ~/.julia/packages/CUDA/FQwqy/src/initialization.jl:198
┌ Warning: CUDA runtime library `libnvrtc.so.13` was loaded from a system path, `/home/azureuser/RLxMRI/.venv/lib/python3.12/site-packages/nvidia/cu13/lib/libnvrtc.so.13`.
│ This may cause errors.
│ 
│ If you're running under a profiler, this situation is expected. Otherwise,
│ ensure that your library path environment variable (e.g., `PATH` on Windows
│ or `LD_LIBRARY_PATH` on Linux) does not include CUDA library paths.
│ 
│ In any other case, please file an issue.
└ @ CUDA ~/.julia/packages/CUDA/FQwqy/src/initialization.jl:198
┌ Warning: CUDA runtime library `libnvrtc-builtins.so.13.0` was loaded from a system path, `/home/azureuser/RLxMRI/.venv/lib/python3.12/site-packages/nvidia/cu13/lib/libnvrtc-builtins.so.13.0`.
│ This may cause errors.
│ 
│ If you're running under a profiler, this situation is expected. Otherwise,
│ ensure that your library path environment variable (e.g., `PATH` on Windows
│ or `LD_LIBRARY_PATH` on Linux) does not include CUDA library paths.
│ 
│ In any other case, please file an issue.
└ @ CUDA ~/.julia/packages/CUDA/FQwqy/src/initialization.jl:198
┌ Warning: CUDA runtime library `libcupti.so.13` was loaded from a system path, `/home/azureuser/RLxMRI/.venv/lib/python3.12/site-packages/nvidia/cu13/lib/libcupti.so.13`.
│ This may cause errors.
│ 
│ If you're running under a profiler, this situation is expected. Otherwise,
│ ensure that your library path environment variable (e.g., `PATH` on Windows
│ or `LD_LIBRARY_PATH` on Linux) does not include CUDA library paths.
│ 
│ In any other case, please file an issue.
└ @ CUDA ~/.julia/packages/CUDA/FQwqy/src/initialization.jl:198
┌ Warning: CUDA runtime library `libcufft.so.12` was loaded from a system path, `/home/azureuser/RLxMRI/.venv/lib/python3.12/site-packages/nvidia/cu13/lib/libcufft.so.12`.
│ This may cause errors.
│ 
│ If you're running under a profiler, this situation is expected. Otherwise,
│ ensure that your library path environment variable (e.g., `PATH` on Windows
│ or `LD_LIBRARY_PATH` on Linux) does not include CUDA library paths.
│ 
│ In any other case, please file an issue.
└ @ CUDA ~/.julia/packages/CUDA/FQwqy/src/initialization.jl:198
┌ Warning: CUDA runtime library `libcurand.so.10` was loaded from a system path, `/home/azureuser/RLxMRI/.venv/lib/python3.12/site-packages/nvidia/cu13/lib/libcurand.so.10`.
│ This may cause errors.
│ 
│ If you're running under a profiler, this situation is expected. Otherwise,
│ ensure that your library path environment variable (e.g., `PATH` on Windows
│ or `LD_LIBRARY_PATH` on Linux) does not include CUDA library paths.
│ 
│ In any other case, please file an issue.
└ @ CUDA ~/.julia/packages/CUDA/FQwqy/src/initialization.jl:198
┌ Warning: CUDA runtime library `libnvJitLink.so.13` was loaded from a system path, `/home/azureuser/RLxMRI/.venv/lib/python3.12/site-packages/nvidia/cu13/lib/libnvJitLink.so.13`.
│ This may cause errors.
│ 
│ If you're running under a profiler, this situation is expected. Otherwise,
│ ensure that your library path environment variable (e.g., `PATH` on Windows
│ or `LD_LIBRARY_PATH` on Linux) does not include CUDA library paths.
│ 
│ In any other case, please file an issue.
└ @ CUDA ~/.julia/packages/CUDA/FQwqy/src/initialization.jl:198
┌ Warning: CUDA runtime library `libcusparse.so.12` was loaded from a system path, `/home/azureuser/RLxMRI/.venv/lib/python3.12/site-packages/nvidia/cu13/lib/libcusparse.so.12`.
│ This may cause errors.
│ 
│ If you're running under a profiler, this situation is expected. Otherwise,
│ ensure that your library path environment variable (e.g., `PATH` on Windows
│ or `LD_LIBRARY_PATH` on Linux) does not include CUDA library paths.
│ 
│ In any other case, please file an issue.
└ @ CUDA ~/.julia/packages/CUDA/FQwqy/src/initialization.jl:198
┌ Warning: CUDA runtime library `libcusparseLt.so.0` was loaded from a system path, `/home/azureuser/RLxMRI/.venv/lib/python3.12/site-packages/nvidia/cusparselt/lib/libcusparseLt.so.0`.
│ This may cause errors.
│ 
│ If you're running under a profiler, this situation is expected. Otherwise,
│ ensure that your library path environment variable (e.g., `PATH` on Windows
│ or `LD_LIBRARY_PATH` on Linux) does not include CUDA library paths.
│ 
│ In any other case, please file an issue.
└ @ CUDA ~/.julia/packages/CUDA/FQwqy/src/initialization.jl:198
┌ Warning: CUDA runtime library `libcusolver.so.12` was loaded from a system path, `/home/azureuser/RLxMRI/.venv/lib/python3.12/site-packages/nvidia/cu13/lib/libcusolver.so.12`.
│ This may cause errors.
│ 
│ If you're running under a profiler, this situation is expected. Otherwise,
│ ensure that your library path environment variable (e.g., `PATH` on Windows
│ or `LD_LIBRARY_PATH` on Linux) does not include CUDA library paths.
│ 
│ In any other case, please file an issue.
└ @ CUDA ~/.julia/packages/CUDA/FQwqy/src/initialization.jl:198

[MF] ===== stage 0: analytic  (cheap) =====
Using cpu device
Logging to runs/e2/mf_runB_5sphere_560s_gpu/tb/analytic/PPO_1
---------------------------------
| rollout/           |          |
|    ep_len_mean     | 6.64     |
|    ep_rew_mean     | 1.15     |
| time/              |          |
|    fps             | 21       |
|    iterations      | 1        |
|    time_elapsed    | 23       |
|    total_timesteps | 512      |
---------------------------------
[E2] ~0.4h remaining (18976 steps left @ 0.07s/step)
------------------------------------------
| rollout/                |              |
|    ep_len_mean          | 6.46         |
|    ep_rew_mean          | 1.16         |
| time/                   |              |
|    eta_hours            | 0.385        |
|    fps                  | 16           |
|    iterations           | 2            |
|    sec_per_step         | 0.0729       |
|    time_elapsed         | 61           |
|    total_timesteps      | 1024         |
| train/                  |              |
|    approx_kl            | 0.0048240973 |
|    clip_fraction        | 0.0203       |
|    clip_range           | 0.2          |
|    entropy_loss         | -2.84        |
|    explained_variance   | 0.206        |
|    learning_rate        | 0.0001       |
|    loss                 | 0.583        |
|    n_updates            | 10           |
|    policy_gradient_loss | -0.00789     |
|    std                  | 1            |
|    value_loss           | 1.31         |
------------------------------------------
[E2] ~0.4h remaining (18464 steps left @ 0.08s/step)
----------------------------------------
| rollout/                |            |
|    ep_len_mean          | 6.51       |
|    ep_rew_mean          | 1.11       |
| time/                   |            |
|    eta_hours            | 0.389      |
|    fps                  | 14         |
|    iterations           | 3          |
|    sec_per_step         | 0.0758     |
|    time_elapsed         | 103        |
|    total_timesteps      | 1536       |
| train/                  |            |
|    approx_kl            | 0.00820355 |
|    clip_fraction        | 0.04       |
|    clip_range           | 0.2        |
|    entropy_loss         | -2.84      |
|    explained_variance   | 0.665      |
|    learning_rate        | 0.0001     |
|    loss                 | 0.256      |
|    n_updates            | 20         |
|    policy_gradient_loss | -0.011     |
|    std                  | 1          |
|    value_loss           | 0.707      |
----------------------------------------
[MF global-best] 8.97% confirmed full-Bloch MAPE saved from analytic/switch_decision_full_probe @ step 2048 (screen=5.51%) → runs/e2/mf_runB_5sphere_560s_gpu/global_best
[MF analytic @ 2048] MAPE_f=25.55% MAPE_full=5.51% bias=+20.04% rankcorr=None → stay
[E2] ~0.6h remaining (17952 steps left @ 0.12s/step)
-----------------------------------------
| rollout/                |             |
|    ep_len_mean          | 6.28        |
|    ep_rew_mean          | 1.07        |
| time/                   |             |
|    eta_hours            | 0.586       |
|    fps                  | 9           |
|    iterations           | 4           |
|    sec_per_step         | 0.118       |
|    time_elapsed         | 213         |
|    total_timesteps      | 2048        |
| train/                  |             |
|    approx_kl            | 0.009537774 |
|    clip_fraction        | 0.0863      |
|    clip_range           | 0.2         |
|    entropy_loss         | -2.84       |
|    explained_variance   | 0.654       |
|    learning_rate        | 0.0001      |
|    loss                 | 0.147       |
|    n_updates            | 30          |
|    policy_gradient_loss | -0.0141     |
|    std                  | 0.997       |
|    value_loss           | 0.38        |
-----------------------------------------
[E2] ~0.5h remaining (17440 steps left @ 0.10s/step)
-----------------------------------------
| rollout/                |             |
|    ep_len_mean          | 6.31        |
|    ep_rew_mean          | 1.08        |
| time/                   |             |
|    eta_hours            | 0.489       |
|    fps                  | 10          |
|    iterations           | 5           |
|    sec_per_step         | 0.101       |
|    time_elapsed         | 245         |
|    total_timesteps      | 2560        |
| train/                  |             |
|    approx_kl            | 0.005867107 |
|    clip_fraction        | 0.027       |
|    clip_range           | 0.2         |
|    entropy_loss         | -2.83       |
|    explained_variance   | 0.679       |
|    learning_rate        | 0.0001      |
|    loss                 | 0.141       |
|    n_updates            | 40          |
|    policy_gradient_loss | -0.00731    |
|    std                  | 0.992       |
|    value_loss           | 0.336       |
-----------------------------------------
[E2] ~0.4h remaining (16928 steps left @ 0.09s/step)
-----------------------------------------
| rollout/                |             |
|    ep_len_mean          | 6.32        |
|    ep_rew_mean          | 1.1         |
| time/                   |             |
|    eta_hours            | 0.434       |
|    fps                  | 10          |
|    iterations           | 6           |
|    sec_per_step         | 0.0924      |
|    time_elapsed         | 282         |
|    total_timesteps      | 3072        |
| train/                  |             |
|    approx_kl            | 0.007095415 |
|    clip_fraction        | 0.0285      |
|    clip_range           | 0.2         |
|    entropy_loss         | -2.82       |
|    explained_variance   | 0.712       |
|    learning_rate        | 0.0001      |
|    loss                 | 0.0882      |
|    n_updates            | 50          |
|    policy_gradient_loss | -0.00821    |
|    std                  | 0.989       |
|    value_loss           | 0.306       |
-----------------------------------------
[E2] ~0.4h remaining (16416 steps left @ 0.08s/step)
-----------------------------------------
| rollout/                |             |
|    ep_len_mean          | 6.51        |
|    ep_rew_mean          | 1.1         |
| time/                   |             |
|    eta_hours            | 0.379       |
|    fps                  | 11          |
|    iterations           | 7           |
|    sec_per_step         | 0.083       |
|    time_elapsed         | 313         |
|    total_timesteps      | 3584        |
| train/                  |             |
|    approx_kl            | 0.005757902 |
|    clip_fraction        | 0.0281      |
|    clip_range           | 0.2         |
|    entropy_loss         | -2.82       |
|    explained_variance   | 0.72        |
|    learning_rate        | 0.0001      |
|    loss                 | 0.162       |
|    n_updates            | 60          |
|    policy_gradient_loss | -0.00731    |
|    std                  | 0.989       |
|    value_loss           | 0.328       |
-----------------------------------------
[MF global-best] candidate from analytic/switch_decision_full_probe screened at 5.33% but confirmed at 12.02% >= current best 8.97%
[MF analytic @ 4096] MAPE_f=17.87% MAPE_full=5.33% bias=+12.54% rankcorr=None → PROMOTE(bias_intolerance)
[MF] stage analytic done in 6.1 min
[MF global-best] candidate from analytic/stage_end_full_probe screened at 5.33% but confirmed at 12.02% >= current best 8.97%

[MF] ===== stage 1: cached3  (cheap) =====
[MF global-best] candidate from cached3/stage_start_full_probe screened at 5.33% but confirmed at 12.02% >= current best 8.97%
[MF] cached3 warm-start full-sim MAPE_pre=5.33%  (gap vs prev final: 0.0%)
Logging to runs/e2/mf_runB_5sphere_560s_gpu/tb/analytic/PPO_1
[E2] ~3.6h remaining (159488 steps left @ 0.08s/step)
---------------------------------
| rollout/           |          |
|    ep_len_mean     | 6.65     |
|    ep_rew_mean     | 1.07     |
| time/              |          |
|    eta_hours       | 3.65     |
|    fps             | 10       |
|    iterations      | 1        |
|    sec_per_step    | 0.0824   |
|    time_elapsed    | 47       |
|    total_timesteps | 4608     |
---------------------------------
[E2] ~4.7h remaining (158976 steps left @ 0.11s/step)
------------------------------------------
| rollout/                |              |
|    ep_len_mean          | 6.93         |
|    ep_rew_mean          | 1.02         |
| time/                   |              |
|    eta_hours            | 4.71         |
|    fps                  | 7            |
|    iterations           | 2            |
|    sec_per_step         | 0.107        |
|    time_elapsed         | 130          |
|    total_timesteps      | 5120         |
| train/                  |              |
|    approx_kl            | 0.0054596704 |
|    clip_fraction        | 0.0189       |
|    clip_range           | 0.2          |
|    entropy_loss         | -2.8         |
|    explained_variance   | 0.712        |
|    learning_rate        | 0.0001       |
|    loss                 | 0.106        |
|    n_updates            | 80           |
|    policy_gradient_loss | -0.00671     |
|    std                  | 0.981        |
|    value_loss           | 0.312        |
------------------------------------------
[E2] ~5.6h remaining (158464 steps left @ 0.13s/step)
-----------------------------------------
| rollout/                |             |
|    ep_len_mean          | 6.82        |
|    ep_rew_mean          | 0.997       |
| time/                   |             |
|    eta_hours            | 5.58        |
|    fps                  | 6           |
|    iterations           | 3           |
|    sec_per_step         | 0.127       |
|    time_elapsed         | 220         |
|    total_timesteps      | 5632        |
| train/                  |             |
|    approx_kl            | 0.007184784 |
|    clip_fraction        | 0.034       |
|    clip_range           | 0.2         |
|    entropy_loss         | -2.79       |
|    explained_variance   | 0.731       |
|    learning_rate        | 0.0001      |
|    loss                 | 0.108       |
|    n_updates            | 90          |
|    policy_gradient_loss | -0.00779    |
|    std                  | 0.976       |
|    value_loss           | 0.303       |
-----------------------------------------
[MF global-best] 8.88% confirmed full-Bloch MAPE saved from cached3/switch_decision_full_probe @ step 6144 (screen=6.46%) → runs/e2/mf_runB_5sphere_560s_gpu/global_best
[MF cached3 @ 6144] MAPE_f=9.78% MAPE_full=6.46% bias=+3.32% rankcorr=None → stay
[E2] ~6.5h remaining (157952 steps left @ 0.15s/step)
-----------------------------------------
| rollout/                |             |
|    ep_len_mean          | 6.65        |
|    ep_rew_mean          | 1.01        |
| time/                   |             |
|    eta_hours            | 6.5         |
|    fps                  | 6           |
|    iterations           | 4           |
|    sec_per_step         | 0.148       |
|    time_elapsed         | 321         |
|    total_timesteps      | 6144        |
| train/                  |             |
|    approx_kl            | 0.006123151 |
|    clip_fraction        | 0.0488      |
|    clip_range           | 0.2         |
|    entropy_loss         | -2.79       |
|    explained_variance   | 0.747       |
|    learning_rate        | 0.0001      |
|    loss                 | 0.11        |
|    n_updates            | 100         |
|    policy_gradient_loss | -0.0105     |
|    std                  | 0.973       |
|    value_loss           | 0.281       |
-----------------------------------------
[E2] ~6.6h remaining (157440 steps left @ 0.15s/step)
-----------------------------------------
| rollout/                |             |
|    ep_len_mean          | 6.47        |
|    ep_rew_mean          | 1.04        |
| time/                   |             |
|    eta_hours            | 6.56        |
|    fps                  | 6           |
|    iterations           | 5           |
|    sec_per_step         | 0.15        |
|    time_elapsed         | 400         |
|    total_timesteps      | 6656        |
| train/                  |             |
|    approx_kl            | 0.007183127 |
|    clip_fraction        | 0.0564      |
|    clip_range           | 0.2         |
|    entropy_loss         | -2.78       |
|    explained_variance   | 0.75        |
|    learning_rate        | 0.0001      |
|    loss                 | 0.135       |
|    n_updates            | 110         |
|    policy_gradient_loss | -0.0112     |
|    std                  | 0.971       |
|    value_loss           | 0.299       |
-----------------------------------------
[E2] ~6.8h remaining (156928 steps left @ 0.16s/step)
----------------------------------------
| rollout/                |            |
|    ep_len_mean          | 6.83       |
|    ep_rew_mean          | 1.05       |
| time/                   |            |
|    eta_hours            | 6.81       |
|    fps                  | 6          |
|    iterations           | 6          |
|    sec_per_step         | 0.156      |
|    time_elapsed         | 487        |
|    total_timesteps      | 7168       |
| train/                  |            |
|    approx_kl            | 0.00938954 |
|    clip_fraction        | 0.0609     |
|    clip_range           | 0.2        |
|    entropy_loss         | -2.78      |
|    explained_variance   | 0.751      |
|    learning_rate        | 0.0001     |
|    loss                 | 0.108      |
|    n_updates            | 120        |
|    policy_gradient_loss | -0.0129    |
|    std                  | 0.97       |
|    value_loss           | 0.304      |
----------------------------------------
[E2] ~7.0h remaining (156416 steps left @ 0.16s/step)
------------------------------------------
| rollout/                |              |
|    ep_len_mean          | 6.57         |
|    ep_rew_mean          | 1.02         |
| time/                   |              |
|    eta_hours            | 7.02         |
|    fps                  | 6            |
|    iterations           | 7            |
|    sec_per_step         | 0.162        |
|    time_elapsed         | 576          |
|    total_timesteps      | 7680         |
| train/                  |              |
|    approx_kl            | 0.0068743476 |
|    clip_fraction        | 0.0355       |
|    clip_range           | 0.2          |
|    entropy_loss         | -2.77        |
|    explained_variance   | 0.797        |
|    learning_rate        | 0.0001       |
|    loss                 | 0.0429       |
|    n_updates            | 130          |
|    policy_gradient_loss | -0.0069      |
|    std                  | 0.968        |
|    value_loss           | 0.237        |
------------------------------------------
[MF global-best] candidate from cached3/switch_decision_full_probe screened at 6.93% but confirmed at 9.64% >= current best 8.88%
[MF cached3 @ 8192] MAPE_f=7.48% MAPE_full=6.93% bias=+0.55% rankcorr=None → stay
[E2] ~7.5h remaining (155904 steps left @ 0.17s/step)
-----------------------------------------
| rollout/                |             |
|    ep_len_mean          | 6.8         |
|    ep_rew_mean          | 1.03        |
| time/                   |             |
|    eta_hours            | 7.47        |
|    fps                  | 6           |
|    iterations           | 8           |
|    sec_per_step         | 0.173       |
|    time_elapsed         | 678         |
|    total_timesteps      | 8192        |
| train/                  |             |
|    approx_kl            | 0.008539047 |
|    clip_fraction        | 0.0693      |
|    clip_range           | 0.2         |
|    entropy_loss         | -2.77       |
|    explained_variance   | 0.731       |
|    learning_rate        | 0.0001      |
|    loss                 | 0.117       |
|    n_updates            | 140         |
|    policy_gradient_loss | -0.00983    |
|    std                  | 0.964       |
|    value_loss           | 0.342       |
-----------------------------------------
[E2] ~7.3h remaining (155392 steps left @ 0.17s/step)
----------------------------------------
| rollout/                |            |
|    ep_len_mean          | 7.01       |
|    ep_rew_mean          | 1          |
| time/                   |            |
|    eta_hours            | 7.28       |
|    fps                  | 6          |
|    iterations           | 9          |
|    sec_per_step         | 0.169      |
|    time_elapsed         | 759        |
|    total_timesteps      | 8704       |
| train/                  |            |
|    approx_kl            | 0.00869701 |
|    clip_fraction        | 0.0719     |
|    clip_range           | 0.2        |
|    entropy_loss         | -2.76      |
|    explained_variance   | 0.715      |
|    learning_rate        | 0.0001     |
|    loss                 | 0.112      |
|    n_updates            | 150        |
|    policy_gradient_loss | -0.0131    |
|    std                  | 0.961      |
|    value_loss           | 0.338      |
----------------------------------------
[E2] ~7.3h remaining (154880 steps left @ 0.17s/step)
------------------------------------------
| rollout/                |              |
|    ep_len_mean          | 7.07         |
|    ep_rew_mean          | 1.06         |
| time/                   |              |
|    eta_hours            | 7.3          |
|    fps                  | 6            |
|    iterations           | 10           |
|    sec_per_step         | 0.17         |
|    time_elapsed         | 848          |
|    total_timesteps      | 9216         |
| train/                  |              |
|    approx_kl            | 0.0076002935 |
|    clip_fraction        | 0.0604       |
|    clip_range           | 0.2          |
|    entropy_loss         | -2.76        |
|    explained_variance   | 0.746        |
|    learning_rate        | 0.0001       |
|    loss                 | 0.0871       |
|    n_updates            | 160          |
|    policy_gradient_loss | -0.00958     |
|    std                  | 0.959        |
|    value_loss           | 0.299        |
------------------------------------------
[E2] ~6.8h remaining (154368 steps left @ 0.16s/step)
-----------------------------------------
| rollout/                |             |
|    ep_len_mean          | 7.16        |
|    ep_rew_mean          | 1.06        |
| time/                   |             |
|    eta_hours            | 6.8         |
|    fps                  | 6           |
|    iterations           | 11          |
|    sec_per_step         | 0.159       |
|    time_elapsed         | 916         |
|    total_timesteps      | 9728        |
| train/                  |             |
|    approx_kl            | 0.004307186 |
|    clip_fraction        | 0.0279      |
|    clip_range           | 0.2         |
|    entropy_loss         | -2.75       |
|    explained_variance   | 0.784       |
|    learning_rate        | 0.0001      |
|    loss                 | 0.101       |
|    n_updates            | 170         |
|    policy_gradient_loss | -0.00675    |
|    std                  | 0.959       |
|    value_loss           | 0.282       |
-----------------------------------------
[E2 eval @ step 10000]  MAPE=8.37%  p90=13.39%  success(<5%)=20.0%  mean_scan_time=521.4s
[E2 eval]  → new best MAPE 8.37% saved to runs/e2/mf_runB_5sphere_560s_gpu/stage1_cached3/best
[MF cached3 @ 10240] MAPE_f=7.36% MAPE_full=11.95% bias=-4.59% rankcorr=None → stay
[E2] ~7.2h remaining (153856 steps left @ 0.17s/step)
-----------------------------------------
| rollout/                |             |
|    ep_len_mean          | 7.16        |
|    ep_rew_mean          | 1.02        |
| time/                   |             |
|    eta_hours            | 7.19        |
|    fps                  | 6           |
|    iterations           | 12          |
|    sec_per_step         | 0.168       |
|    time_elapsed         | 1013        |
|    total_timesteps      | 10240       |
| train/                  |             |
|    approx_kl            | 0.013307488 |
|    clip_fraction        | 0.11        |
|    clip_range           | 0.2         |
|    entropy_loss         | -2.75       |
|    explained_variance   | 0.693       |
|    learning_rate        | 0.0001      |
|    loss                 | 0.222       |
|    n_updates            | 180         |
|    policy_gradient_loss | -0.0174     |
|    std                  | 0.957       |
|    value_loss           | 0.364       |
-----------------------------------------
[E2] ~7.0h remaining (153344 steps left @ 0.16s/step)
-----------------------------------------
| rollout/                |             |
|    ep_len_mean          | 7.15        |
|    ep_rew_mean          | 1.06        |
| time/                   |             |
|    eta_hours            | 7.02        |
|    fps                  | 6           |
|    iterations           | 13          |
|    sec_per_step         | 0.165       |
|    time_elapsed         | 1094        |
|    total_timesteps      | 10752       |
| train/                  |             |
|    approx_kl            | 0.007520611 |
|    clip_fraction        | 0.0629      |
|    clip_range           | 0.2         |
|    entropy_loss         | -2.75       |
|    explained_variance   | 0.772       |
|    learning_rate        | 0.0001      |
|    loss                 | 0.183       |
|    n_updates            | 190         |
|    policy_gradient_loss | -0.00931    |
|    std                  | 0.955       |
|    value_loss           | 0.269       |
-----------------------------------------
[E2] ~6.8h remaining (152832 steps left @ 0.16s/step)
-----------------------------------------
| rollout/                |             |
|    ep_len_mean          | 7.25        |
|    ep_rew_mean          | 1.09        |
| time/                   |             |
|    eta_hours            | 6.82        |
|    fps                  | 6           |
|    iterations           | 14          |
|    sec_per_step         | 0.161       |
|    time_elapsed         | 1171        |
|    total_timesteps      | 11264       |
| train/                  |             |
|    approx_kl            | 0.008398173 |
|    clip_fraction        | 0.0492      |
|    clip_range           | 0.2         |
|    entropy_loss         | -2.74       |
|    explained_variance   | 0.743       |
|    learning_rate        | 0.0001      |
|    loss                 | 0.153       |
|    n_updates            | 200         |
|    policy_gradient_loss | -0.00949    |
|    std                  | 0.951       |
|    value_loss           | 0.31        |
-----------------------------------------
[E2] ~6.7h remaining (152320 steps left @ 0.16s/step)
-----------------------------------------
| rollout/                |             |
|    ep_len_mean          | 7.14        |
|    ep_rew_mean          | 1.06        |
| time/                   |             |
|    eta_hours            | 6.7         |
|    fps                  | 6           |
|    iterations           | 15          |
|    sec_per_step         | 0.158       |
|    time_elapsed         | 1249        |
|    total_timesteps      | 11776       |
| train/                  |             |
|    approx_kl            | 0.008942359 |
|    clip_fraction        | 0.0781      |
|    clip_range           | 0.2         |
|    entropy_loss         | -2.73       |
|    explained_variance   | 0.794       |
|    learning_rate        | 0.0001      |
|    loss                 | 0.0808      |
|    n_updates            | 210         |
|    policy_gradient_loss | -0.0126     |
|    std                  | 0.949       |
|    value_loss           | 0.242       |
-----------------------------------------
[MF global-best] 6.85% confirmed full-Bloch MAPE saved from cached3/switch_decision_full_probe @ step 12288 (screen=5.17%) → runs/e2/mf_runB_5sphere_560s_gpu/global_best
[MF cached3 @ 12288] MAPE_f=5.50% MAPE_full=5.17% bias=+0.33% rankcorr=0.2 → PROMOTE(rank_breakdown)
[MF] stage cached3 done in 22.3 min
[MF global-best] candidate from cached3/stage_end_full_probe screened at 5.17% but confirmed at 6.85% >= current best 6.85%

[MF] ===== stage 2: cached  (cheap) =====
[MF global-best] candidate from cached/stage_start_full_probe screened at 5.17% but confirmed at 6.85% >= current best 6.85%
[MF] cached warm-start full-sim MAPE_pre=5.17%  (gap vs prev final: 0.0%)
Logging to runs/e2/mf_runB_5sphere_560s_gpu/tb/analytic/PPO_1
[E2 eval @ step 12289]  MAPE=6.85%  p90=8.85%  success(<5%)=10.0%  mean_scan_time=528.5s
[E2 eval]  → new best MAPE 6.85% saved to runs/e2/mf_runB_5sphere_560s_gpu/stage2_cached/best
[E2] ~5.7h remaining (159488 steps left @ 0.13s/step)
---------------------------------
| rollout/           |          |
|    ep_len_mean     | 7.56     |
|    ep_rew_mean     | 1.07     |
| time/              |          |
|    eta_hours       | 5.71     |
|    fps             | 7        |
|    iterations      | 1        |
|    sec_per_step    | 0.129    |
|    time_elapsed    | 70       |
|    total_timesteps | 12800    |
---------------------------------
[E2] ~5.7h remaining (158976 steps left @ 0.13s/step)
------------------------------------------
| rollout/                |              |
|    ep_len_mean          | 7.59         |
|    ep_rew_mean          | 1.03         |
| time/                   |              |
|    eta_hours            | 5.67         |
|    fps                  | 7            |
|    iterations           | 2            |
|    sec_per_step         | 0.128        |
|    time_elapsed         | 135          |
|    total_timesteps      | 13312        |
| train/                  |              |
|    approx_kl            | 0.0066109924 |
|    clip_fraction        | 0.0426       |
|    clip_range           | 0.2          |
|    entropy_loss         | -2.72        |
|    explained_variance   | 0.794        |
|    learning_rate        | 0.0001       |
|    loss                 | 0.128        |
|    n_updates            | 230          |
|    policy_gradient_loss | -0.00682     |
|    std                  | 0.941        |
|    value_loss           | 0.235        |
------------------------------------------
[E2] ~6.1h remaining (158464 steps left @ 0.14s/step)
-----------------------------------------
| rollout/                |             |
|    ep_len_mean          | 7.55        |
|    ep_rew_mean          | 0.996       |
| time/                   |             |
|    eta_hours            | 6.12        |
|    fps                  | 7           |
|    iterations           | 3           |
|    sec_per_step         | 0.139       |
|    time_elapsed         | 219         |
|    total_timesteps      | 13824       |
| train/                  |             |
|    approx_kl            | 0.012633781 |
|    clip_fraction        | 0.0969      |
|    clip_range           | 0.2         |
|    entropy_loss         | -2.71       |
|    explained_variance   | 0.767       |
|    learning_rate        | 0.0001      |
|    loss                 | 0.108       |
|    n_updates            | 240         |
|    policy_gradient_loss | -0.0148     |
|    std                  | 0.94        |
|    value_loss           | 0.265       |
-----------------------------------------
[MF cached @ 14336] MAPE_f=8.65% MAPE_full=7.17% bias=+1.48% rankcorr=None → stay
[E2] ~6.7h remaining (157952 steps left @ 0.15s/step)
-----------------------------------------
| rollout/                |             |
|    ep_len_mean          | 7.36        |
|    ep_rew_mean          | 1.03        |
| time/                   |             |
|    eta_hours            | 6.65        |
|    fps                  | 6           |
|    iterations           | 4           |
|    sec_per_step         | 0.152       |
|    time_elapsed         | 311         |
|    total_timesteps      | 14336       |
| train/                  |             |
|    approx_kl            | 0.005056875 |
|    clip_fraction        | 0.0369      |
|    clip_range           | 0.2         |
|    entropy_loss         | -2.71       |
|    explained_variance   | 0.748       |
|    learning_rate        | 0.0001      |
|    loss                 | 0.265       |
|    n_updates            | 250         |
|    policy_gradient_loss | -0.00596    |
|    std                  | 0.938       |
|    value_loss           | 0.308       |
-----------------------------------------
[E2] ~6.8h remaining (157440 steps left @ 0.16s/step)
-----------------------------------------
| rollout/                |             |
|    ep_len_mean          | 7.47        |
|    ep_rew_mean          | 1.06        |
| time/                   |             |
|    eta_hours            | 6.84        |
|    fps                  | 6           |
|    iterations           | 5           |
|    sec_per_step         | 0.156       |
|    time_elapsed         | 397         |
|    total_timesteps      | 14848       |
| train/                  |             |
|    approx_kl            | 0.006012962 |
|    clip_fraction        | 0.041       |
|    clip_range           | 0.2         |
|    entropy_loss         | -2.71       |
|    explained_variance   | 0.775       |
|    learning_rate        | 0.0001      |
|    loss                 | 0.0992      |
|    n_updates            | 260         |
|    policy_gradient_loss | -0.00587    |
|    std                  | 0.935       |
|    value_loss           | 0.274       |
-----------------------------------------
[E2] ~6.9h remaining (156928 steps left @ 0.16s/step)
-----------------------------------------
| rollout/                |             |
|    ep_len_mean          | 7.48        |
|    ep_rew_mean          | 1.03        |
| time/                   |             |
|    eta_hours            | 6.91        |
|    fps                  | 6           |
|    iterations           | 6           |
|    sec_per_step         | 0.158       |
|    time_elapsed         | 481         |
|    total_timesteps      | 15360       |
| train/                  |             |
|    approx_kl            | 0.007418995 |
|    clip_fraction        | 0.0643      |
|    clip_range           | 0.2         |
|    entropy_loss         | -2.7        |
|    explained_variance   | 0.773       |
|    learning_rate        | 0.0001      |
|    loss                 | 0.16        |
|    n_updates            | 270         |
|    policy_gradient_loss | -0.00981    |
|    std                  | 0.934       |
|    value_loss           | 0.289       |
-----------------------------------------
[E2] ~7.1h remaining (156416 steps left @ 0.16s/step)
-----------------------------------------
| rollout/                |             |
|    ep_len_mean          | 7.47        |
|    ep_rew_mean          | 1.06        |
| time/                   |             |
|    eta_hours            | 7.08        |
|    fps                  | 6           |
|    iterations           | 7           |
|    sec_per_step         | 0.163       |
|    time_elapsed         | 570         |
|    total_timesteps      | 15872       |
| train/                  |             |
|    approx_kl            | 0.008119451 |
|    clip_fraction        | 0.083       |
|    clip_range           | 0.2         |
|    entropy_loss         | -2.7        |
|    explained_variance   | 0.808       |
|    learning_rate        | 0.0001      |
|    loss                 | 0.0746      |
|    n_updates            | 280         |
|    policy_gradient_loss | -0.0113     |
|    std                  | 0.931       |
|    value_loss           | 0.205       |
-----------------------------------------
[MF global-best] 5.19% confirmed full-Bloch MAPE saved from cached/switch_decision_full_probe @ step 16384 (screen=5.87%) → runs/e2/mf_runB_5sphere_560s_gpu/global_best
[MF cached @ 16384] MAPE_f=5.28% MAPE_full=5.87% bias=-0.59% rankcorr=None → stay
[E2] ~7.7h remaining (155904 steps left @ 0.18s/step)
-----------------------------------------
| rollout/                |             |
|    ep_len_mean          | 7.39        |
|    ep_rew_mean          | 1.05        |
| time/                   |             |
|    eta_hours            | 7.67        |
|    fps                  | 6           |
|    iterations           | 8           |
|    sec_per_step         | 0.177       |
|    time_elapsed         | 677         |
|    total_timesteps      | 16384       |
| train/                  |             |
|    approx_kl            | 0.015132096 |
|    clip_fraction        | 0.112       |
|    clip_range           | 0.2         |
|    entropy_loss         | -2.69       |
|    explained_variance   | 0.781       |
|    learning_rate        | 0.0001      |
|    loss                 | 0.157       |
|    n_updates            | 290         |
|    policy_gradient_loss | -0.0151     |
|    std                  | 0.928       |
|    value_loss           | 0.262       |
-----------------------------------------
[E2] ~7.6h remaining (155392 steps left @ 0.18s/step)
-----------------------------------------
| rollout/                |             |
|    ep_len_mean          | 7.52        |
|    ep_rew_mean          | 1.03        |
| time/                   |             |
|    eta_hours            | 7.56        |
|    fps                  | 6           |
|    iterations           | 9           |
|    sec_per_step         | 0.175       |
|    time_elapsed         | 764         |
|    total_timesteps      | 16896       |
| train/                  |             |
|    approx_kl            | 0.011166823 |
|    clip_fraction        | 0.0801      |
|    clip_range           | 0.2         |
|    entropy_loss         | -2.69       |
|    explained_variance   | 0.712       |
|    learning_rate        | 0.0001      |
|    loss                 | 0.167       |
|    n_updates            | 300         |
|    policy_gradient_loss | -0.00785    |
|    std                  | 0.927       |
|    value_loss           | 0.339       |
-----------------------------------------
[E2] ~7.5h remaining (154880 steps left @ 0.17s/step)
-----------------------------------------
| rollout/                |             |
|    ep_len_mean          | 7.54        |
|    ep_rew_mean          | 1.07        |
| time/                   |             |
|    eta_hours            | 7.47        |
|    fps                  | 6           |
|    iterations           | 10          |
|    sec_per_step         | 0.174       |
|    time_elapsed         | 852         |
|    total_timesteps      | 17408       |
| train/                  |             |
|    approx_kl            | 0.009759898 |
|    clip_fraction        | 0.0615      |
|    clip_range           | 0.2         |
|    entropy_loss         | -2.68       |
|    explained_variance   | 0.793       |
|    learning_rate        | 0.0001      |
|    loss                 | 0.0531      |
|    n_updates            | 310         |
|    policy_gradient_loss | -0.014      |
|    std                  | 0.923       |
|    value_loss           | 0.228       |
-----------------------------------------
[E2] ~7.4h remaining (154368 steps left @ 0.17s/step)
-----------------------------------------
| rollout/                |             |
|    ep_len_mean          | 7.39        |
|    ep_rew_mean          | 1.07        |
| time/                   |             |
|    eta_hours            | 7.44        |
|    fps                  | 5           |
|    iterations           | 11          |
|    sec_per_step         | 0.173       |
|    time_elapsed         | 940         |
|    total_timesteps      | 17920       |
| train/                  |             |
|    approx_kl            | 0.008785606 |
|    clip_fraction        | 0.0805      |
|    clip_range           | 0.2         |
|    entropy_loss         | -2.67       |
|    explained_variance   | 0.761       |
|    learning_rate        | 0.0001      |
|    loss                 | 0.0962      |
|    n_updates            | 320         |
|    policy_gradient_loss | -0.0132     |
|    std                  | 0.919       |
|    value_loss           | 0.289       |
-----------------------------------------
[MF cached @ 18432] MAPE_f=9.85% MAPE_full=10.26% bias=-0.41% rankcorr=None → stay
[E2] ~7.2h remaining (153856 steps left @ 0.17s/step)
-----------------------------------------
| rollout/                |             |
|    ep_len_mean          | 7.47        |
|    ep_rew_mean          | 1.03        |
| time/                   |             |
|    eta_hours            | 7.15        |
|    fps                  | 6           |
|    iterations           | 12          |
|    sec_per_step         | 0.167       |
|    time_elapsed         | 1019        |
|    total_timesteps      | 18432       |
| train/                  |             |
|    approx_kl            | 0.008086139 |
|    clip_fraction        | 0.0664      |
|    clip_range           | 0.2         |
|    entropy_loss         | -2.66       |
|    explained_variance   | 0.768       |
|    learning_rate        | 0.0001      |
|    loss                 | 0.104       |
|    n_updates            | 330         |
|    policy_gradient_loss | -0.00974    |
|    std                  | 0.917       |
|    value_loss           | 0.283       |
-----------------------------------------
[E2] ~6.6h remaining (153344 steps left @ 0.16s/step)
-----------------------------------------
| rollout/                |             |
|    ep_len_mean          | 7.84        |
|    ep_rew_mean          | 1.04        |
| time/                   |             |
|    eta_hours            | 6.61        |
|    fps                  | 6           |
|    iterations           | 13          |
|    sec_per_step         | 0.155       |
|    time_elapsed         | 1083        |
|    total_timesteps      | 18944       |
| train/                  |             |
|    approx_kl            | 0.010907708 |
|    clip_fraction        | 0.0904      |
|    clip_range           | 0.2         |
|    entropy_loss         | -2.66       |
|    explained_variance   | 0.705       |
|    learning_rate        | 0.0001      |
|    loss                 | 0.0808      |
|    n_updates            | 340         |
|    policy_gradient_loss | -0.0102     |
|    std                  | 0.913       |
|    value_loss           | 0.309       |
-----------------------------------------
[E2] ~6.4h remaining (152832 steps left @ 0.15s/step)
-----------------------------------------
| rollout/                |             |
|    ep_len_mean          | 7.54        |
|    ep_rew_mean          | 1.08        |
| time/                   |             |
|    eta_hours            | 6.37        |
|    fps                  | 6           |
|    iterations           | 14          |
|    sec_per_step         | 0.15        |
|    time_elapsed         | 1154        |
|    total_timesteps      | 19456       |
| train/                  |             |
|    approx_kl            | 0.006965492 |
|    clip_fraction        | 0.0666      |
|    clip_range           | 0.2         |
|    entropy_loss         | -2.65       |
|    explained_variance   | 0.792       |
|    learning_rate        | 0.0001      |
|    loss                 | 0.0543      |
|    n_updates            | 350         |
|    policy_gradient_loss | -0.0106     |
|    std                  | 0.91        |
|    value_loss           | 0.234       |
-----------------------------------------
[E2] ~6.4h remaining (152320 steps left @ 0.15s/step)
-----------------------------------------
| rollout/                |             |
|    ep_len_mean          | 7.8         |
|    ep_rew_mean          | 1.06        |
| time/                   |             |
|    eta_hours            | 6.43        |
|    fps                  | 6           |
|    iterations           | 15          |
|    sec_per_step         | 0.152       |
|    time_elapsed         | 1234        |
|    total_timesteps      | 19968       |
| train/                  |             |
|    approx_kl            | 0.011937168 |
|    clip_fraction        | 0.104       |
|    clip_range           | 0.2         |
|    entropy_loss         | -2.64       |
|    explained_variance   | 0.793       |
|    learning_rate        | 0.0001      |
|    loss                 | 0.0609      |
|    n_updates            | 360         |
|    policy_gradient_loss | -0.0177     |
|    std                  | 0.903       |
|    value_loss           | 0.257       |
-----------------------------------------
[MF cached @ 20480] MAPE_f=8.18% MAPE_full=5.73% bias=+2.44% rankcorr=0.8 → PROMOTE(rank_breakdown)
[MF] stage cached done in 22.2 min

[MF] ===== stage 3: full3  (cheap) =====
[MF] full3 warm-start full-sim MAPE_pre=5.73%  (gap vs prev final: 0.0%)
Logging to runs/e2/mf_runB_5sphere_560s_gpu/tb/analytic/PPO_1
[E2 eval @ step 20481]  MAPE=9.71%  p90=14.98%  success(<5%)=15.0%  mean_scan_time=521.4s
[E2 eval]  → new best MAPE 9.71% saved to runs/e2/mf_runB_5sphere_560s_gpu/stage3_full3/best
[E2] ~3.0h remaining (79488 steps left @ 0.14s/step)
---------------------------------
| rollout/           |          |
|    ep_len_mean     | 7.81     |
|    ep_rew_mean     | 1.09     |
| time/              |          |
|    eta_hours       | 3.02     |
|    fps             | 7        |
|    iterations      | 1        |
|    sec_per_step    | 0.137    |
|    time_elapsed    | 70       |
|    total_timesteps | 20992    |
---------------------------------
[E2] ~3.2h remaining (78976 steps left @ 0.15s/step)
-----------------------------------------
| rollout/                |             |
|    ep_len_mean          | 8.04        |
|    ep_rew_mean          | 0.997       |
| time/                   |             |
|    eta_hours            | 3.23        |
|    fps                  | 6           |
|    iterations           | 2           |
|    sec_per_step         | 0.147       |
|    time_elapsed         | 157         |
|    total_timesteps      | 21504       |
| train/                  |             |
|    approx_kl            | 0.004643145 |
|    clip_fraction        | 0.0207      |
|    clip_range           | 0.2         |
|    entropy_loss         | -2.62       |
|    explained_variance   | 0.789       |
|    learning_rate        | 0.0001      |
|    loss                 | 0.0556      |
|    n_updates            | 380         |
|    policy_gradient_loss | -0.00579    |
|    std                  | 0.9         |
|    value_loss           | 0.241       |
-----------------------------------------
[E2] ~3.3h remaining (78464 steps left @ 0.15s/step)
-----------------------------------------
| rollout/                |             |
|    ep_len_mean          | 7.88        |
|    ep_rew_mean          | 1           |
| time/                   |             |
|    eta_hours            | 3.31        |
|    fps                  | 6           |
|    iterations           | 3           |
|    sec_per_step         | 0.152       |
|    time_elapsed         | 241         |
|    total_timesteps      | 22016       |
| train/                  |             |
|    approx_kl            | 0.008526167 |
|    clip_fraction        | 0.0908      |
|    clip_range           | 0.2         |
|    entropy_loss         | -2.62       |
|    explained_variance   | 0.69        |
|    learning_rate        | 0.0001      |
|    loss                 | 0.108       |
|    n_updates            | 390         |
|    policy_gradient_loss | -0.0151     |
|    std                  | 0.898       |
|    value_loss           | 0.3         |
-----------------------------------------
[MF full3 @ 22528] MAPE_f=7.36% MAPE_full=6.71% bias=+0.65% rankcorr=None → stay
[E2] ~3.5h remaining (77952 steps left @ 0.16s/step)
-----------------------------------------
| rollout/                |             |
|    ep_len_mean          | 7.86        |
|    ep_rew_mean          | 1.02        |
| time/                   |             |
|    eta_hours            | 3.46        |
|    fps                  | 6           |
|    iterations           | 4           |
|    sec_per_step         | 0.16        |
|    time_elapsed         | 332         |
|    total_timesteps      | 22528       |
| train/                  |             |
|    approx_kl            | 0.010655375 |
|    clip_fraction        | 0.101       |
|    clip_range           | 0.2         |
|    entropy_loss         | -2.62       |
|    explained_variance   | 0.733       |
|    learning_rate        | 0.0001      |
|    loss                 | 0.155       |
|    n_updates            | 400         |
|    policy_gradient_loss | -0.0148     |
|    std                  | 0.896       |
|    value_loss           | 0.311       |
-----------------------------------------
[E2] ~3.5h remaining (77440 steps left @ 0.16s/step)
-----------------------------------------
| rollout/                |             |
|    ep_len_mean          | 7.85        |
|    ep_rew_mean          | 1.04        |
| time/                   |             |
|    eta_hours            | 3.47        |
|    fps                  | 6           |
|    iterations           | 5           |
|    sec_per_step         | 0.161       |
|    time_elapsed         | 417         |
|    total_timesteps      | 23040       |
| train/                  |             |
|    approx_kl            | 0.010289706 |
|    clip_fraction        | 0.0887      |
|    clip_range           | 0.2         |
|    entropy_loss         | -2.61       |
|    explained_variance   | 0.761       |
|    learning_rate        | 0.0001      |
|    loss                 | 0.0713      |
|    n_updates            | 410         |
|    policy_gradient_loss | -0.0135     |
|    std                  | 0.894       |
|    value_loss           | 0.28        |
-----------------------------------------
[E2] ~3.5h remaining (76928 steps left @ 0.16s/step)
-----------------------------------------
| rollout/                |             |
|    ep_len_mean          | 7.65        |
|    ep_rew_mean          | 1           |
| time/                   |             |
|    eta_hours            | 3.48        |
|    fps                  | 6           |
|    iterations           | 6           |
|    sec_per_step         | 0.163       |
|    time_elapsed         | 502         |
|    total_timesteps      | 23552       |
| train/                  |             |
|    approx_kl            | 0.009390438 |
|    clip_fraction        | 0.073       |
|    clip_range           | 0.2         |
|    entropy_loss         | -2.61       |
|    explained_variance   | 0.753       |
|    learning_rate        | 0.0001      |
|    loss                 | 0.111       |
|    n_updates            | 420         |
|    policy_gradient_loss | -0.00989    |
|    std                  | 0.891       |
|    value_loss           | 0.282       |
-----------------------------------------
[E2] ~3.5h remaining (76416 steps left @ 0.16s/step)
------------------------------------------
| rollout/                |              |
|    ep_len_mean          | 7.73         |
|    ep_rew_mean          | 1.02         |
| time/                   |              |
|    eta_hours            | 3.49         |
|    fps                  | 6            |
|    iterations           | 7            |
|    sec_per_step         | 0.164        |
|    time_elapsed         | 588          |
|    total_timesteps      | 24064        |
| train/                  |              |
|    approx_kl            | 0.0073886914 |
|    clip_fraction        | 0.0383       |
|    clip_range           | 0.2          |
|    entropy_loss         | -2.6         |
|    explained_variance   | 0.747        |
|    learning_rate        | 0.0001       |
|    loss                 | 0.133        |
|    n_updates            | 430          |
|    policy_gradient_loss | -0.00739     |
|    std                  | 0.889        |
|    value_loss           | 0.254        |
------------------------------------------
[MF full3 @ 24576] MAPE_f=8.55% MAPE_full=9.07% bias=-0.52% rankcorr=None → stay
[E2] ~3.5h remaining (75904 steps left @ 0.17s/step)
-----------------------------------------
| rollout/                |             |
|    ep_len_mean          | 7.5         |
|    ep_rew_mean          | 1.03        |
| time/                   |             |
|    eta_hours            | 3.52        |
|    fps                  | 6           |
|    iterations           | 8           |
|    sec_per_step         | 0.167       |
|    time_elapsed         | 676         |
|    total_timesteps      | 24576       |
| train/                  |             |
|    approx_kl            | 0.008235527 |
|    clip_fraction        | 0.06        |
|    clip_range           | 0.2         |
|    entropy_loss         | -2.6        |
|    explained_variance   | 0.772       |
|    learning_rate        | 0.0001      |
|    loss                 | 0.153       |
|    n_updates            | 440         |
|    policy_gradient_loss | -0.0101     |
|    std                  | 0.888       |
|    value_loss           | 0.272       |
-----------------------------------------
[E2] ~3.4h remaining (75392 steps left @ 0.16s/step)
-----------------------------------------
| rollout/                |             |
|    ep_len_mean          | 7.53        |
|    ep_rew_mean          | 1.06        |
| time/                   |             |
|    eta_hours            | 3.42        |
|    fps                  | 6           |
|    iterations           | 9           |
|    sec_per_step         | 0.163       |
|    time_elapsed         | 755         |
|    total_timesteps      | 25088       |
| train/                  |             |
|    approx_kl            | 0.010281779 |
|    clip_fraction        | 0.0797      |
|    clip_range           | 0.2         |
|    entropy_loss         | -2.59       |
|    explained_variance   | 0.808       |
|    learning_rate        | 0.0001      |
|    loss                 | 0.0854      |
|    n_updates            | 450         |
|    policy_gradient_loss | -0.0114     |
|    std                  | 0.882       |
|    value_loss           | 0.231       |
-----------------------------------------
[E2] ~3.2h remaining (74880 steps left @ 0.16s/step)
------------------------------------------
| rollout/                |              |
|    ep_len_mean          | 7.52         |
|    ep_rew_mean          | 1.03         |
| time/                   |              |
|    eta_hours            | 3.24         |
|    fps                  | 6            |
|    iterations           | 10           |
|    sec_per_step         | 0.156        |
|    time_elapsed         | 826          |
|    total_timesteps      | 25600        |
| train/                  |              |
|    approx_kl            | 0.0067893034 |
|    clip_fraction        | 0.0455       |
|    clip_range           | 0.2          |
|    entropy_loss         | -2.58        |
|    explained_variance   | 0.745        |
|    learning_rate        | 0.0001       |
|    loss                 | 0.2          |
|    n_updates            | 460          |
|    policy_gradient_loss | -0.00845     |
|    std                  | 0.877        |
|    value_loss           | 0.323        |
------------------------------------------
[E2] ~3.0h remaining (74368 steps left @ 0.15s/step)
-----------------------------------------
| rollout/                |             |
|    ep_len_mean          | 7.6         |
|    ep_rew_mean          | 1.05        |
| time/                   |             |
|    eta_hours            | 3.04        |
|    fps                  | 6           |
|    iterations           | 11          |
|    sec_per_step         | 0.147       |
|    time_elapsed         | 891         |
|    total_timesteps      | 26112       |
| train/                  |             |
|    approx_kl            | 0.006216521 |
|    clip_fraction        | 0.0576      |
|    clip_range           | 0.2         |
|    entropy_loss         | -2.57       |
|    explained_variance   | 0.736       |
|    learning_rate        | 0.0001      |
|    loss                 | 0.147       |
|    n_updates            | 470         |
|    policy_gradient_loss | -0.0099     |
|    std                  | 0.873       |
|    value_loss           | 0.342       |
-----------------------------------------
[MF full3 @ 26624] MAPE_f=5.54% MAPE_full=5.73% bias=-0.20% rankcorr=None → stay
[E2] ~3.1h remaining (73856 steps left @ 0.15s/step)
------------------------------------------
| rollout/                |              |
|    ep_len_mean          | 7.52         |
|    ep_rew_mean          | 1.04         |
| time/                   |              |
|    eta_hours            | 3.14         |
|    fps                  | 6            |
|    iterations           | 12           |
|    sec_per_step         | 0.153        |
|    time_elapsed         | 977          |
|    total_timesteps      | 26624        |
| train/                  |              |
|    approx_kl            | 0.0084692305 |
|    clip_fraction        | 0.052        |
|    clip_range           | 0.2          |
|    entropy_loss         | -2.56        |
|    explained_variance   | 0.691        |
|    learning_rate        | 0.0001       |
|    loss                 | 0.132        |
|    n_updates            | 480          |
|    policy_gradient_loss | -0.00606     |
|    std                  | 0.869        |
|    value_loss           | 0.362        |
------------------------------------------
[E2] ~3.1h remaining (73344 steps left @ 0.15s/step)
-----------------------------------------
| rollout/                |             |
|    ep_len_mean          | 7.8         |
|    ep_rew_mean          | 1.03        |
| time/                   |             |
|    eta_hours            | 3.14        |
|    fps                  | 6           |
|    iterations           | 13          |
|    sec_per_step         | 0.154       |
|    time_elapsed         | 1057        |
|    total_timesteps      | 27136       |
| train/                  |             |
|    approx_kl            | 0.005537131 |
|    clip_fraction        | 0.0277      |
|    clip_range           | 0.2         |
|    entropy_loss         | -2.55       |
|    explained_variance   | 0.767       |
|    learning_rate        | 0.0001      |
|    loss                 | 0.107       |
|    n_updates            | 490         |
|    policy_gradient_loss | -0.00711    |
|    std                  | 0.864       |
|    value_loss           | 0.297       |
-----------------------------------------
[E2] ~3.2h remaining (72832 steps left @ 0.16s/step)
-----------------------------------------
| rollout/                |             |
|    ep_len_mean          | 7.72        |
|    ep_rew_mean          | 1.05        |
| time/                   |             |
|    eta_hours            | 3.19        |
|    fps                  | 6           |
|    iterations           | 14          |
|    sec_per_step         | 0.158       |
|    time_elapsed         | 1142        |
|    total_timesteps      | 27648       |
| train/                  |             |
|    approx_kl            | 0.015986457 |
|    clip_fraction        | 0.124       |
|    clip_range           | 0.2         |
|    entropy_loss         | -2.54       |
|    explained_variance   | 0.771       |
|    learning_rate        | 0.0001      |
|    loss                 | 0.0675      |
|    n_updates            | 500         |
|    policy_gradient_loss | -0.0153     |
|    std                  | 0.864       |
|    value_loss           | 0.251       |
-----------------------------------------
[E2] ~3.2h remaining (72320 steps left @ 0.16s/step)
-----------------------------------------
| rollout/                |             |
|    ep_len_mean          | 7.84        |
|    ep_rew_mean          | 1.05        |
| time/                   |             |
|    eta_hours            | 3.2         |
|    fps                  | 6           |
|    iterations           | 15          |
|    sec_per_step         | 0.159       |
|    time_elapsed         | 1226        |
|    total_timesteps      | 28160       |
| train/                  |             |
|    approx_kl            | 0.012487648 |
|    clip_fraction        | 0.126       |
|    clip_range           | 0.2         |
|    entropy_loss         | -2.54       |
|    explained_variance   | 0.762       |
|    learning_rate        | 0.0001      |
|    loss                 | 0.0442      |
|    n_updates            | 510         |
|    policy_gradient_loss | -0.0164     |
|    std                  | 0.861       |
|    value_loss           | 0.296       |
-----------------------------------------
[MF full3 @ 28672] MAPE_f=5.90% MAPE_full=5.52% bias=+0.38% rankcorr=0.8 → PROMOTE(rank_breakdown)
[MF] stage full3 done in 22.1 min

[MF] ===== stage 4: full  (final) =====
[MF] full warm-start full-sim MAPE_pre=5.52%  (gap vs prev final: 0.0%)
Logging to runs/e2/mf_runB_5sphere_560s_gpu/tb/analytic/PPO_1
[E2 eval @ step 28673]  MAPE=6.87%  p90=10.41%  success(<5%)=25.0%  mean_scan_time=536.9s
[E2 eval]  → new best MAPE 6.87% saved to runs/e2/mf_runB_5sphere_560s_gpu/stage4_full/best
[E2] ~12.9h remaining (299488 steps left @ 0.16s/step)
---------------------------------
| rollout/           |          |
|    ep_len_mean     | 7.89     |
|    ep_rew_mean     | 1.09     |
| time/              |          |
|    eta_hours       | 12.9     |
|    fps             | 6        |
|    iterations      | 1        |
|    sec_per_step    | 0.155    |
|    time_elapsed    | 79       |
|    total_timesteps | 29184    |
---------------------------------
[E2] ~13.2h remaining (298976 steps left @ 0.16s/step)
-----------------------------------------
| rollout/                |             |
|    ep_len_mean          | 7.65        |
|    ep_rew_mean          | 1.06        |
| time/                   |             |
|    eta_hours            | 13.2        |
|    fps                  | 6           |
|    iterations           | 2           |
|    sec_per_step         | 0.159       |
|    time_elapsed         | 165         |
|    total_timesteps      | 29696       |
| train/                  |             |
|    approx_kl            | 0.009910928 |
|    clip_fraction        | 0.0891      |
|    clip_range           | 0.2         |
|    entropy_loss         | -2.52       |
|    explained_variance   | 0.814       |
|    learning_rate        | 0.0001      |
|    loss                 | 0.0569      |
|    n_updates            | 530         |
|    policy_gradient_loss | -0.0118     |
|    std                  | 0.855       |
|    value_loss           | 0.224       |
-----------------------------------------
[E2] ~13.2h remaining (298464 steps left @ 0.16s/step)
-----------------------------------------
| rollout/                |             |
|    ep_len_mean          | 7.83        |
|    ep_rew_mean          | 1.07        |
| time/                   |             |
|    eta_hours            | 13.2        |
|    fps                  | 6           |
|    iterations           | 3           |
|    sec_per_step         | 0.16        |
|    time_elapsed         | 247         |
|    total_timesteps      | 30208       |
| train/                  |             |
|    approx_kl            | 0.012478496 |
|    clip_fraction        | 0.0748      |
|    clip_range           | 0.2         |
|    entropy_loss         | -2.51       |
|    explained_variance   | 0.692       |
|    learning_rate        | 0.0001      |
|    loss                 | 0.2         |
|    n_updates            | 540         |
|    policy_gradient_loss | -0.00527    |
|    std                  | 0.852       |
|    value_loss           | 0.359       |
-----------------------------------------
[E2] ~12.9h remaining (297952 steps left @ 0.16s/step)
-----------------------------------------
| rollout/                |             |
|    ep_len_mean          | 8           |
|    ep_rew_mean          | 1.09        |
| time/                   |             |
|    eta_hours            | 12.9        |
|    fps                  | 6           |
|    iterations           | 4           |
|    sec_per_step         | 0.156       |
|    time_elapsed         | 323         |
|    total_timesteps      | 30720       |
| train/                  |             |
|    approx_kl            | 0.006416099 |
|    clip_fraction        | 0.0561      |
|    clip_range           | 0.2         |
|    entropy_loss         | -2.51       |
|    explained_variance   | 0.752       |
|    learning_rate        | 0.0001      |
|    loss                 | 0.0771      |
|    n_updates            | 550         |
|    policy_gradient_loss | -0.00765    |
|    std                  | 0.85        |
|    value_loss           | 0.282       |
-----------------------------------------
[E2] ~12.4h remaining (297440 steps left @ 0.15s/step)
-----------------------------------------
| rollout/                |             |
|    ep_len_mean          | 8.13        |
|    ep_rew_mean          | 1.12        |
| time/                   |             |
|    eta_hours            | 12.4        |
|    fps                  | 6           |
|    iterations           | 5           |
|    sec_per_step         | 0.15        |
|    time_elapsed         | 393         |
|    total_timesteps      | 31232       |
| train/                  |             |
|    approx_kl            | 0.010342946 |
|    clip_fraction        | 0.0895      |
|    clip_range           | 0.2         |
|    entropy_loss         | -2.5        |
|    explained_variance   | 0.771       |
|    learning_rate        | 0.0001      |
|    loss                 | 0.111       |
|    n_updates            | 560         |
|    policy_gradient_loss | -0.0121     |
|    std                  | 0.846       |
|    value_loss           | 0.247       |
-----------------------------------------
[E2] ~12.6h remaining (296928 steps left @ 0.15s/step)
----------------------------------------
| rollout/                |            |
|    ep_len_mean          | 8.15       |
|    ep_rew_mean          | 1.07       |
| time/                   |            |
|    eta_hours            | 12.6       |
|    fps                  | 6          |
|    iterations           | 6          |
|    sec_per_step         | 0.153      |
|    time_elapsed         | 474        |
|    total_timesteps      | 31744      |
| train/                  |            |
|    approx_kl            | 0.01038991 |
|    clip_fraction        | 0.0846     |
|    clip_range           | 0.2        |
|    entropy_loss         | -2.49      |
|    explained_variance   | 0.766      |
|    learning_rate        | 0.0001     |
|    loss                 | 0.081      |
|    n_updates            | 570        |
|    policy_gradient_loss | -0.0134    |
|    std                  | 0.842      |
|    value_loss           | 0.278      |
----------------------------------------
[E2] ~13.0h remaining (296416 steps left @ 0.16s/step)
-----------------------------------------
| rollout/                |             |
|    ep_len_mean          | 7.82        |
|    ep_rew_mean          | 1.07        |
| time/                   |             |
|    eta_hours            | 13          |
|    fps                  | 6           |
|    iterations           | 7           |
|    sec_per_step         | 0.158       |
|    time_elapsed         | 561         |
|    total_timesteps      | 32256       |
| train/                  |             |
|    approx_kl            | 0.010946281 |
|    clip_fraction        | 0.12        |
|    clip_range           | 0.2         |
|    entropy_loss         | -2.48       |
|    explained_variance   | 0.723       |
|    learning_rate        | 0.0001      |
|    loss                 | 0.1         |
|    n_updates            | 580         |
|    policy_gradient_loss | -0.016      |
|    std                  | 0.839       |
|    value_loss           | 0.291       |
-----------------------------------------
[E2] ~13.3h remaining (295904 steps left @ 0.16s/step)
------------------------------------------
| rollout/                |              |
|    ep_len_mean          | 7.92         |
|    ep_rew_mean          | 1.1          |
| time/                   |              |
|    eta_hours            | 13.3         |
|    fps                  | 6            |
|    iterations           | 8            |
|    sec_per_step         | 0.162        |
|    time_elapsed         | 649          |
|    total_timesteps      | 32768        |
| train/                  |              |
|    approx_kl            | 0.0059313625 |
|    clip_fraction        | 0.042        |
|    clip_range           | 0.2          |
|    entropy_loss         | -2.48        |
|    explained_variance   | 0.747        |
|    learning_rate        | 0.0001       |
|    loss                 | 0.119        |
|    n_updates            | 590          |
|    policy_gradient_loss | -0.00493     |
|    std                  | 0.837        |
|    value_loss           | 0.308        |
------------------------------------------
[E2] ~13.7h remaining (295392 steps left @ 0.17s/step)
-----------------------------------------
| rollout/                |             |
|    ep_len_mean          | 7.96        |
|    ep_rew_mean          | 1.08        |
| time/                   |             |
|    eta_hours            | 13.7        |
|    fps                  | 6           |
|    iterations           | 9           |
|    sec_per_step         | 0.167       |
|    time_elapsed         | 740         |
|    total_timesteps      | 33280       |
| train/                  |             |
|    approx_kl            | 0.010239486 |
|    clip_fraction        | 0.0824      |
|    clip_range           | 0.2         |
|    entropy_loss         | -2.47       |
|    explained_variance   | 0.823       |
|    learning_rate        | 0.0001      |
|    loss                 | 0.0967      |
|    n_updates            | 600         |
|    policy_gradient_loss | -0.00913    |
|    std                  | 0.834       |
|    value_loss           | 0.2         |
-----------------------------------------
[E2] ~13.9h remaining (294880 steps left @ 0.17s/step)
-----------------------------------------
| rollout/                |             |
|    ep_len_mean          | 8.13        |
|    ep_rew_mean          | 1.08        |
| time/                   |             |
|    eta_hours            | 13.9        |
|    fps                  | 6           |
|    iterations           | 10          |
|    sec_per_step         | 0.169       |
|    time_elapsed         | 829         |
|    total_timesteps      | 33792       |
| train/                  |             |
|    approx_kl            | 0.005835514 |
|    clip_fraction        | 0.0385      |
|    clip_range           | 0.2         |
|    entropy_loss         | -2.46       |
|    explained_variance   | 0.782       |
|    learning_rate        | 0.0001      |
|    loss                 | 0.0858      |
|    n_updates            | 610         |
|    policy_gradient_loss | -0.00556    |
|    std                  | 0.83        |
|    value_loss           | 0.245       |
-----------------------------------------
[E2] ~13.9h remaining (294368 steps left @ 0.17s/step)
-----------------------------------------
| rollout/                |             |
|    ep_len_mean          | 8.09        |
|    ep_rew_mean          | 1.1         |
| time/                   |             |
|    eta_hours            | 13.9        |
|    fps                  | 6           |
|    iterations           | 11          |
|    sec_per_step         | 0.169       |
|    time_elapsed         | 917         |
|    total_timesteps      | 34304       |
| train/                  |             |
|    approx_kl            | 0.008613508 |
|    clip_fraction        | 0.0869      |
|    clip_range           | 0.2         |
|    entropy_loss         | -2.45       |
|    explained_variance   | 0.801       |
|    learning_rate        | 0.0001      |
|    loss                 | 0.0423      |
|    n_updates            | 620         |
|    policy_gradient_loss | -0.00884    |
|    std                  | 0.828       |
|    value_loss           | 0.238       |
-----------------------------------------
[E2] ~14.0h remaining (293856 steps left @ 0.17s/step)
-----------------------------------------
| rollout/                |             |
|    ep_len_mean          | 8.01        |
|    ep_rew_mean          | 1.1         |
| time/                   |             |
|    eta_hours            | 14          |
|    fps                  | 6           |
|    iterations           | 12          |
|    sec_per_step         | 0.172       |
|    time_elapsed         | 1008        |
|    total_timesteps      | 34816       |
| train/                  |             |
|    approx_kl            | 0.008585253 |
|    clip_fraction        | 0.0635      |
|    clip_range           | 0.2         |
|    entropy_loss         | -2.45       |
|    explained_variance   | 0.736       |
|    learning_rate        | 0.0001      |
|    loss                 | 0.13        |
|    n_updates            | 630         |
|    policy_gradient_loss | -0.00889    |
|    std                  | 0.827       |
|    value_loss           | 0.333       |
-----------------------------------------
[E2] ~14.0h remaining (293344 steps left @ 0.17s/step)
-----------------------------------------
| rollout/                |             |
|    ep_len_mean          | 8.36        |
|    ep_rew_mean          | 1.09        |
| time/                   |             |
|    eta_hours            | 14          |
|    fps                  | 6           |
|    iterations           | 13          |
|    sec_per_step         | 0.172       |
|    time_elapsed         | 1096        |
|    total_timesteps      | 35328       |
| train/                  |             |
|    approx_kl            | 0.011464675 |
|    clip_fraction        | 0.126       |
|    clip_range           | 0.2         |
|    entropy_loss         | -2.45       |
|    explained_variance   | 0.764       |
|    learning_rate        | 0.0001      |
|    loss                 | 0.106       |
|    n_updates            | 640         |
|    policy_gradient_loss | -0.0165     |
|    std                  | 0.827       |
|    value_loss           | 0.269       |
-----------------------------------------
[E2] ~14.4h remaining (292832 steps left @ 0.18s/step)
-----------------------------------------
| rollout/                |             |
|    ep_len_mean          | 8.72        |
|    ep_rew_mean          | 1.12        |
| time/                   |             |
|    eta_hours            | 14.4        |
|    fps                  | 6           |
|    iterations           | 14          |
|    sec_per_step         | 0.178       |
|    time_elapsed         | 1193        |
|    total_timesteps      | 35840       |
| train/                  |             |
|    approx_kl            | 0.011365709 |
|    clip_fraction        | 0.0838      |
|    clip_range           | 0.2         |
|    entropy_loss         | -2.45       |
|    explained_variance   | 0.763       |
|    learning_rate        | 0.0001      |
|    loss                 | 0.201       |
|    n_updates            | 650         |
|    policy_gradient_loss | -0.0134     |
|    std                  | 0.824       |
|    value_loss           | 0.293       |
-----------------------------------------
[E2] ~14.6h remaining (292320 steps left @ 0.18s/step)
-----------------------------------------
| rollout/                |             |
|    ep_len_mean          | 8.66        |
|    ep_rew_mean          | 1.15        |
| time/                   |             |
|    eta_hours            | 14.6        |
|    fps                  | 5           |
|    iterations           | 15          |
|    sec_per_step         | 0.18        |
|    time_elapsed         | 1289        |
|    total_timesteps      | 36352       |
| train/                  |             |
|    approx_kl            | 0.009238227 |
|    clip_fraction        | 0.0898      |
|    clip_range           | 0.2         |
|    entropy_loss         | -2.44       |
|    explained_variance   | 0.783       |
|    learning_rate        | 0.0001      |
|    loss                 | 0.0696      |
|    n_updates            | 660         |
|    policy_gradient_loss | -0.013      |
|    std                  | 0.82        |
|    value_loss           | 0.269       |
-----------------------------------------
[E2] ~14.7h remaining (291808 steps left @ 0.18s/step)
-----------------------------------------
| rollout/                |             |
|    ep_len_mean          | 8.63        |
|    ep_rew_mean          | 1.13        |
| time/                   |             |
|    eta_hours            | 14.7        |
|    fps                  | 5           |
|    iterations           | 16          |
|    sec_per_step         | 0.182       |
|    time_elapsed         | 1384        |
|    total_timesteps      | 36864       |
| train/                  |             |
|    approx_kl            | 0.008335407 |
|    clip_fraction        | 0.0689      |
|    clip_range           | 0.2         |
|    entropy_loss         | -2.43       |
|    explained_variance   | 0.796       |
|    learning_rate        | 0.0001      |
|    loss                 | 0.106       |
|    n_updates            | 670         |
|    policy_gradient_loss | -0.00962    |
|    std                  | 0.818       |
|    value_loss           | 0.261       |
-----------------------------------------
[E2] ~14.6h remaining (291296 steps left @ 0.18s/step)
-----------------------------------------
| rollout/                |             |
|    ep_len_mean          | 8.12        |
|    ep_rew_mean          | 1.14        |
| time/                   |             |
|    eta_hours            | 14.6        |
|    fps                  | 5           |
|    iterations           | 17          |
|    sec_per_step         | 0.181       |
|    time_elapsed         | 1475        |
|    total_timesteps      | 37376       |
| train/                  |             |
|    approx_kl            | 0.009436184 |
|    clip_fraction        | 0.068       |
|    clip_range           | 0.2         |
|    entropy_loss         | -2.42       |
|    explained_variance   | 0.798       |
|    learning_rate        | 0.0001      |
|    loss                 | 0.0841      |
|    n_updates            | 680         |
|    policy_gradient_loss | -0.00916    |
|    std                  | 0.815       |
|    value_loss           | 0.224       |
-----------------------------------------
[E2] ~14.4h remaining (290784 steps left @ 0.18s/step)
-----------------------------------------
| rollout/                |             |
|    ep_len_mean          | 7.99        |
|    ep_rew_mean          | 1.14        |
| time/                   |             |
|    eta_hours            | 14.4        |
|    fps                  | 5           |
|    iterations           | 18          |
|    sec_per_step         | 0.178       |
|    time_elapsed         | 1563        |
|    total_timesteps      | 37888       |
| train/                  |             |
|    approx_kl            | 0.012274357 |
|    clip_fraction        | 0.114       |
|    clip_range           | 0.2         |
|    entropy_loss         | -2.42       |
|    explained_variance   | 0.79        |
|    learning_rate        | 0.0001      |
|    loss                 | 0.0665      |
|    n_updates            | 690         |
|    policy_gradient_loss | -0.0135     |
|    std                  | 0.814       |
|    value_loss           | 0.271       |
-----------------------------------------
[E2] ~14.3h remaining (290272 steps left @ 0.18s/step)
------------------------------------------
| rollout/                |              |
|    ep_len_mean          | 8.24         |
|    ep_rew_mean          | 1.06         |
| time/                   |              |
|    eta_hours            | 14.3         |
|    fps                  | 5            |
|    iterations           | 19           |
|    sec_per_step         | 0.178        |
|    time_elapsed         | 1654         |
|    total_timesteps      | 38400        |
| train/                  |              |
|    approx_kl            | 0.0078976285 |
|    clip_fraction        | 0.0787       |
|    clip_range           | 0.2          |
|    entropy_loss         | -2.42        |
|    explained_variance   | 0.803        |
|    learning_rate        | 0.0001       |
|    loss                 | 0.0678       |
|    n_updates            | 700          |
|    policy_gradient_loss | -0.0116      |
|    std                  | 0.814        |
|    value_loss           | 0.224        |
------------------------------------------
[E2 eval @ step 38673]  MAPE=5.00%  p90=8.01%  success(<5%)=55.0%  mean_scan_time=534.9s
[E2 eval]  → new best MAPE 5.00% saved to runs/e2/mf_runB_5sphere_560s_gpu/stage4_full/best
[MF global-best] candidate from full/stage_eval_full screened at 5.00% but confirmed at 7.40% >= current best 5.19%
[E2] ~16.0h remaining (289760 steps left @ 0.20s/step)
-----------------------------------------
| rollout/                |             |
|    ep_len_mean          | 8.64        |
|    ep_rew_mean          | 1.08        |
| time/                   |             |
|    eta_hours            | 16          |
|    fps                  | 5           |
|    iterations           | 20          |
|    sec_per_step         | 0.199       |
|    time_elapsed         | 1781        |
|    total_timesteps      | 38912       |
| train/                  |             |
|    approx_kl            | 0.005176861 |
|    clip_fraction        | 0.0449      |
|    clip_range           | 0.2         |
|    entropy_loss         | -2.41       |
|    explained_variance   | 0.722       |
|    learning_rate        | 0.0001      |
|    loss                 | 0.0868      |
|    n_updates            | 710         |
|    policy_gradient_loss | -0.00698    |
|    std                  | 0.81        |
|    value_loss           | 0.302       |
-----------------------------------------
[E2] ~15.4h remaining (289248 steps left @ 0.19s/step)
-----------------------------------------
| rollout/                |             |
|    ep_len_mean          | 8.62        |
|    ep_rew_mean          | 1.11        |
| time/                   |             |
|    eta_hours            | 15.4        |
|    fps                  | 5           |
|    iterations           | 21          |
|    sec_per_step         | 0.192       |
|    time_elapsed         | 1870        |
|    total_timesteps      | 39424       |
| train/                  |             |
|    approx_kl            | 0.011225866 |
|    clip_fraction        | 0.111       |
|    clip_range           | 0.2         |
|    entropy_loss         | -2.4        |
|    explained_variance   | 0.765       |
|    learning_rate        | 0.0001      |
|    loss                 | 0.164       |
|    n_updates            | 720         |
|    policy_gradient_loss | -0.0151     |
|    std                  | 0.808       |
|    value_loss           | 0.28        |
-----------------------------------------
[E2] ~14.5h remaining (288736 steps left @ 0.18s/step)
-----------------------------------------
| rollout/                |             |
|    ep_len_mean          | 8.27        |
|    ep_rew_mean          | 1.07        |
| time/                   |             |
|    eta_hours            | 14.5        |
|    fps                  | 5           |
|    iterations           | 22          |
|    sec_per_step         | 0.181       |
|    time_elapsed         | 1950        |
|    total_timesteps      | 39936       |
| train/                  |             |
|    approx_kl            | 0.008067289 |
|    clip_fraction        | 0.0576      |
|    clip_range           | 0.2         |
|    entropy_loss         | -2.4        |
|    explained_variance   | 0.796       |
|    learning_rate        | 0.0001      |
|    loss                 | 0.0988      |
|    n_updates            | 730         |
|    policy_gradient_loss | -0.0111     |
|    std                  | 0.804       |
|    value_loss           | 0.232       |
-----------------------------------------
[E2] ~13.7h remaining (288224 steps left @ 0.17s/step)
-----------------------------------------
| rollout/                |             |
|    ep_len_mean          | 8.44        |
|    ep_rew_mean          | 1.09        |
| time/                   |             |
|    eta_hours            | 13.7        |
|    fps                  | 5           |
|    iterations           | 23          |
|    sec_per_step         | 0.171       |
|    time_elapsed         | 2025        |
|    total_timesteps      | 40448       |
| train/                  |             |
|    approx_kl            | 0.010545153 |
|    clip_fraction        | 0.0709      |
|    clip_range           | 0.2         |
|    entropy_loss         | -2.39       |
|    explained_variance   | 0.758       |
|    learning_rate        | 0.0001      |
|    loss                 | 0.089       |
|    n_updates            | 740         |
|    policy_gradient_loss | -0.0127     |
|    std                  | 0.801       |
|    value_loss           | 0.288       |
-----------------------------------------
[E2] ~12.9h remaining (287712 steps left @ 0.16s/step)
-----------------------------------------
| rollout/                |             |
|    ep_len_mean          | 8.29        |
|    ep_rew_mean          | 1.13        |
| time/                   |             |
|    eta_hours            | 12.9        |
|    fps                  | 5           |
|    iterations           | 24          |
|    sec_per_step         | 0.161       |
|    time_elapsed         | 2097        |
|    total_timesteps      | 40960       |
| train/                  |             |
|    approx_kl            | 0.008779915 |
|    clip_fraction        | 0.0568      |
|    clip_range           | 0.2         |
|    entropy_loss         | -2.38       |
|    explained_variance   | 0.801       |
|    learning_rate        | 0.0001      |
|    loss                 | 0.121       |
|    n_updates            | 750         |
|    policy_gradient_loss | -0.00916    |
|    std                  | 0.799       |
|    value_loss           | 0.231       |
-----------------------------------------
[E2] ~12.7h remaining (287200 steps left @ 0.16s/step)
-----------------------------------------
| rollout/                |             |
|    ep_len_mean          | 8.5         |
|    ep_rew_mean          | 1.14        |
| time/                   |             |
|    eta_hours            | 12.7        |
|    fps                  | 5           |
|    iterations           | 25          |
|    sec_per_step         | 0.159       |
|    time_elapsed         | 2175        |
|    total_timesteps      | 41472       |
| train/                  |             |
|    approx_kl            | 0.010995464 |
|    clip_fraction        | 0.115       |
|    clip_range           | 0.2         |
|    entropy_loss         | -2.38       |
|    explained_variance   | 0.777       |
|    learning_rate        | 0.0001      |
|    loss                 | 0.158       |
|    n_updates            | 760         |
|    policy_gradient_loss | -0.01       |
|    std                  | 0.797       |
|    value_loss           | 0.285       |
-----------------------------------------
[E2] ~12.8h remaining (286688 steps left @ 0.16s/step)
-----------------------------------------
| rollout/                |             |
|    ep_len_mean          | 8.3         |
|    ep_rew_mean          | 1.1         |
| time/                   |             |
|    eta_hours            | 12.8        |
|    fps                  | 5           |
|    iterations           | 26          |
|    sec_per_step         | 0.161       |
|    time_elapsed         | 2259        |
|    total_timesteps      | 41984       |
| train/                  |             |
|    approx_kl            | 0.007176088 |
|    clip_fraction        | 0.0375      |
|    clip_range           | 0.2         |
|    entropy_loss         | -2.37       |
|    explained_variance   | 0.789       |
|    learning_rate        | 0.0001      |
|    loss                 | 0.0884      |
|    n_updates            | 770         |
|    policy_gradient_loss | -0.00661    |
|    std                  | 0.793       |
|    value_loss           | 0.251       |
-----------------------------------------
[E2] ~13.0h remaining (286176 steps left @ 0.16s/step)
------------------------------------------
| rollout/                |              |
|    ep_len_mean          | 8.23         |
|    ep_rew_mean          | 1.08         |
| time/                   |              |
|    eta_hours            | 13           |
|    fps                  | 5            |
|    iterations           | 27           |
|    sec_per_step         | 0.163        |
|    time_elapsed         | 2346         |
|    total_timesteps      | 42496        |
| train/                  |              |
|    approx_kl            | 0.0067768237 |
|    clip_fraction        | 0.0568       |
|    clip_range           | 0.2          |
|    entropy_loss         | -2.36        |
|    explained_variance   | 0.799        |
|    learning_rate        | 0.0001       |
|    loss                 | 0.136        |
|    n_updates            | 780          |
|    policy_gradient_loss | -0.0101      |
|    std                  | 0.793        |
|    value_loss           | 0.261        |
------------------------------------------
[E2] ~13.5h remaining (285664 steps left @ 0.17s/step)
-----------------------------------------
| rollout/                |             |
|    ep_len_mean          | 8.55        |
|    ep_rew_mean          | 1.09        |
| time/                   |             |
|    eta_hours            | 13.5        |
|    fps                  | 5           |
|    iterations           | 28          |
|    sec_per_step         | 0.171       |
|    time_elapsed         | 2442        |
|    total_timesteps      | 43008       |
| train/                  |             |
|    approx_kl            | 0.012658916 |
|    clip_fraction        | 0.137       |
|    clip_range           | 0.2         |
|    entropy_loss         | -2.36       |
|    explained_variance   | 0.808       |
|    learning_rate        | 0.0001      |
|    loss                 | 0.0805      |
|    n_updates            | 790         |
|    policy_gradient_loss | -0.0145     |
|    std                  | 0.791       |
|    value_loss           | 0.23        |
-----------------------------------------
[E2] ~13.7h remaining (285152 steps left @ 0.17s/step)
----------------------------------------
| rollout/                |            |
|    ep_len_mean          | 8.46       |
|    ep_rew_mean          | 1.09       |
| time/                   |            |
|    eta_hours            | 13.7       |
|    fps                  | 5          |
|    iterations           | 29         |
|    sec_per_step         | 0.173      |
|    time_elapsed         | 2534       |
|    total_timesteps      | 43520      |
| train/                  |            |
|    approx_kl            | 0.01094107 |
|    clip_fraction        | 0.0939     |
|    clip_range           | 0.2        |
|    entropy_loss         | -2.36      |
|    explained_variance   | 0.791      |
|    learning_rate        | 0.0001     |
|    loss                 | 0.0704     |
|    n_updates            | 800        |
|    policy_gradient_loss | -0.0134    |
|    std                  | 0.79       |
|    value_loss           | 0.223      |
----------------------------------------
[E2] ~13.9h remaining (284640 steps left @ 0.18s/step)
-----------------------------------------
| rollout/                |             |
|    ep_len_mean          | 8.47        |
|    ep_rew_mean          | 1.12        |
| time/                   |             |
|    eta_hours            | 13.9        |
|    fps                  | 5           |
|    iterations           | 30          |
|    sec_per_step         | 0.176       |
|    time_elapsed         | 2627        |
|    total_timesteps      | 44032       |
| train/                  |             |
|    approx_kl            | 0.014342273 |
|    clip_fraction        | 0.114       |
|    clip_range           | 0.2         |
|    entropy_loss         | -2.35       |
|    explained_variance   | 0.791       |
|    learning_rate        | 0.0001      |
|    loss                 | 0.0611      |
|    n_updates            | 810         |
|    policy_gradient_loss | -0.0218     |
|    std                  | 0.788       |
|    value_loss           | 0.249       |
-----------------------------------------
[E2] ~13.6h remaining (284128 steps left @ 0.17s/step)
-----------------------------------------
| rollout/                |             |
|    ep_len_mean          | 8.35        |
|    ep_rew_mean          | 1.11        |
| time/                   |             |
|    eta_hours            | 13.6        |
|    fps                  | 5           |
|    iterations           | 31          |
|    sec_per_step         | 0.173       |
|    time_elapsed         | 2712        |
|    total_timesteps      | 44544       |
| train/                  |             |
|    approx_kl            | 0.008150976 |
|    clip_fraction        | 0.0852      |
|    clip_range           | 0.2         |
|    entropy_loss         | -2.35       |
|    explained_variance   | 0.794       |
|    learning_rate        | 0.0001      |
|    loss                 | 0.0689      |
|    n_updates            | 820         |
|    policy_gradient_loss | -0.00917    |
|    std                  | 0.787       |
|    value_loss           | 0.241       |
-----------------------------------------
[E2] ~13.2h remaining (283616 steps left @ 0.17s/step)
-----------------------------------------
| rollout/                |             |
|    ep_len_mean          | 8.69        |
|    ep_rew_mean          | 1.14        |
| time/                   |             |
|    eta_hours            | 13.2        |
|    fps                  | 5           |
|    iterations           | 32          |
|    sec_per_step         | 0.168       |
|    time_elapsed         | 2792        |
|    total_timesteps      | 45056       |
| train/                  |             |
|    approx_kl            | 0.007670436 |
|    clip_fraction        | 0.0445      |
|    clip_range           | 0.2         |
|    entropy_loss         | -2.34       |
|    explained_variance   | 0.748       |
|    learning_rate        | 0.0001      |
|    loss                 | 0.153       |
|    n_updates            | 830         |
|    policy_gradient_loss | -0.00734    |
|    std                  | 0.784       |
|    value_loss           | 0.326       |
-----------------------------------------
[E2] ~12.4h remaining (283104 steps left @ 0.16s/step)
-----------------------------------------
| rollout/                |             |
|    ep_len_mean          | 8.49        |
|    ep_rew_mean          | 1.12        |
| time/                   |             |
|    eta_hours            | 12.4        |
|    fps                  | 5           |
|    iterations           | 33          |
|    sec_per_step         | 0.157       |
|    time_elapsed         | 2860        |
|    total_timesteps      | 45568       |
| train/                  |             |
|    approx_kl            | 0.010164715 |
|    clip_fraction        | 0.0686      |
|    clip_range           | 0.2         |
|    entropy_loss         | -2.34       |
|    explained_variance   | 0.772       |
|    learning_rate        | 0.0001      |
|    loss                 | 0.117       |
|    n_updates            | 840         |
|    policy_gradient_loss | -0.00962    |
|    std                  | 0.783       |
|    value_loss           | 0.307       |
-----------------------------------------
[E2] ~12.1h remaining (282592 steps left @ 0.15s/step)
-----------------------------------------
| rollout/                |             |
|    ep_len_mean          | 8.26        |
|    ep_rew_mean          | 1.1         |
| time/                   |             |
|    eta_hours            | 12.1        |
|    fps                  | 5           |
|    iterations           | 34          |
|    sec_per_step         | 0.154       |
|    time_elapsed         | 2935        |
|    total_timesteps      | 46080       |
| train/                  |             |
|    approx_kl            | 0.007953046 |
|    clip_fraction        | 0.0707      |
|    clip_range           | 0.2         |
|    entropy_loss         | -2.33       |
|    explained_variance   | 0.811       |
|    learning_rate        | 0.0001      |
|    loss                 | 0.0983      |
|    n_updates            | 850         |
|    policy_gradient_loss | -0.0113     |
|    std                  | 0.779       |
|    value_loss           | 0.201       |
-----------------------------------------
[E2] ~12.4h remaining (282080 steps left @ 0.16s/step)
-----------------------------------------
| rollout/                |             |
|    ep_len_mean          | 8.62        |
|    ep_rew_mean          | 1.1         |
| time/                   |             |
|    eta_hours            | 12.4        |
|    fps                  | 5           |
|    iterations           | 35          |
|    sec_per_step         | 0.158       |
|    time_elapsed         | 3021        |
|    total_timesteps      | 46592       |
| train/                  |             |
|    approx_kl            | 0.010946353 |
|    clip_fraction        | 0.0861      |
|    clip_range           | 0.2         |
|    entropy_loss         | -2.32       |
|    explained_variance   | 0.802       |
|    learning_rate        | 0.0001      |
|    loss                 | 0.136       |
|    n_updates            | 860         |
|    policy_gradient_loss | -0.0102     |
|    std                  | 0.778       |
|    value_loss           | 0.253       |
-----------------------------------------
[E2] ~12.7h remaining (281568 steps left @ 0.16s/step)
------------------------------------------
| rollout/                |              |
|    ep_len_mean          | 8.74         |
|    ep_rew_mean          | 1.08         |
| time/                   |              |
|    eta_hours            | 12.7         |
|    fps                  | 5            |
|    iterations           | 36           |
|    sec_per_step         | 0.162        |
|    time_elapsed         | 3109         |
|    total_timesteps      | 47104        |
| train/                  |              |
|    approx_kl            | 0.0110286595 |
|    clip_fraction        | 0.104        |
|    clip_range           | 0.2          |
|    entropy_loss         | -2.32        |
|    explained_variance   | 0.784        |
|    learning_rate        | 0.0001       |
|    loss                 | 0.0783       |
|    n_updates            | 870          |
|    policy_gradient_loss | -0.0127      |
|    std                  | 0.775        |
|    value_loss           | 0.25         |
------------------------------------------
[E2] ~13.3h remaining (281056 steps left @ 0.17s/step)
-----------------------------------------
| rollout/                |             |
|    ep_len_mean          | 8.66        |
|    ep_rew_mean          | 1.1         |
| time/                   |             |
|    eta_hours            | 13.3        |
|    fps                  | 5           |
|    iterations           | 37          |
|    sec_per_step         | 0.17        |
|    time_elapsed         | 3205        |
|    total_timesteps      | 47616       |
| train/                  |             |
|    approx_kl            | 0.010512151 |
|    clip_fraction        | 0.0891      |
|    clip_range           | 0.2         |
|    entropy_loss         | -2.31       |
|    explained_variance   | 0.766       |
|    learning_rate        | 0.0001      |
|    loss                 | 0.067       |
|    n_updates            | 880         |
|    policy_gradient_loss | -0.015      |
|    std                  | 0.773       |
|    value_loss           | 0.273       |
-----------------------------------------
[E2] ~13.5h remaining (280544 steps left @ 0.17s/step)
-----------------------------------------
| rollout/                |             |
|    ep_len_mean          | 8.34        |
|    ep_rew_mean          | 1.08        |
| time/                   |             |
|    eta_hours            | 13.5        |
|    fps                  | 5           |
|    iterations           | 38          |
|    sec_per_step         | 0.174       |
|    time_elapsed         | 3298        |
|    total_timesteps      | 48128       |
| train/                  |             |
|    approx_kl            | 0.012572603 |
|    clip_fraction        | 0.106       |
|    clip_range           | 0.2         |
|    entropy_loss         | -2.3        |
|    explained_variance   | 0.804       |
|    learning_rate        | 0.0001      |
|    loss                 | 0.0942      |
|    n_updates            | 890         |
|    policy_gradient_loss | -0.0123     |
|    std                  | 0.771       |
|    value_loss           | 0.23        |
-----------------------------------------
[E2] ~13.5h remaining (280032 steps left @ 0.17s/step)
-----------------------------------------
| rollout/                |             |
|    ep_len_mean          | 8.22        |
|    ep_rew_mean          | 1.08        |
| time/                   |             |
|    eta_hours            | 13.5        |
|    fps                  | 5           |
|    iterations           | 39          |
|    sec_per_step         | 0.174       |
|    time_elapsed         | 3388        |
|    total_timesteps      | 48640       |
| train/                  |             |
|    approx_kl            | 0.016005108 |
|    clip_fraction        | 0.159       |
|    clip_range           | 0.2         |
|    entropy_loss         | -2.3        |
|    explained_variance   | 0.782       |
|    learning_rate        | 0.0001      |
|    loss                 | 0.11        |
|    n_updates            | 900         |
|    policy_gradient_loss | -0.0183     |
|    std                  | 0.77        |
|    value_loss           | 0.253       |
-----------------------------------------
[E2 eval @ step 48673]  MAPE=7.55%  p90=10.67%  success(<5%)=20.0%  mean_scan_time=543.6s
[E2] ~15.0h remaining (279520 steps left @ 0.19s/step)
-----------------------------------------
| rollout/                |             |
|    ep_len_mean          | 8.36        |
|    ep_rew_mean          | 1.09        |
| time/                   |             |
|    eta_hours            | 15          |
|    fps                  | 5           |
|    iterations           | 40          |
|    sec_per_step         | 0.193       |
|    time_elapsed         | 3509        |
|    total_timesteps      | 49152       |
| train/                  |             |
|    approx_kl            | 0.008586404 |
|    clip_fraction        | 0.0703      |
|    clip_range           | 0.2         |
|    entropy_loss         | -2.3        |
|    explained_variance   | 0.773       |
|    learning_rate        | 0.0001      |
|    loss                 | 0.104       |
|    n_updates            | 910         |
|    policy_gradient_loss | -0.00933    |
|    std                  | 0.77        |
|    value_loss           | 0.271       |
-----------------------------------------
[E2] ~14.7h remaining (279008 steps left @ 0.19s/step)
-----------------------------------------
| rollout/                |             |
|    ep_len_mean          | 8.47        |
|    ep_rew_mean          | 1.12        |
| time/                   |             |
|    eta_hours            | 14.7        |
|    fps                  | 5           |
|    iterations           | 41          |
|    sec_per_step         | 0.19        |
|    time_elapsed         | 3603        |
|    total_timesteps      | 49664       |
| train/                  |             |
|    approx_kl            | 0.012167342 |
|    clip_fraction        | 0.0961      |
|    clip_range           | 0.2         |
|    entropy_loss         | -2.3        |
|    explained_variance   | 0.787       |
|    learning_rate        | 0.0001      |
|    loss                 | 0.147       |
|    n_updates            | 920         |
|    policy_gradient_loss | -0.0161     |
|    std                  | 0.769       |
|    value_loss           | 0.25        |
-----------------------------------------
[E2] ~14.3h remaining (278496 steps left @ 0.19s/step)
-----------------------------------------
| rollout/                |             |
|    ep_len_mean          | 8.21        |
|    ep_rew_mean          | 1.13        |
| time/                   |             |
|    eta_hours            | 14.3        |
|    fps                  | 5           |
|    iterations           | 42          |
|    sec_per_step         | 0.185       |
|    time_elapsed         | 3693        |
|    total_timesteps      | 50176       |
| train/                  |             |
|    approx_kl            | 0.010998314 |
|    clip_fraction        | 0.119       |
|    clip_range           | 0.2         |
|    entropy_loss         | -2.29       |
|    explained_variance   | 0.773       |
|    learning_rate        | 0.0001      |
|    loss                 | 0.0936      |
|    n_updates            | 930         |
|    policy_gradient_loss | -0.013      |
|    std                  | 0.767       |
|    value_loss           | 0.27        |
-----------------------------------------
[E2] ~14.1h remaining (277984 steps left @ 0.18s/step)
-----------------------------------------
| rollout/                |             |
|    ep_len_mean          | 8           |
|    ep_rew_mean          | 1.14        |
| time/                   |             |
|    eta_hours            | 14.1        |
|    fps                  | 5           |
|    iterations           | 43          |
|    sec_per_step         | 0.182       |
|    time_elapsed         | 3782        |
|    total_timesteps      | 50688       |
| train/                  |             |
|    approx_kl            | 0.007967544 |
|    clip_fraction        | 0.085       |
|    clip_range           | 0.2         |
|    entropy_loss         | -2.29       |
|    explained_variance   | 0.838       |
|    learning_rate        | 0.0001      |
|    loss                 | 0.0951      |
|    n_updates            | 940         |
|    policy_gradient_loss | -0.0114     |
|    std                  | 0.765       |
|    value_loss           | 0.199       |
-----------------------------------------
[E2] ~13.9h remaining (277472 steps left @ 0.18s/step)
-----------------------------------------
| rollout/                |             |
|    ep_len_mean          | 8.19        |
|    ep_rew_mean          | 1.15        |
| time/                   |             |
|    eta_hours            | 13.9        |
|    fps                  | 5           |
|    iterations           | 44          |
|    sec_per_step         | 0.181       |
|    time_elapsed         | 3873        |
|    total_timesteps      | 51200       |
| train/                  |             |
|    approx_kl            | 0.008854832 |
|    clip_fraction        | 0.0744      |
|    clip_range           | 0.2         |
|    entropy_loss         | -2.28       |
|    explained_variance   | 0.759       |
|    learning_rate        | 0.0001      |
|    loss                 | 0.0909      |
|    n_updates            | 950         |
|    policy_gradient_loss | -0.00966    |
|    std                  | 0.764       |
|    value_loss           | 0.311       |
-----------------------------------------
[E2] ~13.7h remaining (276960 steps left @ 0.18s/step)
-----------------------------------------
| rollout/                |             |
|    ep_len_mean          | 8.11        |
|    ep_rew_mean          | 1.12        |
| time/                   |             |
|    eta_hours            | 13.7        |
|    fps                  | 5           |
|    iterations           | 45          |
|    sec_per_step         | 0.178       |
|    time_elapsed         | 3961        |
|    total_timesteps      | 51712       |
| train/                  |             |
|    approx_kl            | 0.009090158 |
|    clip_fraction        | 0.0916      |
|    clip_range           | 0.2         |
|    entropy_loss         | -2.28       |
|    explained_variance   | 0.797       |
|    learning_rate        | 0.0001      |
|    loss                 | 0.133       |
|    n_updates            | 960         |
|    policy_gradient_loss | -0.0131     |
|    std                  | 0.763       |
|    value_loss           | 0.254       |
-----------------------------------------
[E2] ~13.4h remaining (276448 steps left @ 0.17s/step)
------------------------------------------
| rollout/                |              |
|    ep_len_mean          | 8.22         |
|    ep_rew_mean          | 1.15         |
| time/                   |              |
|    eta_hours            | 13.4         |
|    fps                  | 5            |
|    iterations           | 46           |
|    sec_per_step         | 0.175        |
|    time_elapsed         | 4047         |
|    total_timesteps      | 52224        |
| train/                  |              |
|    approx_kl            | 0.0074392087 |
|    clip_fraction        | 0.0984       |
|    clip_range           | 0.2          |
|    entropy_loss         | -2.27        |
|    explained_variance   | 0.757        |
|    learning_rate        | 0.0001       |
|    loss                 | 0.161        |
|    n_updates            | 970          |
|    policy_gradient_loss | -0.0128      |
|    std                  | 0.76         |
|    value_loss           | 0.297        |
------------------------------------------
[E2] ~12.9h remaining (275936 steps left @ 0.17s/step)
-----------------------------------------
| rollout/                |             |
|    ep_len_mean          | 8.34        |
|    ep_rew_mean          | 1.17        |
| time/                   |             |
|    eta_hours            | 12.9        |
|    fps                  | 5           |
|    iterations           | 47          |
|    sec_per_step         | 0.168       |
|    time_elapsed         | 4124        |
|    total_timesteps      | 52736       |
| train/                  |             |
|    approx_kl            | 0.012459023 |
|    clip_fraction        | 0.131       |
|    clip_range           | 0.2         |
|    entropy_loss         | -2.26       |
|    explained_variance   | 0.804       |
|    learning_rate        | 0.0001      |
|    loss                 | 0.0674      |
|    n_updates            | 980         |
|    policy_gradient_loss | -0.0139     |
|    std                  | 0.756       |
|    value_loss           | 0.254       |
-----------------------------------------
[E2] ~12.1h remaining (275424 steps left @ 0.16s/step)
-----------------------------------------
| rollout/                |             |
|    ep_len_mean          | 8.42        |
|    ep_rew_mean          | 1.11        |
| time/                   |             |
|    eta_hours            | 12.1        |
|    fps                  | 5           |
|    iterations           | 48          |
|    sec_per_step         | 0.158       |
|    time_elapsed         | 4193        |
|    total_timesteps      | 53248       |
| train/                  |             |
|    approx_kl            | 0.009491503 |
|    clip_fraction        | 0.0988      |
|    clip_range           | 0.2         |
|    entropy_loss         | -2.25       |
|    explained_variance   | 0.786       |
|    learning_rate        | 0.0001      |
|    loss                 | 0.1         |
|    n_updates            | 990         |
|    policy_gradient_loss | -0.00953    |
|    std                  | 0.754       |
|    value_loss           | 0.267       |
-----------------------------------------
[E2] ~11.8h remaining (274912 steps left @ 0.15s/step)
-----------------------------------------
| rollout/                |             |
|    ep_len_mean          | 8.56        |
|    ep_rew_mean          | 1.11        |
| time/                   |             |
|    eta_hours            | 11.8        |
|    fps                  | 5           |
|    iterations           | 49          |
|    sec_per_step         | 0.154       |
|    time_elapsed         | 4267        |
|    total_timesteps      | 53760       |
| train/                  |             |
|    approx_kl            | 0.012984873 |
|    clip_fraction        | 0.124       |
|    clip_range           | 0.2         |
|    entropy_loss         | -2.25       |
|    explained_variance   | 0.789       |
|    learning_rate        | 0.0001      |
|    loss                 | 0.0978      |
|    n_updates            | 1000        |
|    policy_gradient_loss | -0.0144     |
|    std                  | 0.752       |
|    value_loss           | 0.253       |
-----------------------------------------
[E2] ~12.3h remaining (274400 steps left @ 0.16s/step)
-----------------------------------------
| rollout/                |             |
|    ep_len_mean          | 8.53        |
|    ep_rew_mean          | 1.13        |
| time/                   |             |
|    eta_hours            | 12.3        |
|    fps                  | 5           |
|    iterations           | 50          |
|    sec_per_step         | 0.161       |
|    time_elapsed         | 4358        |
|    total_timesteps      | 54272       |
| train/                  |             |
|    approx_kl            | 0.010629343 |
|    clip_fraction        | 0.11        |
|    clip_range           | 0.2         |
|    entropy_loss         | -2.24       |
|    explained_variance   | 0.812       |
|    learning_rate        | 0.0001      |
|    loss                 | 0.0875      |
|    n_updates            | 1010        |
|    policy_gradient_loss | -0.0126     |
|    std                  | 0.751       |
|    value_loss           | 0.228       |
-----------------------------------------
[E2] ~12.6h remaining (273888 steps left @ 0.17s/step)
-----------------------------------------
| rollout/                |             |
|    ep_len_mean          | 8.43        |
|    ep_rew_mean          | 1.08        |
| time/                   |             |
|    eta_hours            | 12.6        |
|    fps                  | 5           |
|    iterations           | 51          |
|    sec_per_step         | 0.165       |
|    time_elapsed         | 4448        |
|    total_timesteps      | 54784       |
| train/                  |             |
|    approx_kl            | 0.012535431 |
|    clip_fraction        | 0.122       |
|    clip_range           | 0.2         |
|    entropy_loss         | -2.24       |
|    explained_variance   | 0.806       |
|    learning_rate        | 0.0001      |
|    loss                 | 0.119       |
|    n_updates            | 1020        |
|    policy_gradient_loss | -0.0115     |
|    std                  | 0.748       |
|    value_loss           | 0.249       |
-----------------------------------------
[E2] ~12.9h remaining (273376 steps left @ 0.17s/step)
-----------------------------------------
| rollout/                |             |
|    ep_len_mean          | 8.27        |
|    ep_rew_mean          | 1.1         |
| time/                   |             |
|    eta_hours            | 12.9        |
|    fps                  | 5           |
|    iterations           | 52          |
|    sec_per_step         | 0.17        |
|    time_elapsed         | 4540        |
|    total_timesteps      | 55296       |
| train/                  |             |
|    approx_kl            | 0.018203786 |
|    clip_fraction        | 0.16        |
|    clip_range           | 0.2         |
|    entropy_loss         | -2.23       |
|    explained_variance   | 0.8         |
|    learning_rate        | 0.0001      |
|    loss                 | 0.0749      |
|    n_updates            | 1030        |
|    policy_gradient_loss | -0.0175     |
|    std                  | 0.749       |
|    value_loss           | 0.219       |
-----------------------------------------
[E2] ~13.1h remaining (272864 steps left @ 0.17s/step)
----------------------------------------
| rollout/                |            |
|    ep_len_mean          | 8.37       |
|    ep_rew_mean          | 1.17       |
| time/                   |            |
|    eta_hours            | 13.1       |
|    fps                  | 5          |
|    iterations           | 53         |
|    sec_per_step         | 0.172      |
|    time_elapsed         | 4632       |
|    total_timesteps      | 55808      |
| train/                  |            |
|    approx_kl            | 0.00963388 |
|    clip_fraction        | 0.068      |
|    clip_range           | 0.2        |
|    entropy_loss         | -2.23      |
|    explained_variance   | 0.833      |
|    learning_rate        | 0.0001     |
|    loss                 | 0.0905     |
|    n_updates            | 1040       |
|    policy_gradient_loss | -0.00738   |
|    std                  | 0.748      |
|    value_loss           | 0.207      |
----------------------------------------
[E2] ~13.1h remaining (272352 steps left @ 0.17s/step)
-----------------------------------------
| rollout/                |             |
|    ep_len_mean          | 8.73        |
|    ep_rew_mean          | 1.14        |
| time/                   |             |
|    eta_hours            | 13.1        |
|    fps                  | 5           |
|    iterations           | 54          |
|    sec_per_step         | 0.173       |
|    time_elapsed         | 4721        |
|    total_timesteps      | 56320       |
| train/                  |             |
|    approx_kl            | 0.005425258 |
|    clip_fraction        | 0.0387      |
|    clip_range           | 0.2         |
|    entropy_loss         | -2.23       |
|    explained_variance   | 0.765       |
|    learning_rate        | 0.0001      |
|    loss                 | 0.144       |
|    n_updates            | 1050        |
|    policy_gradient_loss | -0.00551    |
|    std                  | 0.746       |
|    value_loss           | 0.318       |
-----------------------------------------
[E2] ~13.1h remaining (271840 steps left @ 0.17s/step)
----------------------------------------
| rollout/                |            |
|    ep_len_mean          | 8.82       |
|    ep_rew_mean          | 1.15       |
| time/                   |            |
|    eta_hours            | 13.1       |
|    fps                  | 5          |
|    iterations           | 55         |
|    sec_per_step         | 0.173      |
|    time_elapsed         | 4810       |
|    total_timesteps      | 56832      |
| train/                  |            |
|    approx_kl            | 0.01001828 |
|    clip_fraction        | 0.0996     |
|    clip_range           | 0.2        |
|    entropy_loss         | -2.22      |
|    explained_variance   | 0.794      |
|    learning_rate        | 0.0001     |
|    loss                 | 0.141      |
|    n_updates            | 1060       |
|    policy_gradient_loss | -0.0109    |
|    std                  | 0.743      |
|    value_loss           | 0.26       |
----------------------------------------
[E2] ~13.1h remaining (271328 steps left @ 0.17s/step)
-----------------------------------------
| rollout/                |             |
|    ep_len_mean          | 8.68        |
|    ep_rew_mean          | 1.17        |
| time/                   |             |
|    eta_hours            | 13.1        |
|    fps                  | 5           |
|    iterations           | 56          |
|    sec_per_step         | 0.174       |
|    time_elapsed         | 4900        |
|    total_timesteps      | 57344       |
| train/                  |             |
|    approx_kl            | 0.009872309 |
|    clip_fraction        | 0.0887      |
|    clip_range           | 0.2         |
|    entropy_loss         | -2.21       |
|    explained_variance   | 0.791       |
|    learning_rate        | 0.0001      |
|    loss                 | 0.108       |
|    n_updates            | 1070        |
|    policy_gradient_loss | -0.00933    |
|    std                  | 0.741       |
|    value_loss           | 0.253       |
-----------------------------------------
[E2] ~13.1h remaining (270816 steps left @ 0.17s/step)
-----------------------------------------
| rollout/                |             |
|    ep_len_mean          | 8.68        |
|    ep_rew_mean          | 1.13        |
| time/                   |             |
|    eta_hours            | 13.1        |
|    fps                  | 5           |
|    iterations           | 57          |
|    sec_per_step         | 0.174       |
|    time_elapsed         | 4989        |
|    total_timesteps      | 57856       |
| train/                  |             |
|    approx_kl            | 0.010392539 |
|    clip_fraction        | 0.0943      |
|    clip_range           | 0.2         |
|    entropy_loss         | -2.21       |
|    explained_variance   | 0.818       |
|    learning_rate        | 0.0001      |
|    loss                 | 0.126       |
|    n_updates            | 1080        |
|    policy_gradient_loss | -0.0142     |
|    std                  | 0.738       |
|    value_loss           | 0.23        |
-----------------------------------------
[E2] ~12.7h remaining (270304 steps left @ 0.17s/step)
----------------------------------------
| rollout/                |            |
|    ep_len_mean          | 8.77       |
|    ep_rew_mean          | 1.13       |
| time/                   |            |
|    eta_hours            | 12.7       |
|    fps                  | 5          |
|    iterations           | 58         |
|    sec_per_step         | 0.17       |
|    time_elapsed         | 5071       |
|    total_timesteps      | 58368      |
| train/                  |            |
|    approx_kl            | 0.00870659 |
|    clip_fraction        | 0.0674     |
|    clip_range           | 0.2        |
|    entropy_loss         | -2.2       |
|    explained_variance   | 0.774      |
|    learning_rate        | 0.0001     |
|    loss                 | 0.209      |
|    n_updates            | 1090       |
|    policy_gradient_loss | -0.0102    |
|    std                  | 0.736      |
|    value_loss           | 0.286      |
----------------------------------------
[E2 eval @ step 58673]  MAPE=4.46%  p90=5.44%  success(<5%)=85.0%  mean_scan_time=541.1s
[E2 eval]  → new best MAPE 4.46% saved to runs/e2/mf_runB_5sphere_560s_gpu/stage4_full/best
[MF global-best] candidate from full/stage_eval_full screened at 4.46% but confirmed at 7.28% >= current best 5.19%
[E2] ~14.4h remaining (269792 steps left @ 0.19s/step)
-----------------------------------------
| rollout/                |             |
|    ep_len_mean          | 9.02        |
|    ep_rew_mean          | 1.13        |
| time/                   |             |
|    eta_hours            | 14.4        |
|    fps                  | 5           |
|    iterations           | 59          |
|    sec_per_step         | 0.192       |
|    time_elapsed         | 5196        |
|    total_timesteps      | 58880       |
| train/                  |             |
|    approx_kl            | 0.013709251 |
|    clip_fraction        | 0.099       |
|    clip_range           | 0.2         |
|    entropy_loss         | -2.19       |
|    explained_variance   | 0.79        |
|    learning_rate        | 0.0001      |
|    loss                 | 0.135       |
|    n_updates            | 1100        |
|    policy_gradient_loss | -0.0128     |
|    std                  | 0.733       |
|    value_loss           | 0.262       |
-----------------------------------------
[E2] ~14.0h remaining (269280 steps left @ 0.19s/step)
-----------------------------------------
| rollout/                |             |
|    ep_len_mean          | 8.83        |
|    ep_rew_mean          | 1.17        |
| time/                   |             |
|    eta_hours            | 14          |
|    fps                  | 5           |
|    iterations           | 60          |
|    sec_per_step         | 0.187       |
|    time_elapsed         | 5286        |
|    total_timesteps      | 59392       |
| train/                  |             |
|    approx_kl            | 0.008964337 |
|    clip_fraction        | 0.102       |
|    clip_range           | 0.2         |
|    entropy_loss         | -2.19       |
|    explained_variance   | 0.827       |
|    learning_rate        | 0.0001      |
|    loss                 | 0.0699      |
|    n_updates            | 1110        |
|    policy_gradient_loss | -0.0133     |
|    std                  | 0.731       |
|    value_loss           | 0.203       |
-----------------------------------------
[E2] ~13.7h remaining (268768 steps left @ 0.18s/step)
----------------------------------------
| rollout/                |            |
|    ep_len_mean          | 8.73       |
|    ep_rew_mean          | 1.18       |
| time/                   |            |
|    eta_hours            | 13.7       |
|    fps                  | 5          |
|    iterations           | 61         |
|    sec_per_step         | 0.183      |
|    time_elapsed         | 5375       |
|    total_timesteps      | 59904      |
| train/                  |            |
|    approx_kl            | 0.00801051 |
|    clip_fraction        | 0.0678     |
|    clip_range           | 0.2        |
|    entropy_loss         | -2.18      |
|    explained_variance   | 0.788      |
|    learning_rate        | 0.0001     |
|    loss                 | 0.1        |
|    n_updates            | 1120       |
|    policy_gradient_loss | -0.00814   |
|    std                  | 0.729      |
|    value_loss           | 0.279      |
----------------------------------------
[E2] ~13.2h remaining (268256 steps left @ 0.18s/step)
-----------------------------------------
| rollout/                |             |
|    ep_len_mean          | 9.08        |
|    ep_rew_mean          | 1.15        |
| time/                   |             |
|    eta_hours            | 13.2        |
|    fps                  | 5           |
|    iterations           | 62          |
|    sec_per_step         | 0.177       |
|    time_elapsed         | 5459        |
|    total_timesteps      | 60416       |
| train/                  |             |
|    approx_kl            | 0.010862857 |
|    clip_fraction        | 0.0908      |
|    clip_range           | 0.2         |
|    entropy_loss         | -2.18       |
|    explained_variance   | 0.802       |
|    learning_rate        | 0.0001      |
|    loss                 | 0.124       |
|    n_updates            | 1130        |
|    policy_gradient_loss | -0.0109     |
|    std                  | 0.728       |
|    value_loss           | 0.236       |
-----------------------------------------
[E2] ~12.5h remaining (267744 steps left @ 0.17s/step)
-----------------------------------------
| rollout/                |             |
|    ep_len_mean          | 9.22        |
|    ep_rew_mean          | 1.13        |
| time/                   |             |
|    eta_hours            | 12.5        |
|    fps                  | 5           |
|    iterations           | 63          |
|    sec_per_step         | 0.168       |
|    time_elapsed         | 5533        |
|    total_timesteps      | 60928       |
| train/                  |             |
|    approx_kl            | 0.011367595 |
|    clip_fraction        | 0.0992      |
|    clip_range           | 0.2         |
|    entropy_loss         | -2.17       |
|    explained_variance   | 0.808       |
|    learning_rate        | 0.0001      |
|    loss                 | 0.0431      |
|    n_updates            | 1140        |
|    policy_gradient_loss | -0.013      |
|    std                  | 0.726       |
|    value_loss           | 0.228       |
-----------------------------------------
[E2] ~11.8h remaining (267232 steps left @ 0.16s/step)
-----------------------------------------
| rollout/                |             |
|    ep_len_mean          | 9.31        |
|    ep_rew_mean          | 1.15        |
| time/                   |             |
|    eta_hours            | 11.8        |
|    fps                  | 5           |
|    iterations           | 64          |
|    sec_per_step         | 0.158       |
|    time_elapsed         | 5603        |
|    total_timesteps      | 61440       |
| train/                  |             |
|    approx_kl            | 0.007979794 |
|    clip_fraction        | 0.0746      |
|    clip_range           | 0.2         |
|    entropy_loss         | -2.16       |
|    explained_variance   | 0.787       |
|    learning_rate        | 0.0001      |
|    loss                 | 0.0753      |
|    n_updates            | 1150        |
|    policy_gradient_loss | -0.0087     |
|    std                  | 0.723       |
|    value_loss           | 0.254       |
-----------------------------------------
[E2] ~11.8h remaining (266720 steps left @ 0.16s/step)
-----------------------------------------
| rollout/                |             |
|    ep_len_mean          | 9.36        |
|    ep_rew_mean          | 1.16        |
| time/                   |             |
|    eta_hours            | 11.8        |
|    fps                  | 5           |
|    iterations           | 65          |
|    sec_per_step         | 0.159       |
|    time_elapsed         | 5686        |
|    total_timesteps      | 61952       |
| train/                  |             |
|    approx_kl            | 0.014137269 |
|    clip_fraction        | 0.117       |
|    clip_range           | 0.2         |
|    entropy_loss         | -2.16       |
|    explained_variance   | 0.852       |
|    learning_rate        | 0.0001      |
|    loss                 | -0.0195     |
|    n_updates            | 1160        |
|    policy_gradient_loss | -0.0164     |
|    std                  | 0.721       |
|    value_loss           | 0.18        |
-----------------------------------------
[E2] ~12.0h remaining (266208 steps left @ 0.16s/step)
-----------------------------------------
| rollout/                |             |
|    ep_len_mean          | 9.28        |
|    ep_rew_mean          | 1.13        |
| time/                   |             |
|    eta_hours            | 12          |
|    fps                  | 5           |
|    iterations           | 66          |
|    sec_per_step         | 0.163       |
|    time_elapsed         | 5773        |
|    total_timesteps      | 62464       |
| train/                  |             |
|    approx_kl            | 0.010796945 |
|    clip_fraction        | 0.121       |
|    clip_range           | 0.2         |
|    entropy_loss         | -2.15       |
|    explained_variance   | 0.796       |
|    learning_rate        | 0.0001      |
|    loss                 | 0.108       |
|    n_updates            | 1170        |
|    policy_gradient_loss | -0.0124     |
|    std                  | 0.718       |
|    value_loss           | 0.229       |
-----------------------------------------
[E2] ~12.4h remaining (265696 steps left @ 0.17s/step)
-----------------------------------------
| rollout/                |             |
|    ep_len_mean          | 9.13        |
|    ep_rew_mean          | 1.15        |
| time/                   |             |
|    eta_hours            | 12.4        |
|    fps                  | 5           |
|    iterations           | 67          |
|    sec_per_step         | 0.168       |
|    time_elapsed         | 5866        |
|    total_timesteps      | 62976       |
| train/                  |             |
|    approx_kl            | 0.017024526 |
|    clip_fraction        | 0.146       |
|    clip_range           | 0.2         |
|    entropy_loss         | -2.14       |
|    explained_variance   | 0.752       |
|    learning_rate        | 0.0001      |
|    loss                 | 0.192       |
|    n_updates            | 1180        |
|    policy_gradient_loss | -0.017      |
|    std                  | 0.716       |
|    value_loss           | 0.282       |
-----------------------------------------
[E2] ~12.6h remaining (265184 steps left @ 0.17s/step)
-----------------------------------------
| rollout/                |             |
|    ep_len_mean          | 8.82        |
|    ep_rew_mean          | 1.15        |
| time/                   |             |
|    eta_hours            | 12.6        |
|    fps                  | 5           |
|    iterations           | 68          |
|    sec_per_step         | 0.171       |
|    time_elapsed         | 5958        |
|    total_timesteps      | 63488       |
| train/                  |             |
|    approx_kl            | 0.012236109 |
|    clip_fraction        | 0.128       |
|    clip_range           | 0.2         |
|    entropy_loss         | -2.14       |
|    explained_variance   | 0.793       |
|    learning_rate        | 0.0001      |
|    loss                 | 0.105       |
|    n_updates            | 1190        |
|    policy_gradient_loss | -0.0153     |
|    std                  | 0.714       |
|    value_loss           | 0.27        |
-----------------------------------------
[E2] ~12.9h remaining (264672 steps left @ 0.18s/step)
-----------------------------------------
| rollout/                |             |
|    ep_len_mean          | 8.73        |
|    ep_rew_mean          | 1.11        |
| time/                   |             |
|    eta_hours            | 12.9        |
|    fps                  | 5           |
|    iterations           | 69          |
|    sec_per_step         | 0.175       |
|    time_elapsed         | 6052        |
|    total_timesteps      | 64000       |
| train/                  |             |
|    approx_kl            | 0.010814786 |
|    clip_fraction        | 0.0801      |
|    clip_range           | 0.2         |
|    entropy_loss         | -2.13       |
|    explained_variance   | 0.779       |
|    learning_rate        | 0.0001      |
|    loss                 | 0.0601      |
|    n_updates            | 1200        |
|    policy_gradient_loss | -0.0123     |
|    std                  | 0.713       |
|    value_loss           | 0.257       |
-----------------------------------------
[E2] ~12.9h remaining (264160 steps left @ 0.18s/step)
-----------------------------------------
| rollout/                |             |
|    ep_len_mean          | 8.84        |
|    ep_rew_mean          | 1.13        |
| time/                   |             |
|    eta_hours            | 12.9        |
|    fps                  | 5           |
|    iterations           | 70          |
|    sec_per_step         | 0.176       |
|    time_elapsed         | 6143        |
|    total_timesteps      | 64512       |
| train/                  |             |
|    approx_kl            | 0.008424543 |
|    clip_fraction        | 0.0813      |
|    clip_range           | 0.2         |
|    entropy_loss         | -2.13       |
|    explained_variance   | 0.751       |
|    learning_rate        | 0.0001      |
|    loss                 | 0.059       |
|    n_updates            | 1210        |
|    policy_gradient_loss | -0.00795    |
|    std                  | 0.712       |
|    value_loss           | 0.287       |
-----------------------------------------
[E2] ~12.9h remaining (263648 steps left @ 0.18s/step)
-----------------------------------------
| rollout/                |             |
|    ep_len_mean          | 9.1         |
|    ep_rew_mean          | 1.2         |
| time/                   |             |
|    eta_hours            | 12.9        |
|    fps                  | 5           |
|    iterations           | 71          |
|    sec_per_step         | 0.176       |
|    time_elapsed         | 6233        |
|    total_timesteps      | 65024       |
| train/                  |             |
|    approx_kl            | 0.010100675 |
|    clip_fraction        | 0.111       |
|    clip_range           | 0.2         |
|    entropy_loss         | -2.12       |
|    explained_variance   | 0.772       |
|    learning_rate        | 0.0001      |
|    loss                 | 0.0944      |
|    n_updates            | 1220        |
|    policy_gradient_loss | -0.0161     |
|    std                  | 0.709       |
|    value_loss           | 0.287       |
-----------------------------------------
[E2] ~12.8h remaining (263136 steps left @ 0.17s/step)
-----------------------------------------
| rollout/                |             |
|    ep_len_mean          | 9.13        |
|    ep_rew_mean          | 1.14        |
| time/                   |             |
|    eta_hours            | 12.8        |
|    fps                  | 5           |
|    iterations           | 72          |
|    sec_per_step         | 0.175       |
|    time_elapsed         | 6321        |
|    total_timesteps      | 65536       |
| train/                  |             |
|    approx_kl            | 0.011575007 |
|    clip_fraction        | 0.0873      |
|    clip_range           | 0.2         |
|    entropy_loss         | -2.11       |
|    explained_variance   | 0.822       |
|    learning_rate        | 0.0001      |
|    loss                 | 0.0841      |
|    n_updates            | 1230        |
|    policy_gradient_loss | -0.012      |
|    std                  | 0.705       |
|    value_loss           | 0.203       |
-----------------------------------------
[E2] ~12.6h remaining (262624 steps left @ 0.17s/step)
------------------------------------------
| rollout/                |              |
|    ep_len_mean          | 9.15         |
|    ep_rew_mean          | 1.13         |
| time/                   |              |
|    eta_hours            | 12.6         |
|    fps                  | 5            |
|    iterations           | 73           |
|    sec_per_step         | 0.173        |
|    time_elapsed         | 6407         |
|    total_timesteps      | 66048        |
| train/                  |              |
|    approx_kl            | 0.0068350295 |
|    clip_fraction        | 0.0656       |
|    clip_range           | 0.2          |
|    entropy_loss         | -2.11        |
|    explained_variance   | 0.789        |
|    learning_rate        | 0.0001       |
|    loss                 | 0.0591       |
|    n_updates            | 1240         |
|    policy_gradient_loss | -0.00952     |
|    std                  | 0.703        |
|    value_loss           | 0.219        |
------------------------------------------
[E2] ~12.5h remaining (262112 steps left @ 0.17s/step)
-----------------------------------------
| rollout/                |             |
|    ep_len_mean          | 9.41        |
|    ep_rew_mean          | 1.14        |
| time/                   |             |
|    eta_hours            | 12.5        |
|    fps                  | 5           |
|    iterations           | 74          |
|    sec_per_step         | 0.171       |
|    time_elapsed         | 6493        |
|    total_timesteps      | 66560       |
| train/                  |             |
|    approx_kl            | 0.010533161 |
|    clip_fraction        | 0.105       |
|    clip_range           | 0.2         |
|    entropy_loss         | -2.1        |
|    explained_variance   | 0.728       |
|    learning_rate        | 0.0001      |
|    loss                 | 0.184       |
|    n_updates            | 1250        |
|    policy_gradient_loss | -0.0116     |
|    std                  | 0.7         |
|    value_loss           | 0.334       |
-----------------------------------------
[E2] ~12.1h remaining (261600 steps left @ 0.17s/step)
------------------------------------------
| rollout/                |              |
|    ep_len_mean          | 9.59         |
|    ep_rew_mean          | 1.14         |
| time/                   |              |
|    eta_hours            | 12.1         |
|    fps                  | 5            |
|    iterations           | 75           |
|    sec_per_step         | 0.167        |
|    time_elapsed         | 6574         |
|    total_timesteps      | 67072        |
| train/                  |              |
|    approx_kl            | 0.0133011695 |
|    clip_fraction        | 0.144        |
|    clip_range           | 0.2          |
|    entropy_loss         | -2.09        |
|    explained_variance   | 0.793        |
|    learning_rate        | 0.0001       |
|    loss                 | 0.123        |
|    n_updates            | 1260         |
|    policy_gradient_loss | -0.0137      |
|    std                  | 0.698        |
|    value_loss           | 0.25         |
------------------------------------------
[E2] ~11.8h remaining (261088 steps left @ 0.16s/step)
-----------------------------------------
| rollout/                |             |
|    ep_len_mean          | 9.55        |
|    ep_rew_mean          | 1.16        |
| time/                   |             |
|    eta_hours            | 11.8        |
|    fps                  | 5           |
|    iterations           | 76          |
|    sec_per_step         | 0.162       |
|    time_elapsed         | 6651        |
|    total_timesteps      | 67584       |
| train/                  |             |
|    approx_kl            | 0.010644645 |
|    clip_fraction        | 0.108       |
|    clip_range           | 0.2         |
|    entropy_loss         | -2.08       |
|    explained_variance   | 0.805       |
|    learning_rate        | 0.0001      |
|    loss                 | 0.0576      |
|    n_updates            | 1270        |
|    policy_gradient_loss | -0.0103     |
|    std                  | 0.695       |
|    value_loss           | 0.245       |
-----------------------------------------
[E2] ~11.3h remaining (260576 steps left @ 0.16s/step)
-----------------------------------------
| rollout/                |             |
|    ep_len_mean          | 9.4         |
|    ep_rew_mean          | 1.17        |
| time/                   |             |
|    eta_hours            | 11.3        |
|    fps                  | 5           |
|    iterations           | 77          |
|    sec_per_step         | 0.156       |
|    time_elapsed         | 6723        |
|    total_timesteps      | 68096       |
| train/                  |             |
|    approx_kl            | 0.013684362 |
|    clip_fraction        | 0.166       |
|    clip_range           | 0.2         |
|    entropy_loss         | -2.08       |
|    explained_variance   | 0.733       |
|    learning_rate        | 0.0001      |
|    loss                 | 0.13        |
|    n_updates            | 1280        |
|    policy_gradient_loss | -0.0155     |
|    std                  | 0.694       |
|    value_loss           | 0.321       |
-----------------------------------------
[E2] ~11.2h remaining (260064 steps left @ 0.16s/step)
-----------------------------------------
| rollout/                |             |
|    ep_len_mean          | 9.04        |
|    ep_rew_mean          | 1.15        |
| time/                   |             |
|    eta_hours            | 11.2        |
|    fps                  | 5           |
|    iterations           | 78          |
|    sec_per_step         | 0.155       |
|    time_elapsed         | 6802        |
|    total_timesteps      | 68608       |
| train/                  |             |
|    approx_kl            | 0.011394862 |
|    clip_fraction        | 0.118       |
|    clip_range           | 0.2         |
|    entropy_loss         | -2.07       |
|    explained_variance   | 0.803       |
|    learning_rate        | 0.0001      |
|    loss                 | 0.107       |
|    n_updates            | 1290        |
|    policy_gradient_loss | -0.0157     |
|    std                  | 0.692       |
|    value_loss           | 0.243       |
-----------------------------------------
[E2 eval @ step 68673]  MAPE=4.56%  p90=6.43%  success(<5%)=70.0%  mean_scan_time=545.8s
[MF global-best] candidate from full/stage_eval_full screened at 4.56% but confirmed at 5.69% >= current best 5.19%
[E2] ~13.4h remaining (259552 steps left @ 0.19s/step)
-----------------------------------------
| rollout/                |             |
|    ep_len_mean          | 8.8         |
|    ep_rew_mean          | 1.17        |
| time/                   |             |
|    eta_hours            | 13.4        |
|    fps                  | 5           |
|    iterations           | 79          |
|    sec_per_step         | 0.186       |
|    time_elapsed         | 6934        |
|    total_timesteps      | 69120       |
| train/                  |             |
|    approx_kl            | 0.009708161 |
|    clip_fraction        | 0.0818      |
|    clip_range           | 0.2         |
|    entropy_loss         | -2.06       |
|    explained_variance   | 0.815       |
|    learning_rate        | 0.0001      |
|    loss                 | 0.126       |
|    n_updates            | 1300        |
|    policy_gradient_loss | -0.00723    |
|    std                  | 0.69        |
|    value_loss           | 0.232       |
-----------------------------------------
[E2] ~13.2h remaining (259040 steps left @ 0.18s/step)
-----------------------------------------
| rollout/                |             |
|    ep_len_mean          | 9.01        |
|    ep_rew_mean          | 1.19        |
| time/                   |             |
|    eta_hours            | 13.2        |
|    fps                  | 5           |
|    iterations           | 80          |
|    sec_per_step         | 0.183       |
|    time_elapsed         | 7025        |
|    total_timesteps      | 69632       |
| train/                  |             |
|    approx_kl            | 0.018449692 |
|    clip_fraction        | 0.129       |
|    clip_range           | 0.2         |
|    entropy_loss         | -2.06       |
|    explained_variance   | 0.811       |
|    learning_rate        | 0.0001      |
|    loss                 | 0.139       |
|    n_updates            | 1310        |
|    policy_gradient_loss | -0.0174     |
|    std                  | 0.687       |
|    value_loss           | 0.239       |
-----------------------------------------
[E2] ~12.8h remaining (258528 steps left @ 0.18s/step)
------------------------------------------
| rollout/                |              |
|    ep_len_mean          | 9.14         |
|    ep_rew_mean          | 1.21         |
| time/                   |              |
|    eta_hours            | 12.8         |
|    fps                  | 5            |
|    iterations           | 81           |
|    sec_per_step         | 0.178        |
|    time_elapsed         | 7110         |
|    total_timesteps      | 70144        |
| train/                  |              |
|    approx_kl            | 0.0085739065 |
|    clip_fraction        | 0.0799       |
|    clip_range           | 0.2          |
|    entropy_loss         | -2.05        |
|    explained_variance   | 0.808        |
|    learning_rate        | 0.0001       |
|    loss                 | 0.0425       |
|    n_updates            | 1320         |
|    policy_gradient_loss | -0.00935     |
|    std                  | 0.685        |
|    value_loss           | 0.255        |
------------------------------------------
[E2] ~12.2h remaining (258016 steps left @ 0.17s/step)
-----------------------------------------
| rollout/                |             |
|    ep_len_mean          | 8.95        |
|    ep_rew_mean          | 1.19        |
| time/                   |             |
|    eta_hours            | 12.2        |
|    fps                  | 5           |
|    iterations           | 82          |
|    sec_per_step         | 0.17        |
|    time_elapsed         | 7187        |
|    total_timesteps      | 70656       |
| train/                  |             |
|    approx_kl            | 0.005694243 |
|    clip_fraction        | 0.0613      |
|    clip_range           | 0.2         |
|    entropy_loss         | -2.04       |
|    explained_variance   | 0.826       |
|    learning_rate        | 0.0001      |
|    loss                 | 0.0726      |
|    n_updates            | 1330        |
|    policy_gradient_loss | -0.00741    |
|    std                  | 0.683       |
|    value_loss           | 0.225       |
-----------------------------------------
[E2] ~11.5h remaining (257504 steps left @ 0.16s/step)
-----------------------------------------
| rollout/                |             |
|    ep_len_mean          | 9.4         |
|    ep_rew_mean          | 1.18        |
| time/                   |             |
|    eta_hours            | 11.5        |
|    fps                  | 5           |
|    iterations           | 83          |
|    sec_per_step         | 0.161       |
|    time_elapsed         | 7260        |
|    total_timesteps      | 71168       |
| train/                  |             |
|    approx_kl            | 0.011868016 |
|    clip_fraction        | 0.104       |
|    clip_range           | 0.2         |
|    entropy_loss         | -2.03       |
|    explained_variance   | 0.816       |
|    learning_rate        | 0.0001      |
|    loss                 | 0.072       |
|    n_updates            | 1340        |
|    policy_gradient_loss | -0.0107     |
|    std                  | 0.68        |
|    value_loss           | 0.232       |
-----------------------------------------
[E2] ~11.3h remaining (256992 steps left @ 0.16s/step)
-----------------------------------------
| rollout/                |             |
|    ep_len_mean          | 9.29        |
|    ep_rew_mean          | 1.19        |
| time/                   |             |
|    eta_hours            | 11.3        |
|    fps                  | 5           |
|    iterations           | 84          |
|    sec_per_step         | 0.158       |
|    time_elapsed         | 7336        |
|    total_timesteps      | 71680       |
| train/                  |             |
|    approx_kl            | 0.011895049 |
|    clip_fraction        | 0.109       |
|    clip_range           | 0.2         |
|    entropy_loss         | -2.03       |
|    explained_variance   | 0.781       |
|    learning_rate        | 0.0001      |
|    loss                 | 0.274       |
|    n_updates            | 1350        |
|    policy_gradient_loss | -0.0135     |
|    std                  | 0.677       |
|    value_loss           | 0.265       |
-----------------------------------------
[E2] ~11.3h remaining (256480 steps left @ 0.16s/step)
-----------------------------------------
| rollout/                |             |
|    ep_len_mean          | 9.07        |
|    ep_rew_mean          | 1.18        |
| time/                   |             |
|    eta_hours            | 11.3        |
|    fps                  | 5           |
|    iterations           | 85          |
|    sec_per_step         | 0.159       |
|    time_elapsed         | 7418        |
|    total_timesteps      | 72192       |
| train/                  |             |
|    approx_kl            | 0.015754426 |
|    clip_fraction        | 0.147       |
|    clip_range           | 0.2         |
|    entropy_loss         | -2.02       |
|    explained_variance   | 0.802       |
|    learning_rate        | 0.0001      |
|    loss                 | 0.0849      |
|    n_updates            | 1360        |
|    policy_gradient_loss | -0.0229     |
|    std                  | 0.675       |
|    value_loss           | 0.266       |
-----------------------------------------
[E2] ~11.5h remaining (255968 steps left @ 0.16s/step)
----------------------------------------
| rollout/                |            |
|    ep_len_mean          | 9.11       |
|    ep_rew_mean          | 1.17       |
| time/                   |            |
|    eta_hours            | 11.5       |
|    fps                  | 5          |
|    iterations           | 86         |
|    sec_per_step         | 0.162      |
|    time_elapsed         | 7505       |
|    total_timesteps      | 72704      |
| train/                  |            |
|    approx_kl            | 0.00974198 |
|    clip_fraction        | 0.0947     |
|    clip_range           | 0.2        |
|    entropy_loss         | -2.01      |
|    explained_variance   | 0.826      |
|    learning_rate        | 0.0001     |
|    loss                 | 0.123      |
|    n_updates            | 1370       |
|    policy_gradient_loss | -0.0126    |
|    std                  | 0.674      |
|    value_loss           | 0.206      |
----------------------------------------
[E2] ~11.8h remaining (255456 steps left @ 0.17s/step)
-----------------------------------------
| rollout/                |             |
|    ep_len_mean          | 8.96        |
|    ep_rew_mean          | 1.21        |
| time/                   |             |
|    eta_hours            | 11.8        |
|    fps                  | 5           |
|    iterations           | 87          |
|    sec_per_step         | 0.166       |
|    time_elapsed         | 7594        |
|    total_timesteps      | 73216       |
| train/                  |             |
|    approx_kl            | 0.013499899 |
|    clip_fraction        | 0.129       |
|    clip_range           | 0.2         |
|    entropy_loss         | -2.01       |
|    explained_variance   | 0.796       |
|    learning_rate        | 0.0001      |
|    loss                 | 0.169       |
|    n_updates            | 1380        |
|    policy_gradient_loss | -0.0135     |
|    std                  | 0.672       |
|    value_loss           | 0.281       |
-----------------------------------------
[E2] ~11.9h remaining (254944 steps left @ 0.17s/step)
-----------------------------------------
| rollout/                |             |
|    ep_len_mean          | 9.09        |
|    ep_rew_mean          | 1.2         |
| time/                   |             |
|    eta_hours            | 11.9        |
|    fps                  | 5           |
|    iterations           | 88          |
|    sec_per_step         | 0.168       |
|    time_elapsed         | 7683        |
|    total_timesteps      | 73728       |
| train/                  |             |
|    approx_kl            | 0.012703893 |
|    clip_fraction        | 0.108       |
|    clip_range           | 0.2         |
|    entropy_loss         | -2.01       |
|    explained_variance   | 0.828       |
|    learning_rate        | 0.0001      |
|    loss                 | 0.054       |
|    n_updates            | 1390        |
|    policy_gradient_loss | -0.0142     |
|    std                  | 0.671       |
|    value_loss           | 0.226       |
-----------------------------------------
[E2] ~12.2h remaining (254432 steps left @ 0.17s/step)
------------------------------------------
| rollout/                |              |
|    ep_len_mean          | 9.06         |
|    ep_rew_mean          | 1.19         |
| time/                   |              |
|    eta_hours            | 12.2         |
|    fps                  | 5            |
|    iterations           | 89           |
|    sec_per_step         | 0.172        |
|    time_elapsed         | 7777         |
|    total_timesteps      | 74240        |
| train/                  |              |
|    approx_kl            | 0.0076230518 |
|    clip_fraction        | 0.0729       |
|    clip_range           | 0.2          |
|    entropy_loss         | -2           |
|    explained_variance   | 0.799        |
|    learning_rate        | 0.0001       |
|    loss                 | 0.0291       |
|    n_updates            | 1400         |
|    policy_gradient_loss | -0.00945     |
|    std                  | 0.671        |
|    value_loss           | 0.257        |
------------------------------------------
[E2] ~12.4h remaining (253920 steps left @ 0.18s/step)
-----------------------------------------
| rollout/                |             |
|    ep_len_mean          | 9.18        |
|    ep_rew_mean          | 1.18        |
| time/                   |             |
|    eta_hours            | 12.4        |
|    fps                  | 5           |
|    iterations           | 90          |
|    sec_per_step         | 0.176       |
|    time_elapsed         | 7870        |
|    total_timesteps      | 74752       |
| train/                  |             |
|    approx_kl            | 0.012534829 |
|    clip_fraction        | 0.119       |
|    clip_range           | 0.2         |
|    entropy_loss         | -2          |
|    explained_variance   | 0.787       |
|    learning_rate        | 0.0001      |
|    loss                 | 0.0764      |
|    n_updates            | 1410        |
|    policy_gradient_loss | -0.0129     |
|    std                  | 0.668       |
|    value_loss           | 0.271       |
-----------------------------------------
[E2] ~12.5h remaining (253408 steps left @ 0.18s/step)
-----------------------------------------
| rollout/                |             |
|    ep_len_mean          | 9.04        |
|    ep_rew_mean          | 1.16        |
| time/                   |             |
|    eta_hours            | 12.5        |
|    fps                  | 5           |
|    iterations           | 91          |
|    sec_per_step         | 0.178       |
|    time_elapsed         | 7964        |
|    total_timesteps      | 75264       |
| train/                  |             |
|    approx_kl            | 0.008119472 |
|    clip_fraction        | 0.0588      |
|    clip_range           | 0.2         |
|    entropy_loss         | -1.99       |
|    explained_variance   | 0.84        |
|    learning_rate        | 0.0001      |
|    loss                 | 0.106       |
|    n_updates            | 1420        |
|    policy_gradient_loss | -0.00861    |
|    std                  | 0.666       |
|    value_loss           | 0.199       |
-----------------------------------------
[E2] ~12.5h remaining (252896 steps left @ 0.18s/step)
-----------------------------------------
| rollout/                |             |
|    ep_len_mean          | 8.98        |
|    ep_rew_mean          | 1.2         |
| time/                   |             |
|    eta_hours            | 12.5        |
|    fps                  | 5           |
|    iterations           | 92          |
|    sec_per_step         | 0.178       |
|    time_elapsed         | 8055        |
|    total_timesteps      | 75776       |
| train/                  |             |
|    approx_kl            | 0.013228932 |
|    clip_fraction        | 0.126       |
|    clip_range           | 0.2         |
|    entropy_loss         | -1.98       |
|    explained_variance   | 0.783       |
|    learning_rate        | 0.0001      |
|    loss                 | 0.113       |
|    n_updates            | 1430        |
|    policy_gradient_loss | -0.0149     |
|    std                  | 0.664       |
|    value_loss           | 0.278       |
-----------------------------------------
[E2] ~12.5h remaining (252384 steps left @ 0.18s/step)
----------------------------------------
| rollout/                |            |
|    ep_len_mean          | 8.96       |
|    ep_rew_mean          | 1.17       |
| time/                   |            |
|    eta_hours            | 12.5       |
|    fps                  | 5          |
|    iterations           | 93         |
|    sec_per_step         | 0.178      |
|    time_elapsed         | 8146       |
|    total_timesteps      | 76288      |
| train/                  |            |
|    approx_kl            | 0.01027146 |
|    clip_fraction        | 0.0799     |
|    clip_range           | 0.2        |
|    entropy_loss         | -1.98      |
|    explained_variance   | 0.782      |
|    learning_rate        | 0.0001     |
|    loss                 | 0.0922     |
|    n_updates            | 1440       |
|    policy_gradient_loss | -0.0108    |
|    std                  | 0.664      |
|    value_loss           | 0.28       |
----------------------------------------
[E2] ~12.3h remaining (251872 steps left @ 0.18s/step)
-----------------------------------------
| rollout/                |             |
|    ep_len_mean          | 9.14        |
|    ep_rew_mean          | 1.17        |
| time/                   |             |
|    eta_hours            | 12.3        |
|    fps                  | 5           |
|    iterations           | 94          |
|    sec_per_step         | 0.176       |
|    time_elapsed         | 8234        |
|    total_timesteps      | 76800       |
| train/                  |             |
|    approx_kl            | 0.014023275 |
|    clip_fraction        | 0.155       |
|    clip_range           | 0.2         |
|    entropy_loss         | -1.98       |
|    explained_variance   | 0.787       |
|    learning_rate        | 0.0001      |
|    loss                 | 0.187       |
|    n_updates            | 1450        |
|    policy_gradient_loss | -0.0156     |
|    std                  | 0.664       |
|    value_loss           | 0.26        |
-----------------------------------------
[E2] ~12.0h remaining (251360 steps left @ 0.17s/step)
-----------------------------------------
| rollout/                |             |
|    ep_len_mean          | 9.1         |
|    ep_rew_mean          | 1.18        |
| time/                   |             |
|    eta_hours            | 12          |
|    fps                  | 5           |
|    iterations           | 95          |
|    sec_per_step         | 0.172       |
|    time_elapsed         | 8317        |
|    total_timesteps      | 77312       |
| train/                  |             |
|    approx_kl            | 0.007839747 |
|    clip_fraction        | 0.0703      |
|    clip_range           | 0.2         |
|    entropy_loss         | -1.97       |
|    explained_variance   | 0.807       |
|    learning_rate        | 0.0001      |
|    loss                 | 0.0854      |
|    n_updates            | 1460        |
|    policy_gradient_loss | -0.00705    |
|    std                  | 0.663       |
|    value_loss           | 0.259       |
-----------------------------------------
[E2] ~11.5h remaining (250848 steps left @ 0.16s/step)
-----------------------------------------
| rollout/                |             |
|    ep_len_mean          | 8.9         |
|    ep_rew_mean          | 1.18        |
| time/                   |             |
|    eta_hours            | 11.5        |
|    fps                  | 5           |
|    iterations           | 96          |
|    sec_per_step         | 0.165       |
|    time_elapsed         | 8393        |
|    total_timesteps      | 77824       |
| train/                  |             |
|    approx_kl            | 0.011675108 |
|    clip_fraction        | 0.131       |
|    clip_range           | 0.2         |
|    entropy_loss         | -1.97       |
|    explained_variance   | 0.812       |
|    learning_rate        | 0.0001      |
|    loss                 | 0.0734      |
|    n_updates            | 1470        |
|    policy_gradient_loss | -0.0159     |
|    std                  | 0.659       |
|    value_loss           | 0.241       |
-----------------------------------------
[E2] ~11.0h remaining (250336 steps left @ 0.16s/step)
-----------------------------------------
| rollout/                |             |
|    ep_len_mean          | 8.97        |
|    ep_rew_mean          | 1.19        |
| time/                   |             |
|    eta_hours            | 11          |
|    fps                  | 5           |
|    iterations           | 97          |
|    sec_per_step         | 0.158       |
|    time_elapsed         | 8465        |
|    total_timesteps      | 78336       |
| train/                  |             |
|    approx_kl            | 0.013331769 |
|    clip_fraction        | 0.161       |
|    clip_range           | 0.2         |
|    entropy_loss         | -1.96       |
|    explained_variance   | 0.829       |
|    learning_rate        | 0.0001      |
|    loss                 | 0.0918      |
|    n_updates            | 1480        |
|    policy_gradient_loss | -0.0215     |
|    std                  | 0.658       |
|    value_loss           | 0.22        |
-----------------------------------------
[E2 eval @ step 78673]  MAPE=7.97%  p90=16.39%  success(<5%)=35.0%  mean_scan_time=537.0s
[E2] ~11.6h remaining (249824 steps left @ 0.17s/step)
----------------------------------------
| rollout/                |            |
|    ep_len_mean          | 9.32       |
|    ep_rew_mean          | 1.18       |
| time/                   |            |
|    eta_hours            | 11.6       |
|    fps                  | 5          |
|    iterations           | 98         |
|    sec_per_step         | 0.167      |
|    time_elapsed         | 8562       |
|    total_timesteps      | 78848      |
| train/                  |            |
|    approx_kl            | 0.00903167 |
|    clip_fraction        | 0.0896     |
|    clip_range           | 0.2        |
|    entropy_loss         | -1.96      |
|    explained_variance   | 0.792      |
|    learning_rate        | 0.0001     |
|    loss                 | 0.102      |
|    n_updates            | 1490       |
|    policy_gradient_loss | -0.012     |
|    std                  | 0.657      |
|    value_loss           | 0.252      |
----------------------------------------
[E2] ~11.0h remaining (249312 steps left @ 0.16s/step)
-----------------------------------------
| rollout/                |             |
|    ep_len_mean          | 9.26        |
|    ep_rew_mean          | 1.19        |
| time/                   |             |
|    eta_hours            | 11          |
|    fps                  | 5           |
|    iterations           | 99          |
|    sec_per_step         | 0.158       |
|    time_elapsed         | 8633        |
|    total_timesteps      | 79360       |
| train/                  |             |
|    approx_kl            | 0.010594961 |
|    clip_fraction        | 0.0928      |
|    clip_range           | 0.2         |
|    entropy_loss         | -1.95       |
|    explained_variance   | 0.81        |
|    learning_rate        | 0.0001      |
|    loss                 | 0.105       |
|    n_updates            | 1500        |
|    policy_gradient_loss | -0.00852    |
|    std                  | 0.656       |
|    value_loss           | 0.228       |
-----------------------------------------
[E2] ~11.3h remaining (248800 steps left @ 0.16s/step)
------------------------------------------
| rollout/                |              |
|    ep_len_mean          | 9.32         |
|    ep_rew_mean          | 1.15         |
| time/                   |              |
|    eta_hours            | 11.3         |
|    fps                  | 5            |
|    iterations           | 100          |
|    sec_per_step         | 0.163        |
|    time_elapsed         | 8722         |
|    total_timesteps      | 79872        |
| train/                  |              |
|    approx_kl            | 0.0078442115 |
|    clip_fraction        | 0.0805       |
|    clip_range           | 0.2          |
|    entropy_loss         | -1.94        |
|    explained_variance   | 0.804        |
|    learning_rate        | 0.0001       |
|    loss                 | 0.104        |
|    n_updates            | 1510         |
|    policy_gradient_loss | -0.00831     |
|    std                  | 0.653        |
|    value_loss           | 0.231        |
------------------------------------------
[E2] ~11.3h remaining (248288 steps left @ 0.16s/step)
-----------------------------------------
| rollout/                |             |
|    ep_len_mean          | 9.49        |
|    ep_rew_mean          | 1.14        |
| time/                   |             |
|    eta_hours            | 11.3        |
|    fps                  | 5           |
|    iterations           | 101         |
|    sec_per_step         | 0.164       |
|    time_elapsed         | 8807        |
|    total_timesteps      | 80384       |
| train/                  |             |
|    approx_kl            | 0.011562409 |
|    clip_fraction        | 0.123       |
|    clip_range           | 0.2         |
|    entropy_loss         | -1.94       |
|    explained_variance   | 0.73        |
|    learning_rate        | 0.0001      |
|    loss                 | 0.0679      |
|    n_updates            | 1520        |
|    policy_gradient_loss | -0.0142     |
|    std                  | 0.653       |
|    value_loss           | 0.347       |
-----------------------------------------
[E2] ~11.3h remaining (247776 steps left @ 0.16s/step)
------------------------------------------
| rollout/                |              |
|    ep_len_mean          | 9.42         |
|    ep_rew_mean          | 1.13         |
| time/                   |              |
|    eta_hours            | 11.3         |
|    fps                  | 5            |
|    iterations           | 102          |
|    sec_per_step         | 0.165        |
|    time_elapsed         | 8892         |
|    total_timesteps      | 80896        |
| train/                  |              |
|    approx_kl            | 0.0075802915 |
|    clip_fraction        | 0.0773       |
|    clip_range           | 0.2          |
|    entropy_loss         | -1.94        |
|    explained_variance   | 0.78         |
|    learning_rate        | 0.0001       |
|    loss                 | 0.0964       |
|    n_updates            | 1530         |
|    policy_gradient_loss | -0.0103      |
|    std                  | 0.651        |
|    value_loss           | 0.252        |
------------------------------------------
[E2] ~11.0h remaining (247264 steps left @ 0.16s/step)
-----------------------------------------
| rollout/                |             |
|    ep_len_mean          | 9.37        |
|    ep_rew_mean          | 1.13        |
| time/                   |             |
|    eta_hours            | 11          |
|    fps                  | 5           |
|    iterations           | 103         |
|    sec_per_step         | 0.161       |
|    time_elapsed         | 8970        |
|    total_timesteps      | 81408       |
| train/                  |             |
|    approx_kl            | 0.008680755 |
|    clip_fraction        | 0.0977      |
|    clip_range           | 0.2         |
|    entropy_loss         | -1.93       |
|    explained_variance   | 0.738       |
|    learning_rate        | 0.0001      |
|    loss                 | 0.159       |
|    n_updates            | 1540        |
|    policy_gradient_loss | -0.0101     |
|    std                  | 0.65        |
|    value_loss           | 0.31        |
-----------------------------------------
[E2] ~10.6h remaining (246752 steps left @ 0.15s/step)
-----------------------------------------
| rollout/                |             |
|    ep_len_mean          | 9.52        |
|    ep_rew_mean          | 1.19        |
| time/                   |             |
|    eta_hours            | 10.6        |
|    fps                  | 5           |
|    iterations           | 104         |
|    sec_per_step         | 0.154       |
|    time_elapsed         | 9041        |
|    total_timesteps      | 81920       |
| train/                  |             |
|    approx_kl            | 0.009067736 |
|    clip_fraction        | 0.0604      |
|    clip_range           | 0.2         |
|    entropy_loss         | -1.93       |
|    explained_variance   | 0.799       |
|    learning_rate        | 0.0001      |
|    loss                 | 0.0943      |
|    n_updates            | 1550        |
|    policy_gradient_loss | -0.00801    |
|    std                  | 0.648       |
|    value_loss           | 0.235       |
-----------------------------------------
[E2] ~10.4h remaining (246240 steps left @ 0.15s/step)
----------------------------------------
| rollout/                |            |
|    ep_len_mean          | 9.49       |
|    ep_rew_mean          | 1.18       |
| time/                   |            |
|    eta_hours            | 10.4       |
|    fps                  | 5          |
|    iterations           | 105        |
|    sec_per_step         | 0.153      |
|    time_elapsed         | 9117       |
|    total_timesteps      | 82432      |
| train/                  |            |
|    approx_kl            | 0.00901649 |
|    clip_fraction        | 0.0842     |
|    clip_range           | 0.2        |
|    entropy_loss         | -1.92      |
|    explained_variance   | 0.823      |
|    learning_rate        | 0.0001     |
|    loss                 | 0.0439     |
|    n_updates            | 1560       |
|    policy_gradient_loss | -0.0118    |
|    std                  | 0.646      |
|    value_loss           | 0.217      |
----------------------------------------
[E2] ~10.7h remaining (245728 steps left @ 0.16s/step)
-----------------------------------------
| rollout/                |             |
|    ep_len_mean          | 9.75        |
|    ep_rew_mean          | 1.19        |
| time/                   |             |
|    eta_hours            | 10.7        |
|    fps                  | 5           |
|    iterations           | 106         |
|    sec_per_step         | 0.157       |
|    time_elapsed         | 9202        |
|    total_timesteps      | 82944       |
| train/                  |             |
|    approx_kl            | 0.007830691 |
|    clip_fraction        | 0.1         |
|    clip_range           | 0.2         |
|    entropy_loss         | -1.91       |
|    explained_variance   | 0.758       |
|    learning_rate        | 0.0001      |
|    loss                 | 0.138       |
|    n_updates            | 1570        |
|    policy_gradient_loss | -0.0135     |
|    std                  | 0.643       |
|    value_loss           | 0.27        |
-----------------------------------------
[E2] ~10.9h remaining (245216 steps left @ 0.16s/step)
-----------------------------------------
| rollout/                |             |
|    ep_len_mean          | 9.6         |
|    ep_rew_mean          | 1.21        |
| time/                   |             |
|    eta_hours            | 10.9        |
|    fps                  | 5           |
|    iterations           | 107         |
|    sec_per_step         | 0.161       |
|    time_elapsed         | 9289        |
|    total_timesteps      | 83456       |
| train/                  |             |
|    approx_kl            | 0.016143568 |
|    clip_fraction        | 0.165       |
|    clip_range           | 0.2         |
|    entropy_loss         | -1.9        |
|    explained_variance   | 0.818       |
|    learning_rate        | 0.0001      |
|    loss                 | 0.0572      |
|    n_updates            | 1580        |
|    policy_gradient_loss | -0.011      |
|    std                  | 0.64        |
|    value_loss           | 0.233       |
-----------------------------------------
[E2] ~11.2h remaining (244704 steps left @ 0.16s/step)
-----------------------------------------
| rollout/                |             |
|    ep_len_mean          | 9.34        |
|    ep_rew_mean          | 1.2         |
| time/                   |             |
|    eta_hours            | 11.2        |
|    fps                  | 5           |
|    iterations           | 108         |
|    sec_per_step         | 0.164       |
|    time_elapsed         | 9377        |
|    total_timesteps      | 83968       |
| train/                  |             |
|    approx_kl            | 0.013953865 |
|    clip_fraction        | 0.155       |
|    clip_range           | 0.2         |
|    entropy_loss         | -1.89       |
|    explained_variance   | 0.867       |
|    learning_rate        | 0.0001      |
|    loss                 | 0.076       |
|    n_updates            | 1590        |
|    policy_gradient_loss | -0.0137     |
|    std                  | 0.637       |
|    value_loss           | 0.175       |
-----------------------------------------
[E2] ~11.6h remaining (244192 steps left @ 0.17s/step)
-----------------------------------------
| rollout/                |             |
|    ep_len_mean          | 9.37        |
|    ep_rew_mean          | 1.19        |
| time/                   |             |
|    eta_hours            | 11.6        |
|    fps                  | 5           |
|    iterations           | 109         |
|    sec_per_step         | 0.17        |
|    time_elapsed         | 9472        |
|    total_timesteps      | 84480       |
| train/                  |             |
|    approx_kl            | 0.008441726 |
|    clip_fraction        | 0.105       |
|    clip_range           | 0.2         |
|    entropy_loss         | -1.89       |
|    explained_variance   | 0.803       |
|    learning_rate        | 0.0001      |
|    loss                 | 0.106       |
|    n_updates            | 1600        |
|    policy_gradient_loss | -0.00882    |
|    std                  | 0.635       |
|    value_loss           | 0.228       |
-----------------------------------------
[E2] ~11.5h remaining (243680 steps left @ 0.17s/step)
-----------------------------------------
| rollout/                |             |
|    ep_len_mean          | 9.64        |
|    ep_rew_mean          | 1.18        |
| time/                   |             |
|    eta_hours            | 11.5        |
|    fps                  | 5           |
|    iterations           | 110         |
|    sec_per_step         | 0.17        |
|    time_elapsed         | 9558        |
|    total_timesteps      | 84992       |
| train/                  |             |
|    approx_kl            | 0.011994906 |
|    clip_fraction        | 0.099       |
|    clip_range           | 0.2         |
|    entropy_loss         | -1.88       |
|    explained_variance   | 0.846       |
|    learning_rate        | 0.0001      |
|    loss                 | 0.119       |
|    n_updates            | 1610        |
|    policy_gradient_loss | -0.0146     |
|    std                  | 0.632       |
|    value_loss           | 0.189       |
-----------------------------------------
[E2] ~11.2h remaining (243168 steps left @ 0.17s/step)
----------------------------------------
| rollout/                |            |
|    ep_len_mean          | 9.69       |
|    ep_rew_mean          | 1.19       |
| time/                   |            |
|    eta_hours            | 11.2       |
|    fps                  | 5          |
|    iterations           | 111        |
|    sec_per_step         | 0.165      |
|    time_elapsed         | 9637       |
|    total_timesteps      | 85504      |
| train/                  |            |
|    approx_kl            | 0.01879521 |
|    clip_fraction        | 0.137      |
|    clip_range           | 0.2        |
|    entropy_loss         | -1.87      |
|    explained_variance   | 0.823      |
|    learning_rate        | 0.0001     |
|    loss                 | 0.0485     |
|    n_updates            | 1620       |
|    policy_gradient_loss | -0.0128    |
|    std                  | 0.63       |
|    value_loss           | 0.208      |
----------------------------------------
[E2] ~10.5h remaining (242656 steps left @ 0.16s/step)
-----------------------------------------
| rollout/                |             |
|    ep_len_mean          | 9.54        |
|    ep_rew_mean          | 1.18        |
| time/                   |             |
|    eta_hours            | 10.5        |
|    fps                  | 5           |
|    iterations           | 112         |
|    sec_per_step         | 0.156       |
|    time_elapsed         | 9707        |
|    total_timesteps      | 86016       |
| train/                  |             |
|    approx_kl            | 0.006994554 |
|    clip_fraction        | 0.0906      |
|    clip_range           | 0.2         |
|    entropy_loss         | -1.86       |
|    explained_variance   | 0.84        |
|    learning_rate        | 0.0001      |
|    loss                 | 0.0838      |
|    n_updates            | 1630        |
|    policy_gradient_loss | -0.0121     |
|    std                  | 0.629       |
|    value_loss           | 0.185       |
-----------------------------------------
[E2] ~10.4h remaining (242144 steps left @ 0.15s/step)
----------------------------------------
| rollout/                |            |
|    ep_len_mean          | 9.19       |
|    ep_rew_mean          | 1.14       |
| time/                   |            |
|    eta_hours            | 10.4       |
|    fps                  | 5          |
|    iterations           | 113        |
|    sec_per_step         | 0.155      |
|    time_elapsed         | 9784       |
|    total_timesteps      | 86528      |
| train/                  |            |
|    approx_kl            | 0.01395684 |
|    clip_fraction        | 0.122      |
|    clip_range           | 0.2        |
|    entropy_loss         | -1.86      |
|    explained_variance   | 0.812      |
|    learning_rate        | 0.0001     |
|    loss                 | 0.0357     |
|    n_updates            | 1640       |
|    policy_gradient_loss | -0.0147    |
|    std                  | 0.627      |
|    value_loss           | 0.215      |
----------------------------------------
[E2] ~10.7h remaining (241632 steps left @ 0.16s/step)
----------------------------------------
| rollout/                |            |
|    ep_len_mean          | 9.35       |
|    ep_rew_mean          | 1.12       |
| time/                   |            |
|    eta_hours            | 10.7       |
|    fps                  | 5          |
|    iterations           | 114        |
|    sec_per_step         | 0.159      |
|    time_elapsed         | 9870       |
|    total_timesteps      | 87040      |
| train/                  |            |
|    approx_kl            | 0.01292556 |
|    clip_fraction        | 0.116      |
|    clip_range           | 0.2        |
|    entropy_loss         | -1.85      |
|    explained_variance   | 0.752      |
|    learning_rate        | 0.0001     |
|    loss                 | 0.0794     |
|    n_updates            | 1650       |
|    policy_gradient_loss | -0.0138    |
|    std                  | 0.625      |
|    value_loss           | 0.294      |
----------------------------------------
[E2] ~11.0h remaining (241120 steps left @ 0.16s/step)
-----------------------------------------
| rollout/                |             |
|    ep_len_mean          | 9.71        |
|    ep_rew_mean          | 1.14        |
| time/                   |             |
|    eta_hours            | 11          |
|    fps                  | 5           |
|    iterations           | 115         |
|    sec_per_step         | 0.165       |
|    time_elapsed         | 9962        |
|    total_timesteps      | 87552       |
| train/                  |             |
|    approx_kl            | 0.012681936 |
|    clip_fraction        | 0.107       |
|    clip_range           | 0.2         |
|    entropy_loss         | -1.84       |
|    explained_variance   | 0.791       |
|    learning_rate        | 0.0001      |
|    loss                 | 0.0713      |
|    n_updates            | 1660        |
|    policy_gradient_loss | -0.0146     |
|    std                  | 0.622       |
|    value_loss           | 0.237       |
-----------------------------------------
[E2] ~11.2h remaining (240608 steps left @ 0.17s/step)
----------------------------------------
| rollout/                |            |
|    ep_len_mean          | 9.6        |
|    ep_rew_mean          | 1.16       |
| time/                   |            |
|    eta_hours            | 11.2       |
|    fps                  | 5          |
|    iterations           | 116        |
|    sec_per_step         | 0.167      |
|    time_elapsed         | 10050      |
|    total_timesteps      | 88064      |
| train/                  |            |
|    approx_kl            | 0.01178254 |
|    clip_fraction        | 0.123      |
|    clip_range           | 0.2        |
|    entropy_loss         | -1.84      |
|    explained_variance   | 0.804      |
|    learning_rate        | 0.0001     |
|    loss                 | 0.0951     |
|    n_updates            | 1670       |
|    policy_gradient_loss | -0.0169    |
|    std                  | 0.621      |
|    value_loss           | 0.233      |
----------------------------------------
[E2] ~11.4h remaining (240096 steps left @ 0.17s/step)
------------------------------------------
| rollout/                |              |
|    ep_len_mean          | 9.31         |
|    ep_rew_mean          | 1.17         |
| time/                   |              |
|    eta_hours            | 11.4         |
|    fps                  | 5            |
|    iterations           | 117          |
|    sec_per_step         | 0.171        |
|    time_elapsed         | 10142        |
|    total_timesteps      | 88576        |
| train/                  |              |
|    approx_kl            | 0.0075296145 |
|    clip_fraction        | 0.065        |
|    clip_range           | 0.2          |
|    entropy_loss         | -1.83        |
|    explained_variance   | 0.77         |
|    learning_rate        | 0.0001       |
|    loss                 | 0.089        |
|    n_updates            | 1680         |
|    policy_gradient_loss | -0.00883     |
|    std                  | 0.62         |
|    value_loss           | 0.26         |
------------------------------------------
[E2 eval @ step 88673]  MAPE=6.67%  p90=10.09%  success(<5%)=30.0%  mean_scan_time=536.5s
[E2] ~12.7h remaining (239584 steps left @ 0.19s/step)
------------------------------------------
| rollout/                |              |
|    ep_len_mean          | 9.38         |
|    ep_rew_mean          | 1.2          |
| time/                   |              |
|    eta_hours            | 12.7         |
|    fps                  | 5            |
|    iterations           | 118          |
|    sec_per_step         | 0.191        |
|    time_elapsed         | 10264        |
|    total_timesteps      | 89088        |
| train/                  |              |
|    approx_kl            | 0.0072372574 |
|    clip_fraction        | 0.0791       |
|    clip_range           | 0.2          |
|    entropy_loss         | -1.83        |
|    explained_variance   | 0.777        |
|    learning_rate        | 0.0001       |
|    loss                 | 0.0708       |
|    n_updates            | 1690         |
|    policy_gradient_loss | -0.00857     |
|    std                  | 0.617        |
|    value_loss           | 0.272        |
------------------------------------------
[E2] ~12.5h remaining (239072 steps left @ 0.19s/step)
-----------------------------------------
| rollout/                |             |
|    ep_len_mean          | 9.68        |
|    ep_rew_mean          | 1.19        |
| time/                   |             |
|    eta_hours            | 12.5        |
|    fps                  | 5           |
|    iterations           | 119         |
|    sec_per_step         | 0.188       |
|    time_elapsed         | 10357       |
|    total_timesteps      | 89600       |
| train/                  |             |
|    approx_kl            | 0.012205574 |
|    clip_fraction        | 0.121       |
|    clip_range           | 0.2         |
|    entropy_loss         | -1.82       |
|    explained_variance   | 0.827       |
|    learning_rate        | 0.0001      |
|    loss                 | 0.0647      |
|    n_updates            | 1700        |
|    policy_gradient_loss | -0.0136     |
|    std                  | 0.615       |
|    value_loss           | 0.207       |
-----------------------------------------
[E2] ~12.3h remaining (238560 steps left @ 0.19s/step)
-----------------------------------------
| rollout/                |             |
|    ep_len_mean          | 9.59        |
|    ep_rew_mean          | 1.17        |
| time/                   |             |
|    eta_hours            | 12.3        |
|    fps                  | 5           |
|    iterations           | 120         |
|    sec_per_step         | 0.185       |
|    time_elapsed         | 10448       |
|    total_timesteps      | 90112       |
| train/                  |             |
|    approx_kl            | 0.018041477 |
|    clip_fraction        | 0.139       |
|    clip_range           | 0.2         |
|    entropy_loss         | -1.81       |
|    explained_variance   | 0.837       |
|    learning_rate        | 0.0001      |
|    loss                 | 0.0732      |
|    n_updates            | 1710        |
|    policy_gradient_loss | -0.019      |
|    std                  | 0.613       |
|    value_loss           | 0.187       |
-----------------------------------------
[E2] ~12.1h remaining (238048 steps left @ 0.18s/step)
-----------------------------------------
| rollout/                |             |
|    ep_len_mean          | 9.59        |
|    ep_rew_mean          | 1.2         |
| time/                   |             |
|    eta_hours            | 12.1        |
|    fps                  | 5           |
|    iterations           | 121         |
|    sec_per_step         | 0.182       |
|    time_elapsed         | 10538       |
|    total_timesteps      | 90624       |
| train/                  |             |
|    approx_kl            | 0.012742462 |
|    clip_fraction        | 0.138       |
|    clip_range           | 0.2         |
|    entropy_loss         | -1.81       |
|    explained_variance   | 0.787       |
|    learning_rate        | 0.0001      |
|    loss                 | 0.116       |
|    n_updates            | 1720        |
|    policy_gradient_loss | -0.0127     |
|    std                  | 0.612       |
|    value_loss           | 0.28        |
-----------------------------------------
[E2] ~11.9h remaining (237536 steps left @ 0.18s/step)
-----------------------------------------
| rollout/                |             |
|    ep_len_mean          | 9.65        |
|    ep_rew_mean          | 1.19        |
| time/                   |             |
|    eta_hours            | 11.9        |
|    fps                  | 5           |
|    iterations           | 122         |
|    sec_per_step         | 0.18        |
|    time_elapsed         | 10628       |
|    total_timesteps      | 91136       |
| train/                  |             |
|    approx_kl            | 0.011888744 |
|    clip_fraction        | 0.106       |
|    clip_range           | 0.2         |
|    entropy_loss         | -1.8        |
|    explained_variance   | 0.779       |
|    learning_rate        | 0.0001      |
|    loss                 | 0.0907      |
|    n_updates            | 1730        |
|    policy_gradient_loss | -0.0141     |
|    std                  | 0.611       |
|    value_loss           | 0.304       |
-----------------------------------------
[E2] ~11.4h remaining (237024 steps left @ 0.17s/step)
-----------------------------------------
| rollout/                |             |
|    ep_len_mean          | 9.54        |
|    ep_rew_mean          | 1.2         |
| time/                   |             |
|    eta_hours            | 11.4        |
|    fps                  | 5           |
|    iterations           | 123         |
|    sec_per_step         | 0.174       |
|    time_elapsed         | 10709       |
|    total_timesteps      | 91648       |
| train/                  |             |
|    approx_kl            | 0.009835919 |
|    clip_fraction        | 0.0936      |
|    clip_range           | 0.2         |
|    entropy_loss         | -1.8        |
|    explained_variance   | 0.812       |
|    learning_rate        | 0.0001      |
|    loss                 | 0.0428      |
|    n_updates            | 1740        |
|    policy_gradient_loss | -0.0126     |
|    std                  | 0.608       |
|    value_loss           | 0.229       |
-----------------------------------------
[E2] ~10.7h remaining (236512 steps left @ 0.16s/step)
-----------------------------------------
| rollout/                |             |
|    ep_len_mean          | 10.1        |
|    ep_rew_mean          | 1.18        |
| time/                   |             |
|    eta_hours            | 10.7        |
|    fps                  | 5           |
|    iterations           | 124         |
|    sec_per_step         | 0.162       |
|    time_elapsed         | 10778       |
|    total_timesteps      | 92160       |
| train/                  |             |
|    approx_kl            | 0.013211504 |
|    clip_fraction        | 0.107       |
|    clip_range           | 0.2         |
|    entropy_loss         | -1.79       |
|    explained_variance   | 0.819       |
|    learning_rate        | 0.0001      |
|    loss                 | 0.0803      |
|    n_updates            | 1750        |
|    policy_gradient_loss | -0.0146     |
|    std                  | 0.605       |
|    value_loss           | 0.234       |
-----------------------------------------
[E2] ~10.2h remaining (236000 steps left @ 0.16s/step)
------------------------------------------
| rollout/                |              |
|    ep_len_mean          | 10.5         |
|    ep_rew_mean          | 1.19         |
| time/                   |              |
|    eta_hours            | 10.2         |
|    fps                  | 5            |
|    iterations           | 125          |
|    sec_per_step         | 0.155        |
|    time_elapsed         | 10849        |
|    total_timesteps      | 92672        |
| train/                  |              |
|    approx_kl            | 0.0075507136 |
|    clip_fraction        | 0.0779       |
|    clip_range           | 0.2          |
|    entropy_loss         | -1.78        |
|    explained_variance   | 0.839        |
|    learning_rate        | 0.0001       |
|    loss                 | 0.107        |
|    n_updates            | 1760         |
|    policy_gradient_loss | -0.0103      |
|    std                  | 0.604        |
|    value_loss           | 0.187        |
------------------------------------------
[E2] ~9.6h remaining (235488 steps left @ 0.15s/step)
-----------------------------------------
| rollout/                |             |
|    ep_len_mean          | 10          |
|    ep_rew_mean          | 1.18        |
| time/                   |             |
|    eta_hours            | 9.61        |
|    fps                  | 5           |
|    iterations           | 126         |
|    sec_per_step         | 0.147       |
|    time_elapsed         | 10915       |
|    total_timesteps      | 93184       |
| train/                  |             |
|    approx_kl            | 0.017528351 |
|    clip_fraction        | 0.151       |
|    clip_range           | 0.2         |
|    entropy_loss         | -1.77       |
|    explained_variance   | 0.801       |
|    learning_rate        | 0.0001      |
|    loss                 | 0.0762      |
|    n_updates            | 1770        |
|    policy_gradient_loss | -0.0118     |
|    std                  | 0.602       |
|    value_loss           | 0.241       |
-----------------------------------------
[E2] ~9.2h remaining (234976 steps left @ 0.14s/step)
-----------------------------------------
| rollout/                |             |
|    ep_len_mean          | 9.92        |
|    ep_rew_mean          | 1.19        |
| time/                   |             |
|    eta_hours            | 9.17        |
|    fps                  | 5           |
|    iterations           | 127         |
|    sec_per_step         | 0.14        |
|    time_elapsed         | 10979       |
|    total_timesteps      | 93696       |
| train/                  |             |
|    approx_kl            | 0.018362252 |
|    clip_fraction        | 0.182       |
|    clip_range           | 0.2         |
|    entropy_loss         | -1.77       |
|    explained_variance   | 0.775       |
|    learning_rate        | 0.0001      |
|    loss                 | 0.0761      |
|    n_updates            | 1780        |
|    policy_gradient_loss | -0.0193     |
|    std                  | 0.602       |
|    value_loss           | 0.292       |
-----------------------------------------
[E2] ~8.9h remaining (234464 steps left @ 0.14s/step)
-----------------------------------------
| rollout/                |             |
|    ep_len_mean          | 10.2        |
|    ep_rew_mean          | 1.22        |
| time/                   |             |
|    eta_hours            | 8.85        |
|    fps                  | 5           |
|    iterations           | 128         |
|    sec_per_step         | 0.136       |
|    time_elapsed         | 11043       |
|    total_timesteps      | 94208       |
| train/                  |             |
|    approx_kl            | 0.005479547 |
|    clip_fraction        | 0.0648      |
|    clip_range           | 0.2         |
|    entropy_loss         | -1.77       |
|    explained_variance   | 0.779       |
|    learning_rate        | 0.0001      |
|    loss                 | 0.1         |
|    n_updates            | 1790        |
|    policy_gradient_loss | -0.00837    |
|    std                  | 0.602       |
|    value_loss           | 0.285       |
-----------------------------------------
[E2] ~8.7h remaining (233952 steps left @ 0.13s/step)
-----------------------------------------
| rollout/                |             |
|    ep_len_mean          | 10          |
|    ep_rew_mean          | 1.23        |
| time/                   |             |
|    eta_hours            | 8.65        |
|    fps                  | 5           |
|    iterations           | 129         |
|    sec_per_step         | 0.133       |
|    time_elapsed         | 11108       |
|    total_timesteps      | 94720       |
| train/                  |             |
|    approx_kl            | 0.010112582 |
|    clip_fraction        | 0.0836      |
|    clip_range           | 0.2         |
|    entropy_loss         | -1.77       |
|    explained_variance   | 0.799       |
|    learning_rate        | 0.0001      |
|    loss                 | 0.0685      |
|    n_updates            | 1800        |
|    policy_gradient_loss | -0.011      |
|    std                  | 0.601       |
|    value_loss           | 0.278       |
-----------------------------------------
[E2] ~8.5h remaining (233440 steps left @ 0.13s/step)
-----------------------------------------
| rollout/                |             |
|    ep_len_mean          | 9.61        |
|    ep_rew_mean          | 1.24        |
| time/                   |             |
|    eta_hours            | 8.46        |
|    fps                  | 5           |
|    iterations           | 130         |
|    sec_per_step         | 0.131       |
|    time_elapsed         | 11172       |
|    total_timesteps      | 95232       |
| train/                  |             |
|    approx_kl            | 0.008416364 |
|    clip_fraction        | 0.0742      |
|    clip_range           | 0.2         |
|    entropy_loss         | -1.76       |
|    explained_variance   | 0.832       |
|    learning_rate        | 0.0001      |
|    loss                 | 0.0823      |
|    n_updates            | 1810        |
|    policy_gradient_loss | -0.0077     |
|    std                  | 0.599       |
|    value_loss           | 0.231       |
-----------------------------------------
[E2] ~8.4h remaining (232928 steps left @ 0.13s/step)
-----------------------------------------
| rollout/                |             |
|    ep_len_mean          | 9.78        |
|    ep_rew_mean          | 1.2         |
| time/                   |             |
|    eta_hours            | 8.36        |
|    fps                  | 5           |
|    iterations           | 131         |
|    sec_per_step         | 0.129       |
|    time_elapsed         | 11236       |
|    total_timesteps      | 95744       |
| train/                  |             |
|    approx_kl            | 0.012320263 |
|    clip_fraction        | 0.119       |
|    clip_range           | 0.2         |
|    entropy_loss         | -1.76       |
|    explained_variance   | 0.825       |
|    learning_rate        | 0.0001      |
|    loss                 | 0.0801      |
|    n_updates            | 1820        |
|    policy_gradient_loss | -0.0153     |
|    std                  | 0.598       |
|    value_loss           | 0.225       |
-----------------------------------------
[E2] ~8.3h remaining (232416 steps left @ 0.13s/step)
-----------------------------------------
| rollout/                |             |
|    ep_len_mean          | 9.82        |
|    ep_rew_mean          | 1.21        |
| time/                   |             |
|    eta_hours            | 8.29        |
|    fps                  | 5           |
|    iterations           | 132         |
|    sec_per_step         | 0.128       |
|    time_elapsed         | 11301       |
|    total_timesteps      | 96256       |
| train/                  |             |
|    approx_kl            | 0.013103398 |
|    clip_fraction        | 0.0975      |
|    clip_range           | 0.2         |
|    entropy_loss         | -1.75       |
|    explained_variance   | 0.834       |
|    learning_rate        | 0.0001      |
|    loss                 | 0.109       |
|    n_updates            | 1830        |
|    policy_gradient_loss | -0.0123     |
|    std                  | 0.595       |
|    value_loss           | 0.199       |
-----------------------------------------
[E2] ~8.3h remaining (231904 steps left @ 0.13s/step)
-----------------------------------------
| rollout/                |             |
|    ep_len_mean          | 9.34        |
|    ep_rew_mean          | 1.25        |
| time/                   |             |
|    eta_hours            | 8.3         |
|    fps                  | 5           |
|    iterations           | 133         |
|    sec_per_step         | 0.129       |
|    time_elapsed         | 11368       |
|    total_timesteps      | 96768       |
| train/                  |             |
|    approx_kl            | 0.011033088 |
|    clip_fraction        | 0.0889      |
|    clip_range           | 0.2         |
|    entropy_loss         | -1.74       |
|    explained_variance   | 0.834       |
|    learning_rate        | 0.0001      |
|    loss                 | 0.0885      |
|    n_updates            | 1840        |
|    policy_gradient_loss | -0.0113     |
|    std                  | 0.593       |
|    value_loss           | 0.198       |
-----------------------------------------
[E2] ~8.3h remaining (231392 steps left @ 0.13s/step)
------------------------------------------
| rollout/                |              |
|    ep_len_mean          | 9.47         |
|    ep_rew_mean          | 1.23         |
| time/                   |              |
|    eta_hours            | 8.27         |
|    fps                  | 6            |
|    iterations           | 134          |
|    sec_per_step         | 0.129        |
|    time_elapsed         | 11433        |
|    total_timesteps      | 97280        |
| train/                  |              |
|    approx_kl            | 0.0129925255 |
|    clip_fraction        | 0.113        |
|    clip_range           | 0.2          |
|    entropy_loss         | -1.74        |
|    explained_variance   | 0.815        |
|    learning_rate        | 0.0001       |
|    loss                 | 0.0873       |
|    n_updates            | 1850         |
|    policy_gradient_loss | -0.0122      |
|    std                  | 0.593        |
|    value_loss           | 0.256        |
------------------------------------------
[E2] ~8.2h remaining (230880 steps left @ 0.13s/step)
-----------------------------------------
| rollout/                |             |
|    ep_len_mean          | 9.68        |
|    ep_rew_mean          | 1.21        |
| time/                   |             |
|    eta_hours            | 8.23        |
|    fps                  | 6           |
|    iterations           | 135         |
|    sec_per_step         | 0.128       |
|    time_elapsed         | 11498       |
|    total_timesteps      | 97792       |
| train/                  |             |
|    approx_kl            | 0.008576825 |
|    clip_fraction        | 0.0867      |
|    clip_range           | 0.2         |
|    entropy_loss         | -1.74       |
|    explained_variance   | 0.859       |
|    learning_rate        | 0.0001      |
|    loss                 | 0.0524      |
|    n_updates            | 1860        |
|    policy_gradient_loss | -0.00967    |
|    std                  | 0.591       |
|    value_loss           | 0.172       |
-----------------------------------------
[E2] ~8.1h remaining (230368 steps left @ 0.13s/step)
-----------------------------------------
| rollout/                |             |
|    ep_len_mean          | 9.56        |
|    ep_rew_mean          | 1.19        |
| time/                   |             |
|    eta_hours            | 8.11        |
|    fps                  | 6           |
|    iterations           | 136         |
|    sec_per_step         | 0.127       |
|    time_elapsed         | 11561       |
|    total_timesteps      | 98304       |
| train/                  |             |
|    approx_kl            | 0.010110662 |
|    clip_fraction        | 0.0889      |
|    clip_range           | 0.2         |
|    entropy_loss         | -1.73       |
|    explained_variance   | 0.8         |
|    learning_rate        | 0.0001      |
|    loss                 | 0.0867      |
|    n_updates            | 1870        |
|    policy_gradient_loss | -0.0135     |
|    std                  | 0.589       |
|    value_loss           | 0.257       |
-----------------------------------------
[E2 eval @ step 98673]  MAPE=7.31%  p90=10.72%  success(<5%)=35.0%  mean_scan_time=525.3s
[E2] ~8.8h remaining (229856 steps left @ 0.14s/step)
-----------------------------------------
| rollout/                |             |
|    ep_len_mean          | 9.57        |
|    ep_rew_mean          | 1.2         |
| time/                   |             |
|    eta_hours            | 8.76        |
|    fps                  | 6           |
|    iterations           | 137         |
|    sec_per_step         | 0.137       |
|    time_elapsed         | 11644       |
|    total_timesteps      | 98816       |
| train/                  |             |
|    approx_kl            | 0.013999264 |
|    clip_fraction        | 0.119       |
|    clip_range           | 0.2         |
|    entropy_loss         | -1.73       |
|    explained_variance   | 0.756       |
|    learning_rate        | 0.0001      |
|    loss                 | 0.166       |
|    n_updates            | 1880        |
|    policy_gradient_loss | -0.0117     |
|    std                  | 0.588       |
|    value_loss           | 0.293       |
-----------------------------------------
[E2] ~8.5h remaining (229344 steps left @ 0.13s/step)
------------------------------------------
| rollout/                |              |
|    ep_len_mean          | 9.54         |
|    ep_rew_mean          | 1.22         |
| time/                   |              |
|    eta_hours            | 8.51         |
|    fps                  | 6            |
|    iterations           | 138          |
|    sec_per_step         | 0.134        |
|    time_elapsed         | 11708        |
|    total_timesteps      | 99328        |
| train/                  |              |
|    approx_kl            | 0.0120902695 |
|    clip_fraction        | 0.104        |
|    clip_range           | 0.2          |
|    entropy_loss         | -1.72        |
|    explained_variance   | 0.789        |
|    learning_rate        | 0.0001       |
|    loss                 | 0.0288       |
|    n_updates            | 1890         |
|    policy_gradient_loss | -0.0168      |
|    std                  | 0.586        |
|    value_loss           | 0.268        |
------------------------------------------
[E2] ~8.6h remaining (228832 steps left @ 0.14s/step)
-----------------------------------------
| rollout/                |             |
|    ep_len_mean          | 9.54        |
|    ep_rew_mean          | 1.21        |
| time/                   |             |
|    eta_hours            | 8.6         |
|    fps                  | 6           |
|    iterations           | 139         |
|    sec_per_step         | 0.135       |
|    time_elapsed         | 11779       |
|    total_timesteps      | 99840       |
| train/                  |             |
|    approx_kl            | 0.006566089 |
|    clip_fraction        | 0.091       |
|    clip_range           | 0.2         |
|    entropy_loss         | -1.71       |
|    explained_variance   | 0.787       |
|    learning_rate        | 0.0001      |
|    loss                 | 0.117       |
|    n_updates            | 1900        |
|    policy_gradient_loss | -0.00847    |
|    std                  | 0.584       |
|    value_loss           | 0.288       |
-----------------------------------------
[E2] ~8.5h remaining (228320 steps left @ 0.13s/step)
-----------------------------------------
| rollout/                |             |
|    ep_len_mean          | 9.54        |
|    ep_rew_mean          | 1.22        |
| time/                   |             |
|    eta_hours            | 8.51        |
|    fps                  | 6           |
|    iterations           | 140         |
|    sec_per_step         | 0.134       |
|    time_elapsed         | 11847       |
|    total_timesteps      | 100352      |
| train/                  |             |
|    approx_kl            | 0.008139264 |
|    clip_fraction        | 0.0758      |
|    clip_range           | 0.2         |
|    entropy_loss         | -1.71       |
|    explained_variance   | 0.816       |
|    learning_rate        | 0.0001      |
|    loss                 | 0.0975      |
|    n_updates            | 1910        |
|    policy_gradient_loss | -0.00952    |
|    std                  | 0.582       |
|    value_loss           | 0.237       |
-----------------------------------------
[E2] ~8.4h remaining (227808 steps left @ 0.13s/step)
-----------------------------------------
| rollout/                |             |
|    ep_len_mean          | 9.73        |
|    ep_rew_mean          | 1.23        |
| time/                   |             |
|    eta_hours            | 8.39        |
|    fps                  | 6           |
|    iterations           | 141         |
|    sec_per_step         | 0.133       |
|    time_elapsed         | 11913       |
|    total_timesteps      | 100864      |
| train/                  |             |
|    approx_kl            | 0.011486203 |
|    clip_fraction        | 0.126       |
|    clip_range           | 0.2         |
|    entropy_loss         | -1.7        |
|    explained_variance   | 0.786       |
|    learning_rate        | 0.0001      |
|    loss                 | 0.0985      |
|    n_updates            | 1920        |
|    policy_gradient_loss | -0.0142     |
|    std                  | 0.582       |
|    value_loss           | 0.3         |
-----------------------------------------
[E2] ~8.3h remaining (227296 steps left @ 0.13s/step)
-----------------------------------------
| rollout/                |             |
|    ep_len_mean          | 9.96        |
|    ep_rew_mean          | 1.21        |
| time/                   |             |
|    eta_hours            | 8.27        |
|    fps                  | 6           |
|    iterations           | 142         |
|    sec_per_step         | 0.131       |
|    time_elapsed         | 11978       |
|    total_timesteps      | 101376      |
| train/                  |             |
|    approx_kl            | 0.011695263 |
|    clip_fraction        | 0.108       |
|    clip_range           | 0.2         |
|    entropy_loss         | -1.7        |
|    explained_variance   | 0.797       |
|    learning_rate        | 0.0001      |
|    loss                 | 0.133       |
|    n_updates            | 1930        |
|    policy_gradient_loss | -0.0121     |
|    std                  | 0.58        |
|    value_loss           | 0.235       |
-----------------------------------------
[E2] ~8.3h remaining (226784 steps left @ 0.13s/step)
-----------------------------------------
| rollout/                |             |
|    ep_len_mean          | 10.1        |
|    ep_rew_mean          | 1.22        |
| time/                   |             |
|    eta_hours            | 8.31        |
|    fps                  | 6           |
|    iterations           | 143         |
|    sec_per_step         | 0.132       |
|    time_elapsed         | 12047       |
|    total_timesteps      | 101888      |
| train/                  |             |
|    approx_kl            | 0.011276928 |
|    clip_fraction        | 0.145       |
|    clip_range           | 0.2         |
|    entropy_loss         | -1.69       |
|    explained_variance   | 0.817       |
|    learning_rate        | 0.0001      |
|    loss                 | 0.0524      |
|    n_updates            | 1940        |
|    policy_gradient_loss | -0.0154     |
|    std                  | 0.579       |
|    value_loss           | 0.241       |
-----------------------------------------
[E2] ~8.0h remaining (226272 steps left @ 0.13s/step)
-----------------------------------------
| rollout/                |             |
|    ep_len_mean          | 9.85        |
|    ep_rew_mean          | 1.23        |
| time/                   |             |
|    eta_hours            | 8.03        |
|    fps                  | 6           |
|    iterations           | 144         |
|    sec_per_step         | 0.128       |
|    time_elapsed         | 12107       |
|    total_timesteps      | 102400      |
| train/                  |             |
|    approx_kl            | 0.008624588 |
|    clip_fraction        | 0.0703      |
|    clip_range           | 0.2         |
|    entropy_loss         | -1.69       |
|    explained_variance   | 0.817       |
|    learning_rate        | 0.0001      |
|    loss                 | 0.134       |
|    n_updates            | 1950        |
|    policy_gradient_loss | -0.00806    |
|    std                  | 0.577       |
|    value_loss           | 0.232       |
-----------------------------------------
[E2] ~8.0h remaining (225760 steps left @ 0.13s/step)
-----------------------------------------
| rollout/                |             |
|    ep_len_mean          | 9.79        |
|    ep_rew_mean          | 1.26        |
| time/                   |             |
|    eta_hours            | 8.04        |
|    fps                  | 6           |
|    iterations           | 145         |
|    sec_per_step         | 0.128       |
|    time_elapsed         | 12173       |
|    total_timesteps      | 102912      |
| train/                  |             |
|    approx_kl            | 0.011109897 |
|    clip_fraction        | 0.128       |
|    clip_range           | 0.2         |
|    entropy_loss         | -1.68       |
|    explained_variance   | 0.762       |
|    learning_rate        | 0.0001      |
|    loss                 | 0.106       |
|    n_updates            | 1960        |
|    policy_gradient_loss | -0.0139     |
|    std                  | 0.576       |
|    value_loss           | 0.302       |
-----------------------------------------
[E2] ~7.8h remaining (225248 steps left @ 0.13s/step)
----------------------------------------
| rollout/                |            |
|    ep_len_mean          | 9.89       |
|    ep_rew_mean          | 1.24       |
| time/                   |            |
|    eta_hours            | 7.84       |
|    fps                  | 6          |
|    iterations           | 146        |
|    sec_per_step         | 0.125      |
|    time_elapsed         | 12234      |
|    total_timesteps      | 103424     |
| train/                  |            |
|    approx_kl            | 0.00930487 |
|    clip_fraction        | 0.0906     |
|    clip_range           | 0.2        |
|    entropy_loss         | -1.68      |
|    explained_variance   | 0.834      |
|    learning_rate        | 0.0001     |
|    loss                 | 0.0726     |
|    n_updates            | 1970       |
|    policy_gradient_loss | -0.0113    |
|    std                  | 0.575      |
|    value_loss           | 0.2        |
----------------------------------------
[E2] ~7.8h remaining (224736 steps left @ 0.13s/step)
-----------------------------------------
| rollout/                |             |
|    ep_len_mean          | 9.92        |
|    ep_rew_mean          | 1.22        |
| time/                   |             |
|    eta_hours            | 7.82        |
|    fps                  | 6           |
|    iterations           | 147         |
|    sec_per_step         | 0.125       |
|    time_elapsed         | 12298       |
|    total_timesteps      | 103936      |
| train/                  |             |
|    approx_kl            | 0.012562417 |
|    clip_fraction        | 0.11        |
|    clip_range           | 0.2         |
|    entropy_loss         | -1.67       |
|    explained_variance   | 0.77        |
|    learning_rate        | 0.0001      |
|    loss                 | 0.136       |
|    n_updates            | 1980        |
|    policy_gradient_loss | -0.0131     |
|    std                  | 0.574       |
|    value_loss           | 0.29        |
-----------------------------------------
[E2] ~7.7h remaining (224224 steps left @ 0.12s/step)
-----------------------------------------
| rollout/                |             |
|    ep_len_mean          | 9.89        |
|    ep_rew_mean          | 1.26        |
| time/                   |             |
|    eta_hours            | 7.73        |
|    fps                  | 6           |
|    iterations           | 148         |
|    sec_per_step         | 0.124       |
|    time_elapsed         | 12360       |
|    total_timesteps      | 104448      |
| train/                  |             |
|    approx_kl            | 0.016367693 |
|    clip_fraction        | 0.145       |
|    clip_range           | 0.2         |
|    entropy_loss         | -1.67       |
|    explained_variance   | 0.847       |
|    learning_rate        | 0.0001      |
|    loss                 | 0.0437      |
|    n_updates            | 1990        |
|    policy_gradient_loss | -0.0169     |
|    std                  | 0.573       |
|    value_loss           | 0.198       |
-----------------------------------------
[E2] ~7.9h remaining (223712 steps left @ 0.13s/step)
-----------------------------------------
| rollout/                |             |
|    ep_len_mean          | 9.6         |
|    ep_rew_mean          | 1.27        |
| time/                   |             |
|    eta_hours            | 7.85        |
|    fps                  | 6           |
|    iterations           | 149         |
|    sec_per_step         | 0.126       |
|    time_elapsed         | 12428       |
|    total_timesteps      | 104960      |
| train/                  |             |
|    approx_kl            | 0.009238963 |
|    clip_fraction        | 0.0824      |
|    clip_range           | 0.2         |
|    entropy_loss         | -1.67       |
|    explained_variance   | 0.855       |
|    learning_rate        | 0.0001      |
|    loss                 | 0.0685      |
|    n_updates            | 2000        |
|    policy_gradient_loss | -0.00804    |
|    std                  | 0.572       |
|    value_loss           | 0.203       |
-----------------------------------------
[E2] ~7.7h remaining (223200 steps left @ 0.12s/step)
-----------------------------------------
| rollout/                |             |
|    ep_len_mean          | 9.33        |
|    ep_rew_mean          | 1.25        |
| time/                   |             |
|    eta_hours            | 7.74        |
|    fps                  | 6           |
|    iterations           | 150         |
|    sec_per_step         | 0.125       |
|    time_elapsed         | 12490       |
|    total_timesteps      | 105472      |
| train/                  |             |
|    approx_kl            | 0.010551283 |
|    clip_fraction        | 0.0982      |
|    clip_range           | 0.2         |
|    entropy_loss         | -1.66       |
|    explained_variance   | 0.816       |
|    learning_rate        | 0.0001      |
|    loss                 | 0.108       |
|    n_updates            | 2010        |
|    policy_gradient_loss | -0.0111     |
|    std                  | 0.571       |
|    value_loss           | 0.251       |
-----------------------------------------
[E2] ~7.5h remaining (222688 steps left @ 0.12s/step)
-----------------------------------------
| rollout/                |             |
|    ep_len_mean          | 9.26        |
|    ep_rew_mean          | 1.25        |
| time/                   |             |
|    eta_hours            | 7.49        |
|    fps                  | 6           |
|    iterations           | 151         |
|    sec_per_step         | 0.121       |
|    time_elapsed         | 12547       |
|    total_timesteps      | 105984      |
| train/                  |             |
|    approx_kl            | 0.017877532 |
|    clip_fraction        | 0.168       |
|    clip_range           | 0.2         |
|    entropy_loss         | -1.66       |
|    explained_variance   | 0.79        |
|    learning_rate        | 0.0001      |
|    loss                 | 0.165       |
|    n_updates            | 2020        |
|    policy_gradient_loss | -0.0164     |
|    std                  | 0.57        |
|    value_loss           | 0.293       |
-----------------------------------------
[E2] ~7.4h remaining (222176 steps left @ 0.12s/step)
-----------------------------------------
| rollout/                |             |
|    ep_len_mean          | 9.34        |
|    ep_rew_mean          | 1.25        |
| time/                   |             |
|    eta_hours            | 7.38        |
|    fps                  | 6           |
|    iterations           | 152         |
|    sec_per_step         | 0.12        |
|    time_elapsed         | 12606       |
|    total_timesteps      | 106496      |
| train/                  |             |
|    approx_kl            | 0.010774871 |
|    clip_fraction        | 0.0854      |
|    clip_range           | 0.2         |
|    entropy_loss         | -1.65       |
|    explained_variance   | 0.825       |
|    learning_rate        | 0.0001      |
|    loss                 | 0.0707      |
|    n_updates            | 2030        |
|    policy_gradient_loss | -0.0127     |
|    std                  | 0.568       |
|    value_loss           | 0.255       |
-----------------------------------------
[E2] ~7.6h remaining (221664 steps left @ 0.12s/step)
------------------------------------------
| rollout/                |              |
|    ep_len_mean          | 9.28         |
|    ep_rew_mean          | 1.23         |
| time/                   |              |
|    eta_hours            | 7.62         |
|    fps                  | 6            |
|    iterations           | 153          |
|    sec_per_step         | 0.124        |
|    time_elapsed         | 12675        |
|    total_timesteps      | 107008       |
| train/                  |              |
|    approx_kl            | 0.0075340644 |
|    clip_fraction        | 0.0768       |
|    clip_range           | 0.2          |
|    entropy_loss         | -1.64        |
|    explained_variance   | 0.855        |
|    learning_rate        | 0.0001       |
|    loss                 | 0.056        |
|    n_updates            | 2040         |
|    policy_gradient_loss | -0.0111      |
|    std                  | 0.565        |
|    value_loss           | 0.194        |
------------------------------------------
[E2] ~7.7h remaining (221152 steps left @ 0.13s/step)
-----------------------------------------
| rollout/                |             |
|    ep_len_mean          | 9.52        |
|    ep_rew_mean          | 1.21        |
| time/                   |             |
|    eta_hours            | 7.75        |
|    fps                  | 6           |
|    iterations           | 154         |
|    sec_per_step         | 0.126       |
|    time_elapsed         | 12742       |
|    total_timesteps      | 107520      |
| train/                  |             |
|    approx_kl            | 0.011758193 |
|    clip_fraction        | 0.111       |
|    clip_range           | 0.2         |
|    entropy_loss         | -1.64       |
|    explained_variance   | 0.814       |
|    learning_rate        | 0.0001      |
|    loss                 | 0.0271      |
|    n_updates            | 2050        |
|    policy_gradient_loss | -0.0097     |
|    std                  | 0.564       |
|    value_loss           | 0.242       |
-----------------------------------------
[E2] ~8.0h remaining (220640 steps left @ 0.13s/step)
-----------------------------------------
| rollout/                |             |
|    ep_len_mean          | 9.68        |
|    ep_rew_mean          | 1.2         |
| time/                   |             |
|    eta_hours            | 8.01        |
|    fps                  | 6           |
|    iterations           | 155         |
|    sec_per_step         | 0.131       |
|    time_elapsed         | 12815       |
|    total_timesteps      | 108032      |
| train/                  |             |
|    approx_kl            | 0.010267043 |
|    clip_fraction        | 0.0977      |
|    clip_range           | 0.2         |
|    entropy_loss         | -1.64       |
|    explained_variance   | 0.812       |
|    learning_rate        | 0.0001      |
|    loss                 | 0.0884      |
|    n_updates            | 2060        |
|    policy_gradient_loss | -0.0174     |
|    std                  | 0.564       |
|    value_loss           | 0.244       |
-----------------------------------------
[E2] ~7.9h remaining (220128 steps left @ 0.13s/step)
-----------------------------------------
| rollout/                |             |
|    ep_len_mean          | 9.56        |
|    ep_rew_mean          | 1.21        |
| time/                   |             |
|    eta_hours            | 7.87        |
|    fps                  | 6           |
|    iterations           | 156         |
|    sec_per_step         | 0.129       |
|    time_elapsed         | 12878       |
|    total_timesteps      | 108544      |
| train/                  |             |
|    approx_kl            | 0.017084626 |
|    clip_fraction        | 0.143       |
|    clip_range           | 0.2         |
|    entropy_loss         | -1.63       |
|    explained_variance   | 0.829       |
|    learning_rate        | 0.0001      |
|    loss                 | 0.0466      |
|    n_updates            | 2070        |
|    policy_gradient_loss | -0.0174     |
|    std                  | 0.563       |
|    value_loss           | 0.214       |
-----------------------------------------
[E2 eval @ step 108673]  MAPE=4.41%  p90=6.70%  success(<5%)=75.0%  mean_scan_time=534.2s
[E2 eval]  → new best MAPE 4.41% saved to runs/e2/mf_runB_5sphere_560s_gpu/stage4_full/best
[MF global-best] candidate from full/stage_eval_full screened at 4.41% but confirmed at 6.31% >= current best 5.19%
[E2] ~8.6h remaining (219616 steps left @ 0.14s/step)
-----------------------------------------
| rollout/                |             |
|    ep_len_mean          | 9.52        |
|    ep_rew_mean          | 1.24        |
| time/                   |             |
|    eta_hours            | 8.6         |
|    fps                  | 6           |
|    iterations           | 157         |
|    sec_per_step         | 0.141       |
|    time_elapsed         | 12965       |
|    total_timesteps      | 109056      |
| train/                  |             |
|    approx_kl            | 0.013495228 |
|    clip_fraction        | 0.14        |
|    clip_range           | 0.2         |
|    entropy_loss         | -1.63       |
|    explained_variance   | 0.801       |
|    learning_rate        | 0.0001      |
|    loss                 | 0.0826      |
|    n_updates            | 2080        |
|    policy_gradient_loss | -0.0112     |
|    std                  | 0.562       |
|    value_loss           | 0.256       |
-----------------------------------------
[E2] ~8.2h remaining (219104 steps left @ 0.14s/step)
-----------------------------------------
| rollout/                |             |
|    ep_len_mean          | 9.42        |
|    ep_rew_mean          | 1.19        |
| time/                   |             |
|    eta_hours            | 8.22        |
|    fps                  | 6           |
|    iterations           | 158         |
|    sec_per_step         | 0.135       |
|    time_elapsed         | 13027       |
|    total_timesteps      | 109568      |
| train/                  |             |
|    approx_kl            | 0.010331042 |
|    clip_fraction        | 0.115       |
|    clip_range           | 0.2         |
|    entropy_loss         | -1.63       |
|    explained_variance   | 0.813       |
|    learning_rate        | 0.0001      |
|    loss                 | 0.113       |
|    n_updates            | 2090        |
|    policy_gradient_loss | -0.0162     |
|    std                  | 0.562       |
|    value_loss           | 0.253       |
-----------------------------------------
[E2] ~8.2h remaining (218592 steps left @ 0.13s/step)
-----------------------------------------
| rollout/                |             |
|    ep_len_mean          | 9.36        |
|    ep_rew_mean          | 1.21        |
| time/                   |             |
|    eta_hours            | 8.17        |
|    fps                  | 6           |
|    iterations           | 159         |
|    sec_per_step         | 0.135       |
|    time_elapsed         | 13095       |
|    total_timesteps      | 110080      |
| train/                  |             |
|    approx_kl            | 0.010470056 |
|    clip_fraction        | 0.105       |
|    clip_range           | 0.2         |
|    entropy_loss         | -1.62       |
|    explained_variance   | 0.797       |
|    learning_rate        | 0.0001      |
|    loss                 | 0.144       |
|    n_updates            | 2100        |
|    policy_gradient_loss | -0.0151     |
|    std                  | 0.561       |
|    value_loss           | 0.257       |
-----------------------------------------
[E2] ~8.0h remaining (218080 steps left @ 0.13s/step)
-----------------------------------------
| rollout/                |             |
|    ep_len_mean          | 9.26        |
|    ep_rew_mean          | 1.24        |
| time/                   |             |
|    eta_hours            | 7.97        |
|    fps                  | 6           |
|    iterations           | 160         |
|    sec_per_step         | 0.132       |
|    time_elapsed         | 13159       |
|    total_timesteps      | 110592      |
| train/                  |             |
|    approx_kl            | 0.011769083 |
|    clip_fraction        | 0.127       |
|    clip_range           | 0.2         |
|    entropy_loss         | -1.62       |
|    explained_variance   | 0.813       |
|    learning_rate        | 0.0001      |
|    loss                 | 0.116       |
|    n_updates            | 2110        |
|    policy_gradient_loss | -0.0151     |
|    std                  | 0.559       |
|    value_loss           | 0.249       |
-----------------------------------------
[E2] ~7.9h remaining (217568 steps left @ 0.13s/step)
-----------------------------------------
| rollout/                |             |
|    ep_len_mean          | 9.28        |
|    ep_rew_mean          | 1.24        |
| time/                   |             |
|    eta_hours            | 7.91        |
|    fps                  | 6           |
|    iterations           | 161         |
|    sec_per_step         | 0.131       |
|    time_elapsed         | 13225       |
|    total_timesteps      | 111104      |
| train/                  |             |
|    approx_kl            | 0.010153221 |
|    clip_fraction        | 0.129       |
|    clip_range           | 0.2         |
|    entropy_loss         | -1.61       |
|    explained_variance   | 0.781       |
|    learning_rate        | 0.0001      |
|    loss                 | 0.139       |
|    n_updates            | 2120        |
|    policy_gradient_loss | -0.0173     |
|    std                  | 0.557       |
|    value_loss           | 0.283       |
-----------------------------------------
[E2] ~7.8h remaining (217056 steps left @ 0.13s/step)
-----------------------------------------
| rollout/                |             |
|    ep_len_mean          | 9.36        |
|    ep_rew_mean          | 1.22        |
| time/                   |             |
|    eta_hours            | 7.79        |
|    fps                  | 6           |
|    iterations           | 162         |
|    sec_per_step         | 0.129       |
|    time_elapsed         | 13290       |
|    total_timesteps      | 111616      |
| train/                  |             |
|    approx_kl            | 0.007978121 |
|    clip_fraction        | 0.0789      |
|    clip_range           | 0.2         |
|    entropy_loss         | -1.61       |
|    explained_variance   | 0.806       |
|    learning_rate        | 0.0001      |
|    loss                 | 0.0853      |
|    n_updates            | 2130        |
|    policy_gradient_loss | -0.00784    |
|    std                  | 0.557       |
|    value_loss           | 0.247       |
-----------------------------------------
[E2] ~7.7h remaining (216544 steps left @ 0.13s/step)
------------------------------------------
| rollout/                |              |
|    ep_len_mean          | 9.09         |
|    ep_rew_mean          | 1.23         |
| time/                   |              |
|    eta_hours            | 7.67         |
|    fps                  | 6            |
|    iterations           | 163          |
|    sec_per_step         | 0.128        |
|    time_elapsed         | 13353        |
|    total_timesteps      | 112128       |
| train/                  |              |
|    approx_kl            | 0.0051387446 |
|    clip_fraction        | 0.0395       |
|    clip_range           | 0.2          |
|    entropy_loss         | -1.61        |
|    explained_variance   | 0.789        |
|    learning_rate        | 0.0001       |
|    loss                 | 0.12         |
|    n_updates            | 2140         |
|    policy_gradient_loss | -0.00619     |
|    std                  | 0.557        |
|    value_loss           | 0.262        |
------------------------------------------
[E2] ~7.6h remaining (216032 steps left @ 0.13s/step)
------------------------------------------
| rollout/                |              |
|    ep_len_mean          | 9.06         |
|    ep_rew_mean          | 1.21         |
| time/                   |              |
|    eta_hours            | 7.59         |
|    fps                  | 6            |
|    iterations           | 164          |
|    sec_per_step         | 0.126        |
|    time_elapsed         | 13416        |
|    total_timesteps      | 112640       |
| train/                  |              |
|    approx_kl            | 0.0116960425 |
|    clip_fraction        | 0.111        |
|    clip_range           | 0.2          |
|    entropy_loss         | -1.61        |
|    explained_variance   | 0.798        |
|    learning_rate        | 0.0001       |
|    loss                 | 0.115        |
|    n_updates            | 2150         |
|    policy_gradient_loss | -0.0147      |
|    std                  | 0.557        |
|    value_loss           | 0.271        |
------------------------------------------
[E2] ~7.5h remaining (215520 steps left @ 0.13s/step)
-----------------------------------------
| rollout/                |             |
|    ep_len_mean          | 9.04        |
|    ep_rew_mean          | 1.24        |
| time/                   |             |
|    eta_hours            | 7.51        |
|    fps                  | 6           |
|    iterations           | 165         |
|    sec_per_step         | 0.126       |
|    time_elapsed         | 13480       |
|    total_timesteps      | 113152      |
| train/                  |             |
|    approx_kl            | 0.007317762 |
|    clip_fraction        | 0.0477      |
|    clip_range           | 0.2         |
|    entropy_loss         | -1.61       |
|    explained_variance   | 0.755       |
|    learning_rate        | 0.0001      |
|    loss                 | 0.232       |
|    n_updates            | 2160        |
|    policy_gradient_loss | -0.00899    |
|    std                  | 0.556       |
|    value_loss           | 0.327       |
-----------------------------------------
[E2] ~7.5h remaining (215008 steps left @ 0.13s/step)
-----------------------------------------
| rollout/                |             |
|    ep_len_mean          | 9.16        |
|    ep_rew_mean          | 1.24        |
| time/                   |             |
|    eta_hours            | 7.47        |
|    fps                  | 6           |
|    iterations           | 166         |
|    sec_per_step         | 0.125       |
|    time_elapsed         | 13543       |
|    total_timesteps      | 113664      |
| train/                  |             |
|    approx_kl            | 0.009804567 |
|    clip_fraction        | 0.0959      |
|    clip_range           | 0.2         |
|    entropy_loss         | -1.6        |
|    explained_variance   | 0.817       |
|    learning_rate        | 0.0001      |
|    loss                 | 0.0903      |
|    n_updates            | 2170        |
|    policy_gradient_loss | -0.00786    |
|    std                  | 0.556       |
|    value_loss           | 0.257       |
-----------------------------------------
[E2] ~7.4h remaining (214496 steps left @ 0.12s/step)
------------------------------------------
| rollout/                |              |
|    ep_len_mean          | 9.39         |
|    ep_rew_mean          | 1.25         |
| time/                   |              |
|    eta_hours            | 7.44         |
|    fps                  | 6            |
|    iterations           | 167          |
|    sec_per_step         | 0.125        |
|    time_elapsed         | 13607        |
|    total_timesteps      | 114176       |
| train/                  |              |
|    approx_kl            | 0.0065597845 |
|    clip_fraction        | 0.0717       |
|    clip_range           | 0.2          |
|    entropy_loss         | -1.6         |
|    explained_variance   | 0.841        |
|    learning_rate        | 0.0001       |
|    loss                 | 0.0611       |
|    n_updates            | 2180         |
|    policy_gradient_loss | -0.00558     |
|    std                  | 0.555        |
|    value_loss           | 0.217        |
------------------------------------------
[E2] ~7.4h remaining (213984 steps left @ 0.12s/step)
-----------------------------------------
| rollout/                |             |
|    ep_len_mean          | 9.36        |
|    ep_rew_mean          | 1.23        |
| time/                   |             |
|    eta_hours            | 7.41        |
|    fps                  | 6           |
|    iterations           | 168         |
|    sec_per_step         | 0.125       |
|    time_elapsed         | 13670       |
|    total_timesteps      | 114688      |
| train/                  |             |
|    approx_kl            | 0.012971254 |
|    clip_fraction        | 0.0988      |
|    clip_range           | 0.2         |
|    entropy_loss         | -1.6        |
|    explained_variance   | 0.835       |
|    learning_rate        | 0.0001      |
|    loss                 | 0.0571      |
|    n_updates            | 2190        |
|    policy_gradient_loss | -0.0124     |
|    std                  | 0.554       |
|    value_loss           | 0.197       |
-----------------------------------------
[E2] ~7.3h remaining (213472 steps left @ 0.12s/step)
-----------------------------------------
| rollout/                |             |
|    ep_len_mean          | 9.28        |
|    ep_rew_mean          | 1.24        |
| time/                   |             |
|    eta_hours            | 7.33        |
|    fps                  | 6           |
|    iterations           | 169         |
|    sec_per_step         | 0.124       |
|    time_elapsed         | 13732       |
|    total_timesteps      | 115200      |
| train/                  |             |
|    approx_kl            | 0.009986211 |
|    clip_fraction        | 0.0891      |
|    clip_range           | 0.2         |
|    entropy_loss         | -1.59       |
|    explained_variance   | 0.822       |
|    learning_rate        | 0.0001      |
|    loss                 | 0.0694      |
|    n_updates            | 2200        |
|    policy_gradient_loss | -0.00824    |
|    std                  | 0.553       |
|    value_loss           | 0.243       |
-----------------------------------------
[E2] ~7.4h remaining (212960 steps left @ 0.12s/step)
-----------------------------------------
| rollout/                |             |
|    ep_len_mean          | 9.27        |
|    ep_rew_mean          | 1.24        |
| time/                   |             |
|    eta_hours            | 7.39        |
|    fps                  | 6           |
|    iterations           | 170         |
|    sec_per_step         | 0.125       |
|    time_elapsed         | 13798       |
|    total_timesteps      | 115712      |
| train/                  |             |
|    approx_kl            | 0.010008821 |
|    clip_fraction        | 0.111       |
|    clip_range           | 0.2         |
|    entropy_loss         | -1.58       |
|    explained_variance   | 0.824       |
|    learning_rate        | 0.0001      |
|    loss                 | 0.101       |
|    n_updates            | 2210        |
|    policy_gradient_loss | -0.0127     |
|    std                  | 0.55        |
|    value_loss           | 0.253       |
-----------------------------------------
[E2] ~7.4h remaining (212448 steps left @ 0.12s/step)
-----------------------------------------
| rollout/                |             |
|    ep_len_mean          | 9.28        |
|    ep_rew_mean          | 1.23        |
| time/                   |             |
|    eta_hours            | 7.36        |
|    fps                  | 6           |
|    iterations           | 171         |
|    sec_per_step         | 0.125       |
|    time_elapsed         | 13861       |
|    total_timesteps      | 116224      |
| train/                  |             |
|    approx_kl            | 0.012543551 |
|    clip_fraction        | 0.131       |
|    clip_range           | 0.2         |
|    entropy_loss         | -1.58       |
|    explained_variance   | 0.829       |
|    learning_rate        | 0.0001      |
|    loss                 | 0.0893      |
|    n_updates            | 2220        |
|    policy_gradient_loss | -0.0143     |
|    std                  | 0.55        |
|    value_loss           | 0.234       |
-----------------------------------------
[E2] ~7.3h remaining (211936 steps left @ 0.12s/step)
-----------------------------------------
| rollout/                |             |
|    ep_len_mean          | 9.3         |
|    ep_rew_mean          | 1.22        |
| time/                   |             |
|    eta_hours            | 7.29        |
|    fps                  | 6           |
|    iterations           | 172         |
|    sec_per_step         | 0.124       |
|    time_elapsed         | 13924       |
|    total_timesteps      | 116736      |
| train/                  |             |
|    approx_kl            | 0.011727804 |
|    clip_fraction        | 0.113       |
|    clip_range           | 0.2         |
|    entropy_loss         | -1.58       |
|    explained_variance   | 0.834       |
|    learning_rate        | 0.0001      |
|    loss                 | 0.131       |
|    n_updates            | 2230        |
|    policy_gradient_loss | -0.0149     |
|    std                  | 0.55        |
|    value_loss           | 0.228       |
-----------------------------------------
[E2] ~7.3h remaining (211424 steps left @ 0.12s/step)
-----------------------------------------
| rollout/                |             |
|    ep_len_mean          | 9.17        |
|    ep_rew_mean          | 1.23        |
| time/                   |             |
|    eta_hours            | 7.3         |
|    fps                  | 6           |
|    iterations           | 173         |
|    sec_per_step         | 0.124       |
|    time_elapsed         | 13988       |
|    total_timesteps      | 117248      |
| train/                  |             |
|    approx_kl            | 0.011765231 |
|    clip_fraction        | 0.114       |
|    clip_range           | 0.2         |
|    entropy_loss         | -1.57       |
|    explained_variance   | 0.804       |
|    learning_rate        | 0.0001      |
|    loss                 | 0.0953      |
|    n_updates            | 2240        |
|    policy_gradient_loss | -0.0112     |
|    std                  | 0.549       |
|    value_loss           | 0.258       |
-----------------------------------------
[E2] ~7.3h remaining (210912 steps left @ 0.12s/step)
-----------------------------------------
| rollout/                |             |
|    ep_len_mean          | 9.28        |
|    ep_rew_mean          | 1.24        |
| time/                   |             |
|    eta_hours            | 7.26        |
|    fps                  | 6           |
|    iterations           | 174         |
|    sec_per_step         | 0.124       |
|    time_elapsed         | 14051       |
|    total_timesteps      | 117760      |
| train/                  |             |
|    approx_kl            | 0.012519936 |
|    clip_fraction        | 0.127       |
|    clip_range           | 0.2         |
|    entropy_loss         | -1.57       |
|    explained_variance   | 0.832       |
|    learning_rate        | 0.0001      |
|    loss                 | 0.109       |
|    n_updates            | 2250        |
|    policy_gradient_loss | -0.017      |
|    std                  | 0.546       |
|    value_loss           | 0.224       |
-----------------------------------------
[E2] ~7.2h remaining (210400 steps left @ 0.12s/step)
-----------------------------------------
| rollout/                |             |
|    ep_len_mean          | 9.48        |
|    ep_rew_mean          | 1.23        |
| time/                   |             |
|    eta_hours            | 7.25        |
|    fps                  | 6           |
|    iterations           | 175         |
|    sec_per_step         | 0.124       |
|    time_elapsed         | 14115       |
|    total_timesteps      | 118272      |
| train/                  |             |
|    approx_kl            | 0.013083091 |
|    clip_fraction        | 0.127       |
|    clip_range           | 0.2         |
|    entropy_loss         | -1.56       |
|    explained_variance   | 0.8         |
|    learning_rate        | 0.0001      |
|    loss                 | 0.0806      |
|    n_updates            | 2260        |
|    policy_gradient_loss | -0.0151     |
|    std                  | 0.545       |
|    value_loss           | 0.261       |
-----------------------------------------
[E2 eval @ step 118673]  MAPE=5.43%  p90=8.24%  success(<5%)=55.0%  mean_scan_time=532.9s
[E2] ~7.7h remaining (209888 steps left @ 0.13s/step)
-----------------------------------------
| rollout/                |             |
|    ep_len_mean          | 9.75        |
|    ep_rew_mean          | 1.21        |
| time/                   |             |
|    eta_hours            | 7.65        |
|    fps                  | 6           |
|    iterations           | 176         |
|    sec_per_step         | 0.131       |
|    time_elapsed         | 14190       |
|    total_timesteps      | 118784      |
| train/                  |             |
|    approx_kl            | 0.009171519 |
|    clip_fraction        | 0.107       |
|    clip_range           | 0.2         |
|    entropy_loss         | -1.56       |
|    explained_variance   | 0.802       |
|    learning_rate        | 0.0001      |
|    loss                 | 0.107       |
|    n_updates            | 2270        |
|    policy_gradient_loss | -0.012      |
|    std                  | 0.544       |
|    value_loss           | 0.267       |
-----------------------------------------
[E2] ~7.6h remaining (209376 steps left @ 0.13s/step)
-----------------------------------------
| rollout/                |             |
|    ep_len_mean          | 10          |
|    ep_rew_mean          | 1.22        |
| time/                   |             |
|    eta_hours            | 7.57        |
|    fps                  | 6           |
|    iterations           | 177         |
|    sec_per_step         | 0.13        |
|    time_elapsed         | 14256       |
|    total_timesteps      | 119296      |
| train/                  |             |
|    approx_kl            | 0.010602046 |
|    clip_fraction        | 0.0908      |
|    clip_range           | 0.2         |
|    entropy_loss         | -1.55       |
|    explained_variance   | 0.823       |
|    learning_rate        | 0.0001      |
|    loss                 | 0.0849      |
|    n_updates            | 2280        |
|    policy_gradient_loss | -0.00938    |
|    std                  | 0.543       |
|    value_loss           | 0.219       |
-----------------------------------------
[E2] ~7.4h remaining (208864 steps left @ 0.13s/step)
-----------------------------------------
| rollout/                |             |
|    ep_len_mean          | 9.93        |
|    ep_rew_mean          | 1.21        |
| time/                   |             |
|    eta_hours            | 7.45        |
|    fps                  | 6           |
|    iterations           | 178         |
|    sec_per_step         | 0.128       |
|    time_elapsed         | 14319       |
|    total_timesteps      | 119808      |
| train/                  |             |
|    approx_kl            | 0.009373344 |
|    clip_fraction        | 0.0813      |
|    clip_range           | 0.2         |
|    entropy_loss         | -1.55       |
|    explained_variance   | 0.822       |
|    learning_rate        | 0.0001      |
|    loss                 | 0.0889      |
|    n_updates            | 2290        |
|    policy_gradient_loss | -0.0109     |
|    std                  | 0.542       |
|    value_loss           | 0.228       |
-----------------------------------------
[E2] ~7.4h remaining (208352 steps left @ 0.13s/step)
-----------------------------------------
| rollout/                |             |
|    ep_len_mean          | 9.5         |
|    ep_rew_mean          | 1.18        |
| time/                   |             |
|    eta_hours            | 7.42        |
|    fps                  | 6           |
|    iterations           | 179         |
|    sec_per_step         | 0.128       |
|    time_elapsed         | 14385       |
|    total_timesteps      | 120320      |
| train/                  |             |
|    approx_kl            | 0.011055249 |
|    clip_fraction        | 0.0873      |
|    clip_range           | 0.2         |
|    entropy_loss         | -1.55       |
|    explained_variance   | 0.824       |
|    learning_rate        | 0.0001      |
|    loss                 | 0.094       |
|    n_updates            | 2300        |
|    policy_gradient_loss | -0.0092     |
|    std                  | 0.541       |
|    value_loss           | 0.203       |
-----------------------------------------
[E2] ~7.3h remaining (207840 steps left @ 0.13s/step)
-----------------------------------------
| rollout/                |             |
|    ep_len_mean          | 9.61        |
|    ep_rew_mean          | 1.21        |
| time/                   |             |
|    eta_hours            | 7.35        |
|    fps                  | 6           |
|    iterations           | 180         |
|    sec_per_step         | 0.127       |
|    time_elapsed         | 14449       |
|    total_timesteps      | 120832      |
| train/                  |             |
|    approx_kl            | 0.010177128 |
|    clip_fraction        | 0.123       |
|    clip_range           | 0.2         |
|    entropy_loss         | -1.54       |
|    explained_variance   | 0.782       |
|    learning_rate        | 0.0001      |
|    loss                 | 0.0664      |
|    n_updates            | 2310        |
|    policy_gradient_loss | -0.0109     |
|    std                  | 0.541       |
|    value_loss           | 0.288       |
-----------------------------------------
[E2] ~7.3h remaining (207328 steps left @ 0.13s/step)
------------------------------------------
| rollout/                |              |
|    ep_len_mean          | 10           |
|    ep_rew_mean          | 1.26         |
| time/                   |              |
|    eta_hours            | 7.34         |
|    fps                  | 6            |
|    iterations           | 181          |
|    sec_per_step         | 0.127        |
|    time_elapsed         | 14514        |
|    total_timesteps      | 121344       |
| train/                  |              |
|    approx_kl            | 0.0097630685 |
|    clip_fraction        | 0.0805       |
|    clip_range           | 0.2          |
|    entropy_loss         | -1.54        |
|    explained_variance   | 0.86         |
|    learning_rate        | 0.0001       |
|    loss                 | 0.0728       |
|    n_updates            | 2320         |
|    policy_gradient_loss | -0.0115      |
|    std                  | 0.541        |
|    value_loss           | 0.186        |
------------------------------------------
[E2] ~7.3h remaining (206816 steps left @ 0.13s/step)
------------------------------------------
| rollout/                |              |
|    ep_len_mean          | 9.82         |
|    ep_rew_mean          | 1.23         |
| time/                   |              |
|    eta_hours            | 7.29         |
|    fps                  | 6            |
|    iterations           | 182          |
|    sec_per_step         | 0.127        |
|    time_elapsed         | 14578        |
|    total_timesteps      | 121856       |
| train/                  |              |
|    approx_kl            | 0.0139988605 |
|    clip_fraction        | 0.119        |
|    clip_range           | 0.2          |
|    entropy_loss         | -1.54        |
|    explained_variance   | 0.817        |
|    learning_rate        | 0.0001       |
|    loss                 | 0.117        |
|    n_updates            | 2330         |
|    policy_gradient_loss | -0.0137      |
|    std                  | 0.542        |
|    value_loss           | 0.233        |
------------------------------------------
[E2] ~7.4h remaining (206304 steps left @ 0.13s/step)
-----------------------------------------
| rollout/                |             |
|    ep_len_mean          | 9.8         |
|    ep_rew_mean          | 1.21        |
| time/                   |             |
|    eta_hours            | 7.37        |
|    fps                  | 6           |
|    iterations           | 183         |
|    sec_per_step         | 0.129       |
|    time_elapsed         | 14646       |
|    total_timesteps      | 122368      |
| train/                  |             |
|    approx_kl            | 0.008567976 |
|    clip_fraction        | 0.101       |
|    clip_range           | 0.2         |
|    entropy_loss         | -1.54       |
|    explained_variance   | 0.812       |
|    learning_rate        | 0.0001      |
|    loss                 | 0.0556      |
|    n_updates            | 2340        |
|    policy_gradient_loss | -0.014      |
|    std                  | 0.541       |
|    value_loss           | 0.229       |
-----------------------------------------
[E2] ~7.4h remaining (205792 steps left @ 0.13s/step)
-----------------------------------------
| rollout/                |             |
|    ep_len_mean          | 10.1        |
|    ep_rew_mean          | 1.24        |
| time/                   |             |
|    eta_hours            | 7.4         |
|    fps                  | 6           |
|    iterations           | 184         |
|    sec_per_step         | 0.129       |
|    time_elapsed         | 14714       |
|    total_timesteps      | 122880      |
| train/                  |             |
|    approx_kl            | 0.009404315 |
|    clip_fraction        | 0.083       |
|    clip_range           | 0.2         |
|    entropy_loss         | -1.54       |
|    explained_variance   | 0.802       |
|    learning_rate        | 0.0001      |
|    loss                 | 0.0708      |
|    n_updates            | 2350        |
|    policy_gradient_loss | -0.00939    |
|    std                  | 0.541       |
|    value_loss           | 0.259       |
-----------------------------------------
[E2] ~7.2h remaining (205280 steps left @ 0.13s/step)
-----------------------------------------
| rollout/                |             |
|    ep_len_mean          | 9.85        |
|    ep_rew_mean          | 1.24        |
| time/                   |             |
|    eta_hours            | 7.21        |
|    fps                  | 6           |
|    iterations           | 185         |
|    sec_per_step         | 0.126       |
|    time_elapsed         | 14775       |
|    total_timesteps      | 123392      |
| train/                  |             |
|    approx_kl            | 0.010787508 |
|    clip_fraction        | 0.104       |
|    clip_range           | 0.2         |
|    entropy_loss         | -1.54       |
|    explained_variance   | 0.805       |
|    learning_rate        | 0.0001      |
|    loss                 | 0.114       |
|    n_updates            | 2360        |
|    policy_gradient_loss | -0.0119     |
|    std                  | 0.541       |
|    value_loss           | 0.254       |
-----------------------------------------
[E2] ~7.0h remaining (204768 steps left @ 0.12s/step)
-----------------------------------------
| rollout/                |             |
|    ep_len_mean          | 9.8         |
|    ep_rew_mean          | 1.23        |
| time/                   |             |
|    eta_hours            | 6.99        |
|    fps                  | 6           |
|    iterations           | 186         |
|    sec_per_step         | 0.123       |
|    time_elapsed         | 14833       |
|    total_timesteps      | 123904      |
| train/                  |             |
|    approx_kl            | 0.019395486 |
|    clip_fraction        | 0.155       |
|    clip_range           | 0.2         |
|    entropy_loss         | -1.54       |
|    explained_variance   | 0.791       |
|    learning_rate        | 0.0001      |
|    loss                 | 0.101       |
|    n_updates            | 2370        |
|    policy_gradient_loss | -0.0222     |
|    std                  | 0.54        |
|    value_loss           | 0.272       |
-----------------------------------------
[E2] ~7.0h remaining (204256 steps left @ 0.12s/step)
-----------------------------------------
| rollout/                |             |
|    ep_len_mean          | 9.82        |
|    ep_rew_mean          | 1.21        |
| time/                   |             |
|    eta_hours            | 7.03        |
|    fps                  | 6           |
|    iterations           | 187         |
|    sec_per_step         | 0.124       |
|    time_elapsed         | 14898       |
|    total_timesteps      | 124416      |
| train/                  |             |
|    approx_kl            | 0.010076832 |
|    clip_fraction        | 0.114       |
|    clip_range           | 0.2         |
|    entropy_loss         | -1.53       |
|    explained_variance   | 0.872       |
|    learning_rate        | 0.0001      |
|    loss                 | 0.0373      |
|    n_updates            | 2380        |
|    policy_gradient_loss | -0.0133     |
|    std                  | 0.538       |
|    value_loss           | 0.165       |
-----------------------------------------
[E2] ~7.1h remaining (203744 steps left @ 0.13s/step)
------------------------------------------
| rollout/                |              |
|    ep_len_mean          | 9.84         |
|    ep_rew_mean          | 1.22         |
| time/                   |              |
|    eta_hours            | 7.1          |
|    fps                  | 6            |
|    iterations           | 188          |
|    sec_per_step         | 0.125        |
|    time_elapsed         | 14964        |
|    total_timesteps      | 124928       |
| train/                  |              |
|    approx_kl            | 0.0151528865 |
|    clip_fraction        | 0.159        |
|    clip_range           | 0.2          |
|    entropy_loss         | -1.53        |
|    explained_variance   | 0.788        |
|    learning_rate        | 0.0001       |
|    loss                 | 0.146        |
|    n_updates            | 2390         |
|    policy_gradient_loss | -0.012       |
|    std                  | 0.538        |
|    value_loss           | 0.27         |
------------------------------------------
[E2] ~7.2h remaining (203232 steps left @ 0.13s/step)
-----------------------------------------
| rollout/                |             |
|    ep_len_mean          | 9.78        |
|    ep_rew_mean          | 1.23        |
| time/                   |             |
|    eta_hours            | 7.18        |
|    fps                  | 6           |
|    iterations           | 189         |
|    sec_per_step         | 0.127       |
|    time_elapsed         | 15031       |
|    total_timesteps      | 125440      |
| train/                  |             |
|    approx_kl            | 0.009867581 |
|    clip_fraction        | 0.114       |
|    clip_range           | 0.2         |
|    entropy_loss         | -1.53       |
|    explained_variance   | 0.832       |
|    learning_rate        | 0.0001      |
|    loss                 | 0.025       |
|    n_updates            | 2400        |
|    policy_gradient_loss | -0.0133     |
|    std                  | 0.536       |
|    value_loss           | 0.211       |
-----------------------------------------
[E2] ~7.0h remaining (202720 steps left @ 0.12s/step)
-----------------------------------------
| rollout/                |             |
|    ep_len_mean          | 9.5         |
|    ep_rew_mean          | 1.22        |
| time/                   |             |
|    eta_hours            | 7.01        |
|    fps                  | 6           |
|    iterations           | 190         |
|    sec_per_step         | 0.125       |
|    time_elapsed         | 15092       |
|    total_timesteps      | 125952      |
| train/                  |             |
|    approx_kl            | 0.012494804 |
|    clip_fraction        | 0.119       |
|    clip_range           | 0.2         |
|    entropy_loss         | -1.52       |
|    explained_variance   | 0.825       |
|    learning_rate        | 0.0001      |
|    loss                 | 0.0851      |
|    n_updates            | 2410        |
|    policy_gradient_loss | -0.0126     |
|    std                  | 0.535       |
|    value_loss           | 0.226       |
-----------------------------------------
[E2] ~7.0h remaining (202208 steps left @ 0.13s/step)
------------------------------------------
| rollout/                |              |
|    ep_len_mean          | 9.41         |
|    ep_rew_mean          | 1.25         |
| time/                   |              |
|    eta_hours            | 7.04         |
|    fps                  | 6            |
|    iterations           | 191          |
|    sec_per_step         | 0.125        |
|    time_elapsed         | 15157        |
|    total_timesteps      | 126464       |
| train/                  |              |
|    approx_kl            | 0.0122659225 |
|    clip_fraction        | 0.14         |
|    clip_range           | 0.2          |
|    entropy_loss         | -1.52        |
|    explained_variance   | 0.85         |
|    learning_rate        | 0.0001       |
|    loss                 | 0.0394       |
|    n_updates            | 2420         |
|    policy_gradient_loss | -0.0172      |
|    std                  | 0.534        |
|    value_loss           | 0.198        |
------------------------------------------
[E2] ~7.1h remaining (201696 steps left @ 0.13s/step)
-----------------------------------------
| rollout/                |             |
|    ep_len_mean          | 9.35        |
|    ep_rew_mean          | 1.22        |
| time/                   |             |
|    eta_hours            | 7.12        |
|    fps                  | 6           |
|    iterations           | 192         |
|    sec_per_step         | 0.127       |
|    time_elapsed         | 15224       |
|    total_timesteps      | 126976      |
| train/                  |             |
|    approx_kl            | 0.010117178 |
|    clip_fraction        | 0.12        |
|    clip_range           | 0.2         |
|    entropy_loss         | -1.51       |
|    explained_variance   | 0.77        |
|    learning_rate        | 0.0001      |
|    loss                 | 0.0614      |
|    n_updates            | 2430        |
|    policy_gradient_loss | -0.0128     |
|    std                  | 0.533       |
|    value_loss           | 0.291       |
-----------------------------------------
[E2] ~7.1h remaining (201184 steps left @ 0.13s/step)
-----------------------------------------
| rollout/                |             |
|    ep_len_mean          | 9.47        |
|    ep_rew_mean          | 1.23        |
| time/                   |             |
|    eta_hours            | 7.11        |
|    fps                  | 6           |
|    iterations           | 193         |
|    sec_per_step         | 0.127       |
|    time_elapsed         | 15290       |
|    total_timesteps      | 127488      |
| train/                  |             |
|    approx_kl            | 0.012831068 |
|    clip_fraction        | 0.146       |
|    clip_range           | 0.2         |
|    entropy_loss         | -1.5        |
|    explained_variance   | 0.811       |
|    learning_rate        | 0.0001      |
|    loss                 | 0.0839      |
|    n_updates            | 2440        |
|    policy_gradient_loss | -0.0158     |
|    std                  | 0.531       |
|    value_loss           | 0.248       |
-----------------------------------------
[E2] ~6.9h remaining (200672 steps left @ 0.12s/step)
-----------------------------------------
| rollout/                |             |
|    ep_len_mean          | 9.3         |
|    ep_rew_mean          | 1.22        |
| time/                   |             |
|    eta_hours            | 6.89        |
|    fps                  | 6           |
|    iterations           | 194         |
|    sec_per_step         | 0.124       |
|    time_elapsed         | 15349       |
|    total_timesteps      | 128000      |
| train/                  |             |
|    approx_kl            | 0.018018238 |
|    clip_fraction        | 0.172       |
|    clip_range           | 0.2         |
|    entropy_loss         | -1.5        |
|    explained_variance   | 0.833       |
|    learning_rate        | 0.0001      |
|    loss                 | 0.0791      |
|    n_updates            | 2450        |
|    policy_gradient_loss | -0.0146     |
|    std                  | 0.53        |
|    value_loss           | 0.23        |
-----------------------------------------
[E2] ~6.9h remaining (200160 steps left @ 0.12s/step)
-----------------------------------------
| rollout/                |             |
|    ep_len_mean          | 9.25        |
|    ep_rew_mean          | 1.2         |
| time/                   |             |
|    eta_hours            | 6.87        |
|    fps                  | 6           |
|    iterations           | 195         |
|    sec_per_step         | 0.124       |
|    time_elapsed         | 15412       |
|    total_timesteps      | 128512      |
| train/                  |             |
|    approx_kl            | 0.009126909 |
|    clip_fraction        | 0.0965      |
|    clip_range           | 0.2         |
|    entropy_loss         | -1.5        |
|    explained_variance   | 0.828       |
|    learning_rate        | 0.0001      |
|    loss                 | 0.0819      |
|    n_updates            | 2460        |
|    policy_gradient_loss | -0.0108     |
|    std                  | 0.529       |
|    value_loss           | 0.21        |
-----------------------------------------
[E2 eval @ step 128673]  MAPE=6.92%  p90=9.25%  success(<5%)=15.0%  mean_scan_time=531.9s
[E2] ~7.5h remaining (199648 steps left @ 0.13s/step)
-----------------------------------------
| rollout/                |             |
|    ep_len_mean          | 9.34        |
|    ep_rew_mean          | 1.2         |
| time/                   |             |
|    eta_hours            | 7.49        |
|    fps                  | 6           |
|    iterations           | 196         |
|    sec_per_step         | 0.135       |
|    time_elapsed         | 15495       |
|    total_timesteps      | 129024      |
| train/                  |             |
|    approx_kl            | 0.010622919 |
|    clip_fraction        | 0.104       |
|    clip_range           | 0.2         |
|    entropy_loss         | -1.49       |
|    explained_variance   | 0.801       |
|    learning_rate        | 0.0001      |
|    loss                 | 0.127       |
|    n_updates            | 2470        |
|    policy_gradient_loss | -0.00875    |
|    std                  | 0.528       |
|    value_loss           | 0.26        |
-----------------------------------------
[E2] ~7.2h remaining (199136 steps left @ 0.13s/step)
-----------------------------------------
| rollout/                |             |
|    ep_len_mean          | 9.16        |
|    ep_rew_mean          | 1.22        |
| time/                   |             |
|    eta_hours            | 7.18        |
|    fps                  | 6           |
|    iterations           | 197         |
|    sec_per_step         | 0.13        |
|    time_elapsed         | 15555       |
|    total_timesteps      | 129536      |
| train/                  |             |
|    approx_kl            | 0.008563856 |
|    clip_fraction        | 0.0949      |
|    clip_range           | 0.2         |
|    entropy_loss         | -1.49       |
|    explained_variance   | 0.832       |
|    learning_rate        | 0.0001      |
|    loss                 | 0.0449      |
|    n_updates            | 2480        |
|    policy_gradient_loss | -0.0101     |
|    std                  | 0.528       |
|    value_loss           | 0.228       |
-----------------------------------------
[E2] ~7.0h remaining (198624 steps left @ 0.13s/step)
-----------------------------------------
| rollout/                |             |
|    ep_len_mean          | 9.02        |
|    ep_rew_mean          | 1.24        |
| time/                   |             |
|    eta_hours            | 7.05        |
|    fps                  | 6           |
|    iterations           | 198         |
|    sec_per_step         | 0.128       |
|    time_elapsed         | 15618       |
|    total_timesteps      | 130048      |
| train/                  |             |
|    approx_kl            | 0.007588188 |
|    clip_fraction        | 0.0893      |
|    clip_range           | 0.2         |
|    entropy_loss         | -1.49       |
|    explained_variance   | 0.847       |
|    learning_rate        | 0.0001      |
|    loss                 | 0.0825      |
|    n_updates            | 2490        |
|    policy_gradient_loss | -0.00944    |
|    std                  | 0.526       |
|    value_loss           | 0.2         |
-----------------------------------------
[E2] ~7.0h remaining (198112 steps left @ 0.13s/step)
-----------------------------------------
| rollout/                |             |
|    ep_len_mean          | 9.26        |
|    ep_rew_mean          | 1.26        |
| time/                   |             |
|    eta_hours            | 7.03        |
|    fps                  | 6           |
|    iterations           | 199         |
|    sec_per_step         | 0.128       |
|    time_elapsed         | 15683       |
|    total_timesteps      | 130560      |
| train/                  |             |
|    approx_kl            | 0.005548589 |
|    clip_fraction        | 0.0461      |
|    clip_range           | 0.2         |
|    entropy_loss         | -1.48       |
|    explained_variance   | 0.83        |
|    learning_rate        | 0.0001      |
|    loss                 | 0.112       |
|    n_updates            | 2500        |
|    policy_gradient_loss | -0.0067     |
|    std                  | 0.524       |
|    value_loss           | 0.243       |
-----------------------------------------
[E2] ~6.9h remaining (197600 steps left @ 0.13s/step)
-----------------------------------------
| rollout/                |             |
|    ep_len_mean          | 9.32        |
|    ep_rew_mean          | 1.26        |
| time/                   |             |
|    eta_hours            | 6.94        |
|    fps                  | 6           |
|    iterations           | 200         |
|    sec_per_step         | 0.126       |
|    time_elapsed         | 15746       |
|    total_timesteps      | 131072      |
| train/                  |             |
|    approx_kl            | 0.010846581 |
|    clip_fraction        | 0.114       |
|    clip_range           | 0.2         |
|    entropy_loss         | -1.47       |
|    explained_variance   | 0.845       |
|    learning_rate        | 0.0001      |
|    loss                 | 0.0334      |
|    n_updates            | 2510        |
|    policy_gradient_loss | -0.0136     |
|    std                  | 0.523       |
|    value_loss           | 0.211       |
-----------------------------------------
[E2] ~7.0h remaining (197088 steps left @ 0.13s/step)
---------------------------------------
| rollout/                |           |
|    ep_len_mean          | 9.18      |
|    ep_rew_mean          | 1.26      |
| time/                   |           |
|    eta_hours            | 7.05      |
|    fps                  | 6         |
|    iterations           | 201       |
|    sec_per_step         | 0.129     |
|    time_elapsed         | 15815     |
|    total_timesteps      | 131584    |
| train/                  |           |
|    approx_kl            | 0.0124377 |
|    clip_fraction        | 0.116     |
|    clip_range           | 0.2       |
|    entropy_loss         | -1.47     |
|    explained_variance   | 0.845     |
|    learning_rate        | 0.0001    |
|    loss                 | 0.102     |
|    n_updates            | 2520      |
|    policy_gradient_loss | -0.0114   |
|    std                  | 0.522     |
|    value_loss           | 0.215     |
---------------------------------------
[E2] ~6.9h remaining (196576 steps left @ 0.13s/step)
-----------------------------------------
| rollout/                |             |
|    ep_len_mean          | 8.99        |
|    ep_rew_mean          | 1.22        |
| time/                   |             |
|    eta_hours            | 6.91        |
|    fps                  | 6           |
|    iterations           | 202         |
|    sec_per_step         | 0.127       |
|    time_elapsed         | 15877       |
|    total_timesteps      | 132096      |
| train/                  |             |
|    approx_kl            | 0.009022073 |
|    clip_fraction        | 0.0768      |
|    clip_range           | 0.2         |
|    entropy_loss         | -1.46       |
|    explained_variance   | 0.752       |
|    learning_rate        | 0.0001      |
|    loss                 | 0.167       |
|    n_updates            | 2530        |
|    policy_gradient_loss | -0.00894    |
|    std                  | 0.519       |
|    value_loss           | 0.341       |
-----------------------------------------
[E2] ~6.9h remaining (196064 steps left @ 0.13s/step)
-----------------------------------------
| rollout/                |             |
|    ep_len_mean          | 9.25        |
|    ep_rew_mean          | 1.2         |
| time/                   |             |
|    eta_hours            | 6.87        |
|    fps                  | 6           |
|    iterations           | 203         |
|    sec_per_step         | 0.126       |
|    time_elapsed         | 15941       |
|    total_timesteps      | 132608      |
| train/                  |             |
|    approx_kl            | 0.011268666 |
|    clip_fraction        | 0.111       |
|    clip_range           | 0.2         |
|    entropy_loss         | -1.46       |
|    explained_variance   | 0.812       |
|    learning_rate        | 0.0001      |
|    loss                 | 0.0731      |
|    n_updates            | 2540        |
|    policy_gradient_loss | -0.0129     |
|    std                  | 0.519       |
|    value_loss           | 0.23        |
-----------------------------------------
[E2] ~6.9h remaining (195552 steps left @ 0.13s/step)
-----------------------------------------
| rollout/                |             |
|    ep_len_mean          | 9.3         |
|    ep_rew_mean          | 1.21        |
| time/                   |             |
|    eta_hours            | 6.88        |
|    fps                  | 6           |
|    iterations           | 204         |
|    sec_per_step         | 0.127       |
|    time_elapsed         | 16007       |
|    total_timesteps      | 133120      |
| train/                  |             |
|    approx_kl            | 0.009053705 |
|    clip_fraction        | 0.0975      |
|    clip_range           | 0.2         |
|    entropy_loss         | -1.45       |
|    explained_variance   | 0.803       |
|    learning_rate        | 0.0001      |
|    loss                 | 0.129       |
|    n_updates            | 2550        |
|    policy_gradient_loss | -0.0106     |
|    std                  | 0.517       |
|    value_loss           | 0.255       |
-----------------------------------------
[E2] ~6.8h remaining (195040 steps left @ 0.13s/step)
-----------------------------------------
| rollout/                |             |
|    ep_len_mean          | 9.32        |
|    ep_rew_mean          | 1.22        |
| time/                   |             |
|    eta_hours            | 6.83        |
|    fps                  | 6           |
|    iterations           | 205         |
|    sec_per_step         | 0.126       |
|    time_elapsed         | 16070       |
|    total_timesteps      | 133632      |
| train/                  |             |
|    approx_kl            | 0.009873676 |
|    clip_fraction        | 0.133       |
|    clip_range           | 0.2         |
|    entropy_loss         | -1.45       |
|    explained_variance   | 0.847       |
|    learning_rate        | 0.0001      |
|    loss                 | 0.0748      |
|    n_updates            | 2560        |
|    policy_gradient_loss | -0.0117     |
|    std                  | 0.515       |
|    value_loss           | 0.208       |
-----------------------------------------
[E2] ~6.9h remaining (194528 steps left @ 0.13s/step)
-----------------------------------------
| rollout/                |             |
|    ep_len_mean          | 9.38        |
|    ep_rew_mean          | 1.23        |
| time/                   |             |
|    eta_hours            | 6.86        |
|    fps                  | 6           |
|    iterations           | 206         |
|    sec_per_step         | 0.127       |
|    time_elapsed         | 16137       |
|    total_timesteps      | 134144      |
| train/                  |             |
|    approx_kl            | 0.010293692 |
|    clip_fraction        | 0.092       |
|    clip_range           | 0.2         |
|    entropy_loss         | -1.44       |
|    explained_variance   | 0.817       |
|    learning_rate        | 0.0001      |
|    loss                 | 0.0851      |
|    n_updates            | 2570        |
|    policy_gradient_loss | -0.0106     |
|    std                  | 0.515       |
|    value_loss           | 0.238       |
-----------------------------------------
[E2] ~6.7h remaining (194016 steps left @ 0.12s/step)
-----------------------------------------
| rollout/                |             |
|    ep_len_mean          | 9.37        |
|    ep_rew_mean          | 1.23        |
| time/                   |             |
|    eta_hours            | 6.68        |
|    fps                  | 6           |
|    iterations           | 207         |
|    sec_per_step         | 0.124       |
|    time_elapsed         | 16196       |
|    total_timesteps      | 134656      |
| train/                  |             |
|    approx_kl            | 0.015655868 |
|    clip_fraction        | 0.145       |
|    clip_range           | 0.2         |
|    entropy_loss         | -1.44       |
|    explained_variance   | 0.839       |
|    learning_rate        | 0.0001      |
|    loss                 | 0.0556      |
|    n_updates            | 2580        |
|    policy_gradient_loss | -0.0237     |
|    std                  | 0.513       |
|    value_loss           | 0.221       |
-----------------------------------------
[E2] ~6.7h remaining (193504 steps left @ 0.12s/step)
------------------------------------------
| rollout/                |              |
|    ep_len_mean          | 8.87         |
|    ep_rew_mean          | 1.22         |
| time/                   |              |
|    eta_hours            | 6.66         |
|    fps                  | 6            |
|    iterations           | 208          |
|    sec_per_step         | 0.124        |
|    time_elapsed         | 16260        |
|    total_timesteps      | 135168       |
| train/                  |              |
|    approx_kl            | 0.0085748965 |
|    clip_fraction        | 0.0715       |
|    clip_range           | 0.2          |
|    entropy_loss         | -1.43        |
|    explained_variance   | 0.85         |
|    learning_rate        | 0.0001       |
|    loss                 | 0.0949       |
|    n_updates            | 2590         |
|    policy_gradient_loss | -0.00662     |
|    std                  | 0.513        |
|    value_loss           | 0.198        |
------------------------------------------
[E2] ~6.7h remaining (192992 steps left @ 0.12s/step)
-----------------------------------------
| rollout/                |             |
|    ep_len_mean          | 8.86        |
|    ep_rew_mean          | 1.2         |
| time/                   |             |
|    eta_hours            | 6.67        |
|    fps                  | 6           |
|    iterations           | 209         |
|    sec_per_step         | 0.124       |
|    time_elapsed         | 16324       |
|    total_timesteps      | 135680      |
| train/                  |             |
|    approx_kl            | 0.007933881 |
|    clip_fraction        | 0.0859      |
|    clip_range           | 0.2         |
|    entropy_loss         | -1.43       |
|    explained_variance   | 0.788       |
|    learning_rate        | 0.0001      |
|    loss                 | 0.079       |
|    n_updates            | 2600        |
|    policy_gradient_loss | -0.0125     |
|    std                  | 0.512       |
|    value_loss           | 0.276       |
-----------------------------------------
[E2] ~6.7h remaining (192480 steps left @ 0.12s/step)
-----------------------------------------
| rollout/                |             |
|    ep_len_mean          | 9.19        |
|    ep_rew_mean          | 1.22        |
| time/                   |             |
|    eta_hours            | 6.66        |
|    fps                  | 6           |
|    iterations           | 210         |
|    sec_per_step         | 0.125       |
|    time_elapsed         | 16388       |
|    total_timesteps      | 136192      |
| train/                  |             |
|    approx_kl            | 0.011793365 |
|    clip_fraction        | 0.12        |
|    clip_range           | 0.2         |
|    entropy_loss         | -1.43       |
|    explained_variance   | 0.849       |
|    learning_rate        | 0.0001      |
|    loss                 | 0.064       |
|    n_updates            | 2610        |
|    policy_gradient_loss | -0.0131     |
|    std                  | 0.51        |
|    value_loss           | 0.192       |
-----------------------------------------
[E2] ~6.5h remaining (191968 steps left @ 0.12s/step)
------------------------------------------
| rollout/                |              |
|    ep_len_mean          | 9.2          |
|    ep_rew_mean          | 1.2          |
| time/                   |              |
|    eta_hours            | 6.46         |
|    fps                  | 6            |
|    iterations           | 211          |
|    sec_per_step         | 0.121        |
|    time_elapsed         | 16446        |
|    total_timesteps      | 136704       |
| train/                  |              |
|    approx_kl            | 0.0067898436 |
|    clip_fraction        | 0.0754       |
|    clip_range           | 0.2          |
|    entropy_loss         | -1.42        |
|    explained_variance   | 0.86         |
|    learning_rate        | 0.0001       |
|    loss                 | 0.0759       |
|    n_updates            | 2620         |
|    policy_gradient_loss | -0.00864     |
|    std                  | 0.51         |
|    value_loss           | 0.188        |
------------------------------------------
[E2] ~6.5h remaining (191456 steps left @ 0.12s/step)
----------------------------------------
| rollout/                |            |
|    ep_len_mean          | 9.45       |
|    ep_rew_mean          | 1.21       |
| time/                   |            |
|    eta_hours            | 6.55       |
|    fps                  | 6          |
|    iterations           | 212        |
|    sec_per_step         | 0.123      |
|    time_elapsed         | 16512      |
|    total_timesteps      | 137216     |
| train/                  |            |
|    approx_kl            | 0.01372326 |
|    clip_fraction        | 0.163      |
|    clip_range           | 0.2        |
|    entropy_loss         | -1.42      |
|    explained_variance   | 0.827      |
|    learning_rate        | 0.0001     |
|    loss                 | 0.0515     |
|    n_updates            | 2630       |
|    policy_gradient_loss | -0.0153    |
|    std                  | 0.509      |
|    value_loss           | 0.208      |
----------------------------------------
[E2] ~6.5h remaining (190944 steps left @ 0.12s/step)
-----------------------------------------
| rollout/                |             |
|    ep_len_mean          | 9.56        |
|    ep_rew_mean          | 1.22        |
| time/                   |             |
|    eta_hours            | 6.51        |
|    fps                  | 6           |
|    iterations           | 213         |
|    sec_per_step         | 0.123       |
|    time_elapsed         | 16574       |
|    total_timesteps      | 137728      |
| train/                  |             |
|    approx_kl            | 0.007013122 |
|    clip_fraction        | 0.0707      |
|    clip_range           | 0.2         |
|    entropy_loss         | -1.42       |
|    explained_variance   | 0.809       |
|    learning_rate        | 0.0001      |
|    loss                 | 0.0285      |
|    n_updates            | 2640        |
|    policy_gradient_loss | -0.00921    |
|    std                  | 0.508       |
|    value_loss           | 0.236       |
-----------------------------------------
[E2] ~6.7h remaining (190432 steps left @ 0.13s/step)
-----------------------------------------
| rollout/                |             |
|    ep_len_mean          | 9.28        |
|    ep_rew_mean          | 1.24        |
| time/                   |             |
|    eta_hours            | 6.72        |
|    fps                  | 6           |
|    iterations           | 214         |
|    sec_per_step         | 0.127       |
|    time_elapsed         | 16644       |
|    total_timesteps      | 138240      |
| train/                  |             |
|    approx_kl            | 0.012134889 |
|    clip_fraction        | 0.126       |
|    clip_range           | 0.2         |
|    entropy_loss         | -1.41       |
|    explained_variance   | 0.834       |
|    learning_rate        | 0.0001      |
|    loss                 | 0.0215      |
|    n_updates            | 2650        |
|    policy_gradient_loss | -0.0154     |
|    std                  | 0.505       |
|    value_loss           | 0.202       |
-----------------------------------------
[E2 eval @ step 138673]  MAPE=6.32%  p90=9.22%  success(<5%)=45.0%  mean_scan_time=528.9s
[E2] ~7.3h remaining (189920 steps left @ 0.14s/step)
-----------------------------------------
| rollout/                |             |
|    ep_len_mean          | 9.25        |
|    ep_rew_mean          | 1.24        |
| time/                   |             |
|    eta_hours            | 7.26        |
|    fps                  | 6           |
|    iterations           | 215         |
|    sec_per_step         | 0.138       |
|    time_elapsed         | 16727       |
|    total_timesteps      | 138752      |
| train/                  |             |
|    approx_kl            | 0.013290163 |
|    clip_fraction        | 0.158       |
|    clip_range           | 0.2         |
|    entropy_loss         | -1.4        |
|    explained_variance   | 0.818       |
|    learning_rate        | 0.0001      |
|    loss                 | 0.147       |
|    n_updates            | 2660        |
|    policy_gradient_loss | -0.0145     |
|    std                  | 0.504       |
|    value_loss           | 0.246       |
-----------------------------------------
[E2] ~7.0h remaining (189408 steps left @ 0.13s/step)
-----------------------------------------
| rollout/                |             |
|    ep_len_mean          | 9.69        |
|    ep_rew_mean          | 1.24        |
| time/                   |             |
|    eta_hours            | 7           |
|    fps                  | 6           |
|    iterations           | 216         |
|    sec_per_step         | 0.133       |
|    time_elapsed         | 16790       |
|    total_timesteps      | 139264      |
| train/                  |             |
|    approx_kl            | 0.015468469 |
|    clip_fraction        | 0.155       |
|    clip_range           | 0.2         |
|    entropy_loss         | -1.39       |
|    explained_variance   | 0.784       |
|    learning_rate        | 0.0001      |
|    loss                 | 0.145       |
|    n_updates            | 2670        |
|    policy_gradient_loss | -0.0176     |
|    std                  | 0.503       |
|    value_loss           | 0.282       |
-----------------------------------------
[E2] ~6.9h remaining (188896 steps left @ 0.13s/step)
----------------------------------------
| rollout/                |            |
|    ep_len_mean          | 9.58       |
|    ep_rew_mean          | 1.26       |
| time/                   |            |
|    eta_hours            | 6.85       |
|    fps                  | 6          |
|    iterations           | 217        |
|    sec_per_step         | 0.131      |
|    time_elapsed         | 16854      |
|    total_timesteps      | 139776     |
| train/                  |            |
|    approx_kl            | 0.01017496 |
|    clip_fraction        | 0.147      |
|    clip_range           | 0.2        |
|    entropy_loss         | -1.39      |
|    explained_variance   | 0.863      |
|    learning_rate        | 0.0001     |
|    loss                 | 0.0462     |
|    n_updates            | 2680       |
|    policy_gradient_loss | -0.0152    |
|    std                  | 0.503      |
|    value_loss           | 0.178      |
----------------------------------------
[E2] ~6.8h remaining (188384 steps left @ 0.13s/step)
-----------------------------------------
| rollout/                |             |
|    ep_len_mean          | 9.56        |
|    ep_rew_mean          | 1.26        |
| time/                   |             |
|    eta_hours            | 6.75        |
|    fps                  | 6           |
|    iterations           | 218         |
|    sec_per_step         | 0.129       |
|    time_elapsed         | 16918       |
|    total_timesteps      | 140288      |
| train/                  |             |
|    approx_kl            | 0.008986574 |
|    clip_fraction        | 0.0771      |
|    clip_range           | 0.2         |
|    entropy_loss         | -1.39       |
|    explained_variance   | 0.852       |
|    learning_rate        | 0.0001      |
|    loss                 | 0.0402      |
|    n_updates            | 2690        |
|    policy_gradient_loss | -0.0112     |
|    std                  | 0.501       |
|    value_loss           | 0.209       |
-----------------------------------------
[E2] ~6.8h remaining (187872 steps left @ 0.13s/step)
-----------------------------------------
| rollout/                |             |
|    ep_len_mean          | 9.76        |
|    ep_rew_mean          | 1.25        |
| time/                   |             |
|    eta_hours            | 6.84        |
|    fps                  | 6           |
|    iterations           | 219         |
|    sec_per_step         | 0.131       |
|    time_elapsed         | 16988       |
|    total_timesteps      | 140800      |
| train/                  |             |
|    approx_kl            | 0.007284375 |
|    clip_fraction        | 0.0953      |
|    clip_range           | 0.2         |
|    entropy_loss         | -1.38       |
|    explained_variance   | 0.822       |
|    learning_rate        | 0.0001      |
|    loss                 | 0.0679      |
|    n_updates            | 2700        |
|    policy_gradient_loss | -0.0111     |
|    std                  | 0.501       |
|    value_loss           | 0.226       |
-----------------------------------------
[E2] ~6.9h remaining (187360 steps left @ 0.13s/step)
-----------------------------------------
| rollout/                |             |
|    ep_len_mean          | 9.92        |
|    ep_rew_mean          | 1.23        |
| time/                   |             |
|    eta_hours            | 6.86        |
|    fps                  | 6           |
|    iterations           | 220         |
|    sec_per_step         | 0.132       |
|    time_elapsed         | 17056       |
|    total_timesteps      | 141312      |
| train/                  |             |
|    approx_kl            | 0.011423895 |
|    clip_fraction        | 0.0984      |
|    clip_range           | 0.2         |
|    entropy_loss         | -1.38       |
|    explained_variance   | 0.848       |
|    learning_rate        | 0.0001      |
|    loss                 | 0.0854      |
|    n_updates            | 2710        |
|    policy_gradient_loss | -0.0155     |
|    std                  | 0.499       |
|    value_loss           | 0.199       |
-----------------------------------------
[E2] ~6.8h remaining (186848 steps left @ 0.13s/step)
-----------------------------------------
| rollout/                |             |
|    ep_len_mean          | 10.2        |
|    ep_rew_mean          | 1.22        |
| time/                   |             |
|    eta_hours            | 6.81        |
|    fps                  | 6           |
|    iterations           | 221         |
|    sec_per_step         | 0.131       |
|    time_elapsed         | 17122       |
|    total_timesteps      | 141824      |
| train/                  |             |
|    approx_kl            | 0.021623539 |
|    clip_fraction        | 0.166       |
|    clip_range           | 0.2         |
|    entropy_loss         | -1.37       |
|    explained_variance   | 0.853       |
|    learning_rate        | 0.0001      |
|    loss                 | 0.0632      |
|    n_updates            | 2720        |
|    policy_gradient_loss | -0.0216     |
|    std                  | 0.498       |
|    value_loss           | 0.178       |
-----------------------------------------
[E2] ~6.7h remaining (186336 steps left @ 0.13s/step)
-----------------------------------------
| rollout/                |             |
|    ep_len_mean          | 10          |
|    ep_rew_mean          | 1.26        |
| time/                   |             |
|    eta_hours            | 6.7         |
|    fps                  | 6           |
|    iterations           | 222         |
|    sec_per_step         | 0.129       |
|    time_elapsed         | 17186       |
|    total_timesteps      | 142336      |
| train/                  |             |
|    approx_kl            | 0.012678389 |
|    clip_fraction        | 0.105       |
|    clip_range           | 0.2         |
|    entropy_loss         | -1.37       |
|    explained_variance   | 0.807       |
|    learning_rate        | 0.0001      |
|    loss                 | 0.123       |
|    n_updates            | 2730        |
|    policy_gradient_loss | -0.0151     |
|    std                  | 0.497       |
|    value_loss           | 0.226       |
-----------------------------------------
[E2] ~6.8h remaining (185824 steps left @ 0.13s/step)
-----------------------------------------
| rollout/                |             |
|    ep_len_mean          | 9.78        |
|    ep_rew_mean          | 1.29        |
| time/                   |             |
|    eta_hours            | 6.76        |
|    fps                  | 6           |
|    iterations           | 223         |
|    sec_per_step         | 0.131       |
|    time_elapsed         | 17255       |
|    total_timesteps      | 142848      |
| train/                  |             |
|    approx_kl            | 0.008325159 |
|    clip_fraction        | 0.0898      |
|    clip_range           | 0.2         |
|    entropy_loss         | -1.36       |
|    explained_variance   | 0.79        |
|    learning_rate        | 0.0001      |
|    loss                 | 0.179       |
|    n_updates            | 2740        |
|    policy_gradient_loss | -0.0142     |
|    std                  | 0.495       |
|    value_loss           | 0.269       |
-----------------------------------------
[E2] ~6.7h remaining (185312 steps left @ 0.13s/step)
------------------------------------------
| rollout/                |              |
|    ep_len_mean          | 9.84         |
|    ep_rew_mean          | 1.28         |
| time/                   |              |
|    eta_hours            | 6.74         |
|    fps                  | 6            |
|    iterations           | 224          |
|    sec_per_step         | 0.131        |
|    time_elapsed         | 17322        |
|    total_timesteps      | 143360       |
| train/                  |              |
|    approx_kl            | 0.0092731565 |
|    clip_fraction        | 0.0918       |
|    clip_range           | 0.2          |
|    entropy_loss         | -1.36        |
|    explained_variance   | 0.841        |
|    learning_rate        | 0.0001       |
|    loss                 | 0.12         |
|    n_updates            | 2750         |
|    policy_gradient_loss | -0.012       |
|    std                  | 0.494        |
|    value_loss           | 0.225        |
------------------------------------------
[E2] ~6.8h remaining (184800 steps left @ 0.13s/step)
-----------------------------------------
| rollout/                |             |
|    ep_len_mean          | 9.87        |
|    ep_rew_mean          | 1.27        |
| time/                   |             |
|    eta_hours            | 6.77        |
|    fps                  | 6           |
|    iterations           | 225         |
|    sec_per_step         | 0.132       |
|    time_elapsed         | 17391       |
|    total_timesteps      | 143872      |
| train/                  |             |
|    approx_kl            | 0.010181664 |
|    clip_fraction        | 0.108       |
|    clip_range           | 0.2         |
|    entropy_loss         | -1.35       |
|    explained_variance   | 0.851       |
|    learning_rate        | 0.0001      |
|    loss                 | 0.0865      |
|    n_updates            | 2760        |
|    policy_gradient_loss | -0.0119     |
|    std                  | 0.493       |
|    value_loss           | 0.217       |
-----------------------------------------
[E2] ~6.6h remaining (184288 steps left @ 0.13s/step)
------------------------------------------
| rollout/                |              |
|    ep_len_mean          | 10.2         |
|    ep_rew_mean          | 1.27         |
| time/                   |              |
|    eta_hours            | 6.6          |
|    fps                  | 6            |
|    iterations           | 226          |
|    sec_per_step         | 0.129        |
|    time_elapsed         | 17453        |
|    total_timesteps      | 144384       |
| train/                  |              |
|    approx_kl            | 0.0082417615 |
|    clip_fraction        | 0.0732       |
|    clip_range           | 0.2          |
|    entropy_loss         | -1.35        |
|    explained_variance   | 0.783        |
|    learning_rate        | 0.0001       |
|    loss                 | 0.0842       |
|    n_updates            | 2770         |
|    policy_gradient_loss | -0.00755     |
|    std                  | 0.491        |
|    value_loss           | 0.252        |
------------------------------------------
[E2] ~6.5h remaining (183776 steps left @ 0.13s/step)
-----------------------------------------
| rollout/                |             |
|    ep_len_mean          | 10.3        |
|    ep_rew_mean          | 1.25        |
| time/                   |             |
|    eta_hours            | 6.47        |
|    fps                  | 6           |
|    iterations           | 227         |
|    sec_per_step         | 0.127       |
|    time_elapsed         | 17516       |
|    total_timesteps      | 144896      |
| train/                  |             |
|    approx_kl            | 0.008245105 |
|    clip_fraction        | 0.0574      |
|    clip_range           | 0.2         |
|    entropy_loss         | -1.34       |
|    explained_variance   | 0.841       |
|    learning_rate        | 0.0001      |
|    loss                 | 0.142       |
|    n_updates            | 2780        |
|    policy_gradient_loss | -0.00754    |
|    std                  | 0.49        |
|    value_loss           | 0.211       |
-----------------------------------------
[E2] ~6.4h remaining (183264 steps left @ 0.13s/step)
-----------------------------------------
| rollout/                |             |
|    ep_len_mean          | 10.1        |
|    ep_rew_mean          | 1.24        |
| time/                   |             |
|    eta_hours            | 6.45        |
|    fps                  | 6           |
|    iterations           | 228         |
|    sec_per_step         | 0.127       |
|    time_elapsed         | 17580       |
|    total_timesteps      | 145408      |
| train/                  |             |
|    approx_kl            | 0.009351922 |
|    clip_fraction        | 0.114       |
|    clip_range           | 0.2         |
|    entropy_loss         | -1.34       |
|    explained_variance   | 0.802       |
|    learning_rate        | 0.0001      |
|    loss                 | 0.0617      |
|    n_updates            | 2790        |
|    policy_gradient_loss | -0.0122     |
|    std                  | 0.49        |
|    value_loss           | 0.235       |
-----------------------------------------
[E2] ~6.5h remaining (182752 steps left @ 0.13s/step)
------------------------------------------
| rollout/                |              |
|    ep_len_mean          | 10.3         |
|    ep_rew_mean          | 1.26         |
| time/                   |              |
|    eta_hours            | 6.49         |
|    fps                  | 6            |
|    iterations           | 229          |
|    sec_per_step         | 0.128        |
|    time_elapsed         | 17647        |
|    total_timesteps      | 145920       |
| train/                  |              |
|    approx_kl            | 0.0080353115 |
|    clip_fraction        | 0.0924       |
|    clip_range           | 0.2          |
|    entropy_loss         | -1.34        |
|    explained_variance   | 0.8          |
|    learning_rate        | 0.0001       |
|    loss                 | 0.109        |
|    n_updates            | 2800         |
|    policy_gradient_loss | -0.0119      |
|    std                  | 0.488        |
|    value_loss           | 0.252        |
------------------------------------------
[E2] ~6.3h remaining (182240 steps left @ 0.12s/step)
-----------------------------------------
| rollout/                |             |
|    ep_len_mean          | 10.2        |
|    ep_rew_mean          | 1.27        |
| time/                   |             |
|    eta_hours            | 6.3         |
|    fps                  | 6           |
|    iterations           | 230         |
|    sec_per_step         | 0.124       |
|    time_elapsed         | 17707       |
|    total_timesteps      | 146432      |
| train/                  |             |
|    approx_kl            | 0.012828519 |
|    clip_fraction        | 0.108       |
|    clip_range           | 0.2         |
|    entropy_loss         | -1.33       |
|    explained_variance   | 0.797       |
|    learning_rate        | 0.0001      |
|    loss                 | 0.0777      |
|    n_updates            | 2810        |
|    policy_gradient_loss | -0.0113     |
|    std                  | 0.487       |
|    value_loss           | 0.272       |
-----------------------------------------
[E2] ~6.2h remaining (181728 steps left @ 0.12s/step)
-----------------------------------------
| rollout/                |             |
|    ep_len_mean          | 9.99        |
|    ep_rew_mean          | 1.26        |
| time/                   |             |
|    eta_hours            | 6.19        |
|    fps                  | 6           |
|    iterations           | 231         |
|    sec_per_step         | 0.123       |
|    time_elapsed         | 17768       |
|    total_timesteps      | 146944      |
| train/                  |             |
|    approx_kl            | 0.015843235 |
|    clip_fraction        | 0.146       |
|    clip_range           | 0.2         |
|    entropy_loss         | -1.32       |
|    explained_variance   | 0.824       |
|    learning_rate        | 0.0001      |
|    loss                 | 0.093       |
|    n_updates            | 2820        |
|    policy_gradient_loss | -0.0158     |
|    std                  | 0.486       |
|    value_loss           | 0.233       |
-----------------------------------------
[E2] ~6.3h remaining (181216 steps left @ 0.13s/step)
-----------------------------------------
| rollout/                |             |
|    ep_len_mean          | 9.9         |
|    ep_rew_mean          | 1.27        |
| time/                   |             |
|    eta_hours            | 6.31        |
|    fps                  | 6           |
|    iterations           | 232         |
|    sec_per_step         | 0.125       |
|    time_elapsed         | 17835       |
|    total_timesteps      | 147456      |
| train/                  |             |
|    approx_kl            | 0.012528803 |
|    clip_fraction        | 0.117       |
|    clip_range           | 0.2         |
|    entropy_loss         | -1.32       |
|    explained_variance   | 0.837       |
|    learning_rate        | 0.0001      |
|    loss                 | 0.0732      |
|    n_updates            | 2830        |
|    policy_gradient_loss | -0.0156     |
|    std                  | 0.487       |
|    value_loss           | 0.225       |
-----------------------------------------
[E2] ~6.3h remaining (180704 steps left @ 0.13s/step)
-----------------------------------------
| rollout/                |             |
|    ep_len_mean          | 9.68        |
|    ep_rew_mean          | 1.28        |
| time/                   |             |
|    eta_hours            | 6.31        |
|    fps                  | 6           |
|    iterations           | 233         |
|    sec_per_step         | 0.126       |
|    time_elapsed         | 17900       |
|    total_timesteps      | 147968      |
| train/                  |             |
|    approx_kl            | 0.004297022 |
|    clip_fraction        | 0.0256      |
|    clip_range           | 0.2         |
|    entropy_loss         | -1.32       |
|    explained_variance   | 0.879       |
|    learning_rate        | 0.0001      |
|    loss                 | 0.0768      |
|    n_updates            | 2840        |
|    policy_gradient_loss | -0.00401    |
|    std                  | 0.485       |
|    value_loss           | 0.165       |
-----------------------------------------
[E2] ~6.5h remaining (180192 steps left @ 0.13s/step)
-----------------------------------------
| rollout/                |             |
|    ep_len_mean          | 9.73        |
|    ep_rew_mean          | 1.26        |
| time/                   |             |
|    eta_hours            | 6.47        |
|    fps                  | 6           |
|    iterations           | 234         |
|    sec_per_step         | 0.129       |
|    time_elapsed         | 17970       |
|    total_timesteps      | 148480      |
| train/                  |             |
|    approx_kl            | 0.013734937 |
|    clip_fraction        | 0.153       |
|    clip_range           | 0.2         |
|    entropy_loss         | -1.31       |
|    explained_variance   | 0.843       |
|    learning_rate        | 0.0001      |
|    loss                 | 0.0895      |
|    n_updates            | 2850        |
|    policy_gradient_loss | -0.0174     |
|    std                  | 0.483       |
|    value_loss           | 0.205       |
-----------------------------------------
[E2 eval @ step 148673]  MAPE=6.28%  p90=13.99%  success(<5%)=45.0%  mean_scan_time=537.7s
[E2] ~6.9h remaining (179680 steps left @ 0.14s/step)
-----------------------------------------
| rollout/                |             |
|    ep_len_mean          | 9.89        |
|    ep_rew_mean          | 1.28        |
| time/                   |             |
|    eta_hours            | 6.94        |
|    fps                  | 6           |
|    iterations           | 235         |
|    sec_per_step         | 0.139       |
|    time_elapsed         | 18053       |
|    total_timesteps      | 148992      |
| train/                  |             |
|    approx_kl            | 0.006922042 |
|    clip_fraction        | 0.0996      |
|    clip_range           | 0.2         |
|    entropy_loss         | -1.31       |
|    explained_variance   | 0.794       |
|    learning_rate        | 0.0001      |
|    loss                 | 0.0755      |
|    n_updates            | 2860        |
|    policy_gradient_loss | -0.0132     |
|    std                  | 0.482       |
|    value_loss           | 0.271       |
-----------------------------------------
[E2] ~6.9h remaining (179168 steps left @ 0.14s/step)
------------------------------------------
| rollout/                |              |
|    ep_len_mean          | 9.97         |
|    ep_rew_mean          | 1.29         |
| time/                   |              |
|    eta_hours            | 6.87         |
|    fps                  | 6            |
|    iterations           | 236          |
|    sec_per_step         | 0.138        |
|    time_elapsed         | 18123        |
|    total_timesteps      | 149504       |
| train/                  |              |
|    approx_kl            | 0.0068239765 |
|    clip_fraction        | 0.0697       |
|    clip_range           | 0.2          |
|    entropy_loss         | -1.3         |
|    explained_variance   | 0.775        |
|    learning_rate        | 0.0001       |
|    loss                 | 0.103        |
|    n_updates            | 2870         |
|    policy_gradient_loss | -0.00929     |
|    std                  | 0.48         |
|    value_loss           | 0.299        |
------------------------------------------
[E2] ~6.8h remaining (178656 steps left @ 0.14s/step)
-----------------------------------------
| rollout/                |             |
|    ep_len_mean          | 9.99        |
|    ep_rew_mean          | 1.28        |
| time/                   |             |
|    eta_hours            | 6.78        |
|    fps                  | 6           |
|    iterations           | 237         |
|    sec_per_step         | 0.137       |
|    time_elapsed         | 18191       |
|    total_timesteps      | 150016      |
| train/                  |             |
|    approx_kl            | 0.011122421 |
|    clip_fraction        | 0.113       |
|    clip_range           | 0.2         |
|    entropy_loss         | -1.29       |
|    explained_variance   | 0.842       |
|    learning_rate        | 0.0001      |
|    loss                 | 0.0827      |
|    n_updates            | 2880        |
|    policy_gradient_loss | -0.0157     |
|    std                  | 0.478       |
|    value_loss           | 0.211       |
-----------------------------------------
[E2] ~6.6h remaining (178144 steps left @ 0.13s/step)
------------------------------------------
| rollout/                |              |
|    ep_len_mean          | 9.91         |
|    ep_rew_mean          | 1.27         |
| time/                   |              |
|    eta_hours            | 6.6          |
|    fps                  | 6            |
|    iterations           | 238          |
|    sec_per_step         | 0.133        |
|    time_elapsed         | 18255        |
|    total_timesteps      | 150528       |
| train/                  |              |
|    approx_kl            | 0.0052927043 |
|    clip_fraction        | 0.0594       |
|    clip_range           | 0.2          |
|    entropy_loss         | -1.28        |
|    explained_variance   | 0.831        |
|    learning_rate        | 0.0001       |
|    loss                 | 0.0848       |
|    n_updates            | 2890         |
|    policy_gradient_loss | -0.00865     |
|    std                  | 0.476        |
|    value_loss           | 0.222        |
------------------------------------------
[E2] ~6.7h remaining (177632 steps left @ 0.13s/step)
-----------------------------------------
| rollout/                |             |
|    ep_len_mean          | 9.93        |
|    ep_rew_mean          | 1.27        |
| time/                   |             |
|    eta_hours            | 6.65        |
|    fps                  | 6           |
|    iterations           | 239         |
|    sec_per_step         | 0.135       |
|    time_elapsed         | 18326       |
|    total_timesteps      | 151040      |
| train/                  |             |
|    approx_kl            | 0.010582382 |
|    clip_fraction        | 0.11        |
|    clip_range           | 0.2         |
|    entropy_loss         | -1.28       |
|    explained_variance   | 0.864       |
|    learning_rate        | 0.0001      |
|    loss                 | 0.101       |
|    n_updates            | 2900        |
|    policy_gradient_loss | -0.0143     |
|    std                  | 0.475       |
|    value_loss           | 0.174       |
-----------------------------------------
[E2] ~6.5h remaining (177120 steps left @ 0.13s/step)
-----------------------------------------
| rollout/                |             |
|    ep_len_mean          | 9.85        |
|    ep_rew_mean          | 1.27        |
| time/                   |             |
|    eta_hours            | 6.46        |
|    fps                  | 6           |
|    iterations           | 240         |
|    sec_per_step         | 0.131       |
|    time_elapsed         | 18389       |
|    total_timesteps      | 151552      |
| train/                  |             |
|    approx_kl            | 0.010436168 |
|    clip_fraction        | 0.135       |
|    clip_range           | 0.2         |
|    entropy_loss         | -1.27       |
|    explained_variance   | 0.841       |
|    learning_rate        | 0.0001      |
|    loss                 | 0.071       |
|    n_updates            | 2910        |
|    policy_gradient_loss | -0.0162     |
|    std                  | 0.474       |
|    value_loss           | 0.206       |
-----------------------------------------
[E2] ~6.4h remaining (176608 steps left @ 0.13s/step)
-----------------------------------------
| rollout/                |             |
|    ep_len_mean          | 9.8         |
|    ep_rew_mean          | 1.27        |
| time/                   |             |
|    eta_hours            | 6.4         |
|    fps                  | 6           |
|    iterations           | 241         |
|    sec_per_step         | 0.13        |
|    time_elapsed         | 18454       |
|    total_timesteps      | 152064      |
| train/                  |             |
|    approx_kl            | 0.008300507 |
|    clip_fraction        | 0.109       |
|    clip_range           | 0.2         |
|    entropy_loss         | -1.27       |
|    explained_variance   | 0.824       |
|    learning_rate        | 0.0001      |
|    loss                 | 0.066       |
|    n_updates            | 2920        |
|    policy_gradient_loss | -0.0115     |
|    std                  | 0.473       |
|    value_loss           | 0.226       |
-----------------------------------------
[E2] ~6.4h remaining (176096 steps left @ 0.13s/step)
-----------------------------------------
| rollout/                |             |
|    ep_len_mean          | 9.99        |
|    ep_rew_mean          | 1.3         |
| time/                   |             |
|    eta_hours            | 6.36        |
|    fps                  | 6           |
|    iterations           | 242         |
|    sec_per_step         | 0.13        |
|    time_elapsed         | 18521       |
|    total_timesteps      | 152576      |
| train/                  |             |
|    approx_kl            | 0.011892555 |
|    clip_fraction        | 0.128       |
|    clip_range           | 0.2         |
|    entropy_loss         | -1.27       |
|    explained_variance   | 0.842       |
|    learning_rate        | 0.0001      |
|    loss                 | 0.062       |
|    n_updates            | 2930        |
|    policy_gradient_loss | -0.0124     |
|    std                  | 0.473       |
|    value_loss           | 0.21        |
-----------------------------------------
[E2] ~6.4h remaining (175584 steps left @ 0.13s/step)
-----------------------------------------
| rollout/                |             |
|    ep_len_mean          | 9.83        |
|    ep_rew_mean          | 1.29        |
| time/                   |             |
|    eta_hours            | 6.41        |
|    fps                  | 6           |
|    iterations           | 243         |
|    sec_per_step         | 0.131       |
|    time_elapsed         | 18590       |
|    total_timesteps      | 153088      |
| train/                  |             |
|    approx_kl            | 0.008445269 |
|    clip_fraction        | 0.111       |
|    clip_range           | 0.2         |
|    entropy_loss         | -1.27       |
|    explained_variance   | 0.835       |
|    learning_rate        | 0.0001      |
|    loss                 | 0.0617      |
|    n_updates            | 2940        |
|    policy_gradient_loss | -0.0136     |
|    std                  | 0.472       |
|    value_loss           | 0.216       |
-----------------------------------------
[E2] ~6.3h remaining (175072 steps left @ 0.13s/step)
-----------------------------------------
| rollout/                |             |
|    ep_len_mean          | 10.1        |
|    ep_rew_mean          | 1.26        |
| time/                   |             |
|    eta_hours            | 6.34        |
|    fps                  | 6           |
|    iterations           | 244         |
|    sec_per_step         | 0.13        |
|    time_elapsed         | 18655       |
|    total_timesteps      | 153600      |
| train/                  |             |
|    approx_kl            | 0.008319994 |
|    clip_fraction        | 0.0973      |
|    clip_range           | 0.2         |
|    entropy_loss         | -1.27       |
|    explained_variance   | 0.782       |
|    learning_rate        | 0.0001      |
|    loss                 | 0.0752      |
|    n_updates            | 2950        |
|    policy_gradient_loss | -0.0127     |
|    std                  | 0.473       |
|    value_loss           | 0.293       |
-----------------------------------------
[E2] ~6.2h remaining (174560 steps left @ 0.13s/step)
-----------------------------------------
| rollout/                |             |
|    ep_len_mean          | 10.2        |
|    ep_rew_mean          | 1.25        |
| time/                   |             |
|    eta_hours            | 6.23        |
|    fps                  | 6           |
|    iterations           | 245         |
|    sec_per_step         | 0.128       |
|    time_elapsed         | 18719       |
|    total_timesteps      | 154112      |
| train/                  |             |
|    approx_kl            | 0.009601772 |
|    clip_fraction        | 0.116       |
|    clip_range           | 0.2         |
|    entropy_loss         | -1.26       |
|    explained_variance   | 0.862       |
|    learning_rate        | 0.0001      |
|    loss                 | 0.0517      |
|    n_updates            | 2960        |
|    policy_gradient_loss | -0.0166     |
|    std                  | 0.471       |
|    value_loss           | 0.163       |
-----------------------------------------
[E2] ~6.2h remaining (174048 steps left @ 0.13s/step)
------------------------------------------
| rollout/                |              |
|    ep_len_mean          | 10           |
|    ep_rew_mean          | 1.27         |
| time/                   |              |
|    eta_hours            | 6.18         |
|    fps                  | 6            |
|    iterations           | 246          |
|    sec_per_step         | 0.128        |
|    time_elapsed         | 18783        |
|    total_timesteps      | 154624       |
| train/                  |              |
|    approx_kl            | 0.0068329964 |
|    clip_fraction        | 0.0959       |
|    clip_range           | 0.2          |
|    entropy_loss         | -1.25        |
|    explained_variance   | 0.85         |
|    learning_rate        | 0.0001       |
|    loss                 | 0.0534       |
|    n_updates            | 2970         |
|    policy_gradient_loss | -0.00797     |
|    std                  | 0.469        |
|    value_loss           | 0.177        |
------------------------------------------
[E2] ~6.2h remaining (173536 steps left @ 0.13s/step)
----------------------------------------
| rollout/                |            |
|    ep_len_mean          | 9.99       |
|    ep_rew_mean          | 1.28       |
| time/                   |            |
|    eta_hours            | 6.21       |
|    fps                  | 6          |
|    iterations           | 247        |
|    sec_per_step         | 0.129      |
|    time_elapsed         | 18850      |
|    total_timesteps      | 155136     |
| train/                  |            |
|    approx_kl            | 0.01520302 |
|    clip_fraction        | 0.146      |
|    clip_range           | 0.2        |
|    entropy_loss         | -1.25      |
|    explained_variance   | 0.797      |
|    learning_rate        | 0.0001     |
|    loss                 | 0.0914     |
|    n_updates            | 2980       |
|    policy_gradient_loss | -0.0145    |
|    std                  | 0.468      |
|    value_loss           | 0.251      |
----------------------------------------
[E2] ~6.3h remaining (173024 steps left @ 0.13s/step)
-----------------------------------------
| rollout/                |             |
|    ep_len_mean          | 10.3        |
|    ep_rew_mean          | 1.28        |
| time/                   |             |
|    eta_hours            | 6.26        |
|    fps                  | 6           |
|    iterations           | 248         |
|    sec_per_step         | 0.13        |
|    time_elapsed         | 18919       |
|    total_timesteps      | 155648      |
| train/                  |             |
|    approx_kl            | 0.011096014 |
|    clip_fraction        | 0.111       |
|    clip_range           | 0.2         |
|    entropy_loss         | -1.24       |
|    explained_variance   | 0.764       |
|    learning_rate        | 0.0001      |
|    loss                 | 0.155       |
|    n_updates            | 2990        |
|    policy_gradient_loss | -0.0152     |
|    std                  | 0.466       |
|    value_loss           | 0.257       |
-----------------------------------------
[E2] ~6.4h remaining (172512 steps left @ 0.13s/step)
-----------------------------------------
| rollout/                |             |
|    ep_len_mean          | 10.6        |
|    ep_rew_mean          | 1.27        |
| time/                   |             |
|    eta_hours            | 6.36        |
|    fps                  | 6           |
|    iterations           | 249         |
|    sec_per_step         | 0.133       |
|    time_elapsed         | 18990       |
|    total_timesteps      | 156160      |
| train/                  |             |
|    approx_kl            | 0.008713942 |
|    clip_fraction        | 0.113       |
|    clip_range           | 0.2         |
|    entropy_loss         | -1.23       |
|    explained_variance   | 0.789       |
|    learning_rate        | 0.0001      |
|    loss                 | 0.156       |
|    n_updates            | 3000        |
|    policy_gradient_loss | -0.0145     |
|    std                  | 0.465       |
|    value_loss           | 0.293       |
-----------------------------------------
[E2] ~6.2h remaining (172000 steps left @ 0.13s/step)
----------------------------------------
| rollout/                |            |
|    ep_len_mean          | 11         |
|    ep_rew_mean          | 1.29       |
| time/                   |            |
|    eta_hours            | 6.2        |
|    fps                  | 6          |
|    iterations           | 250        |
|    sec_per_step         | 0.13       |
|    time_elapsed         | 19053      |
|    total_timesteps      | 156672     |
| train/                  |            |
|    approx_kl            | 0.00997464 |
|    clip_fraction        | 0.0945     |
|    clip_range           | 0.2        |
|    entropy_loss         | -1.23      |
|    explained_variance   | 0.829      |
|    learning_rate        | 0.0001     |
|    loss                 | 0.121      |
|    n_updates            | 3010       |
|    policy_gradient_loss | -0.0155    |
|    std                  | 0.465      |
|    value_loss           | 0.221      |
----------------------------------------
[E2] ~6.1h remaining (171488 steps left @ 0.13s/step)
-----------------------------------------
| rollout/                |             |
|    ep_len_mean          | 10.5        |
|    ep_rew_mean          | 1.31        |
| time/                   |             |
|    eta_hours            | 6.08        |
|    fps                  | 6           |
|    iterations           | 251         |
|    sec_per_step         | 0.128       |
|    time_elapsed         | 19115       |
|    total_timesteps      | 157184      |
| train/                  |             |
|    approx_kl            | 0.010936311 |
|    clip_fraction        | 0.11        |
|    clip_range           | 0.2         |
|    entropy_loss         | -1.23       |
|    explained_variance   | 0.827       |
|    learning_rate        | 0.0001      |
|    loss                 | 0.0474      |
|    n_updates            | 3020        |
|    policy_gradient_loss | -0.0137     |
|    std                  | 0.465       |
|    value_loss           | 0.237       |
-----------------------------------------
[E2] ~6.1h remaining (170976 steps left @ 0.13s/step)
-----------------------------------------
| rollout/                |             |
|    ep_len_mean          | 10.5        |
|    ep_rew_mean          | 1.29        |
| time/                   |             |
|    eta_hours            | 6.1         |
|    fps                  | 6           |
|    iterations           | 252         |
|    sec_per_step         | 0.129       |
|    time_elapsed         | 19182       |
|    total_timesteps      | 157696      |
| train/                  |             |
|    approx_kl            | 0.008398224 |
|    clip_fraction        | 0.0826      |
|    clip_range           | 0.2         |
|    entropy_loss         | -1.23       |
|    explained_variance   | 0.814       |
|    learning_rate        | 0.0001      |
|    loss                 | 0.068       |
|    n_updates            | 3030        |
|    policy_gradient_loss | -0.00984    |
|    std                  | 0.464       |
|    value_loss           | 0.251       |
-----------------------------------------
[E2] ~6.0h remaining (170464 steps left @ 0.13s/step)
-----------------------------------------
| rollout/                |             |
|    ep_len_mean          | 10.4        |
|    ep_rew_mean          | 1.3         |
| time/                   |             |
|    eta_hours            | 6.03        |
|    fps                  | 6           |
|    iterations           | 253         |
|    sec_per_step         | 0.127       |
|    time_elapsed         | 19246       |
|    total_timesteps      | 158208      |
| train/                  |             |
|    approx_kl            | 0.013983819 |
|    clip_fraction        | 0.139       |
|    clip_range           | 0.2         |
|    entropy_loss         | -1.22       |
|    explained_variance   | 0.832       |
|    learning_rate        | 0.0001      |
|    loss                 | 0.0721      |
|    n_updates            | 3040        |
|    policy_gradient_loss | -0.0199     |
|    std                  | 0.464       |
|    value_loss           | 0.192       |
-----------------------------------------
[E2 eval @ step 158673]  MAPE=5.02%  p90=7.80%  success(<5%)=75.0%  mean_scan_time=539.6s
[MF global-best] 4.97% confirmed full-Bloch MAPE saved from full/stage_eval_full @ step 158673 (screen=5.02%) → runs/e2/mf_runB_5sphere_560s_gpu/global_best
[E2] ~6.9h remaining (169952 steps left @ 0.15s/step)
-----------------------------------------
| rollout/                |             |
|    ep_len_mean          | 10.4        |
|    ep_rew_mean          | 1.3         |
| time/                   |             |
|    eta_hours            | 6.86        |
|    fps                  | 6           |
|    iterations           | 254         |
|    sec_per_step         | 0.145       |
|    time_elapsed         | 19342       |
|    total_timesteps      | 158720      |
| train/                  |             |
|    approx_kl            | 0.011197634 |
|    clip_fraction        | 0.135       |
|    clip_range           | 0.2         |
|    entropy_loss         | -1.22       |
|    explained_variance   | 0.845       |
|    learning_rate        | 0.0001      |
|    loss                 | 0.0545      |
|    n_updates            | 3050        |
|    policy_gradient_loss | -0.016      |
|    std                  | 0.462       |
|    value_loss           | 0.202       |
-----------------------------------------
[E2] ~6.6h remaining (169440 steps left @ 0.14s/step)
-----------------------------------------
| rollout/                |             |
|    ep_len_mean          | 10.5        |
|    ep_rew_mean          | 1.3         |
| time/                   |             |
|    eta_hours            | 6.55        |
|    fps                  | 6           |
|    iterations           | 255         |
|    sec_per_step         | 0.139       |
|    time_elapsed         | 19406       |
|    total_timesteps      | 159232      |
| train/                  |             |
|    approx_kl            | 0.006582629 |
|    clip_fraction        | 0.0551      |
|    clip_range           | 0.2         |
|    entropy_loss         | -1.21       |
|    explained_variance   | 0.817       |
|    learning_rate        | 0.0001      |
|    loss                 | 0.0717      |
|    n_updates            | 3060        |
|    policy_gradient_loss | -0.00949    |
|    std                  | 0.462       |
|    value_loss           | 0.247       |
-----------------------------------------
[E2] ~6.1h remaining (168928 steps left @ 0.13s/step)
-----------------------------------------
| rollout/                |             |
|    ep_len_mean          | 10.5        |
|    ep_rew_mean          | 1.27        |
| time/                   |             |
|    eta_hours            | 6.07        |
|    fps                  | 6           |
|    iterations           | 256         |
|    sec_per_step         | 0.129       |
|    time_elapsed         | 19460       |
|    total_timesteps      | 159744      |
| train/                  |             |
|    approx_kl            | 0.009039418 |
|    clip_fraction        | 0.106       |
|    clip_range           | 0.2         |
|    entropy_loss         | -1.21       |
|    explained_variance   | 0.807       |
|    learning_rate        | 0.0001      |
|    loss                 | 0.103       |
|    n_updates            | 3070        |
|    policy_gradient_loss | -0.0109     |
|    std                  | 0.461       |
|    value_loss           | 0.248       |
-----------------------------------------
[E2] ~6.0h remaining (168416 steps left @ 0.13s/step)
-----------------------------------------
| rollout/                |             |
|    ep_len_mean          | 10.2        |
|    ep_rew_mean          | 1.27        |
| time/                   |             |
|    eta_hours            | 6.03        |
|    fps                  | 6           |
|    iterations           | 257         |
|    sec_per_step         | 0.129       |
|    time_elapsed         | 19526       |
|    total_timesteps      | 160256      |
| train/                  |             |
|    approx_kl            | 0.010149596 |
|    clip_fraction        | 0.107       |
|    clip_range           | 0.2         |
|    entropy_loss         | -1.21       |
|    explained_variance   | 0.804       |
|    learning_rate        | 0.0001      |
|    loss                 | 0.0386      |
|    n_updates            | 3080        |
|    policy_gradient_loss | -0.0154     |
|    std                  | 0.461       |
|    value_loss           | 0.234       |
-----------------------------------------
[E2] ~5.9h remaining (167904 steps left @ 0.13s/step)
-----------------------------------------
| rollout/                |             |
|    ep_len_mean          | 10.2        |
|    ep_rew_mean          | 1.3         |
| time/                   |             |
|    eta_hours            | 5.95        |
|    fps                  | 6           |
|    iterations           | 258         |
|    sec_per_step         | 0.128       |
|    time_elapsed         | 19590       |
|    total_timesteps      | 160768      |
| train/                  |             |
|    approx_kl            | 0.010617284 |
|    clip_fraction        | 0.106       |
|    clip_range           | 0.2         |
|    entropy_loss         | -1.21       |
|    explained_variance   | 0.844       |
|    learning_rate        | 0.0001      |
|    loss                 | 0.0961      |
|    n_updates            | 3090        |
|    policy_gradient_loss | -0.0139     |
|    std                  | 0.46        |
|    value_loss           | 0.228       |
-----------------------------------------
[E2] ~5.9h remaining (167392 steps left @ 0.13s/step)
-----------------------------------------
| rollout/                |             |
|    ep_len_mean          | 10.6        |
|    ep_rew_mean          | 1.31        |
| time/                   |             |
|    eta_hours            | 5.94        |
|    fps                  | 6           |
|    iterations           | 259         |
|    sec_per_step         | 0.128       |
|    time_elapsed         | 19655       |
|    total_timesteps      | 161280      |
| train/                  |             |
|    approx_kl            | 0.017880134 |
|    clip_fraction        | 0.192       |
|    clip_range           | 0.2         |
|    entropy_loss         | -1.2        |
|    explained_variance   | 0.828       |
|    learning_rate        | 0.0001      |
|    loss                 | 0.0757      |
|    n_updates            | 3100        |
|    policy_gradient_loss | -0.0187     |
|    std                  | 0.459       |
|    value_loss           | 0.234       |
-----------------------------------------
[E2] ~5.9h remaining (166880 steps left @ 0.13s/step)
-----------------------------------------
| rollout/                |             |
|    ep_len_mean          | 10.7        |
|    ep_rew_mean          | 1.28        |
| time/                   |             |
|    eta_hours            | 5.89        |
|    fps                  | 6           |
|    iterations           | 260         |
|    sec_per_step         | 0.127       |
|    time_elapsed         | 19719       |
|    total_timesteps      | 161792      |
| train/                  |             |
|    approx_kl            | 0.010702208 |
|    clip_fraction        | 0.133       |
|    clip_range           | 0.2         |
|    entropy_loss         | -1.2        |
|    explained_variance   | 0.812       |
|    learning_rate        | 0.0001      |
|    loss                 | 0.135       |
|    n_updates            | 3110        |
|    policy_gradient_loss | -0.0113     |
|    std                  | 0.458       |
|    value_loss           | 0.281       |
-----------------------------------------
[E2] ~5.9h remaining (166368 steps left @ 0.13s/step)
-----------------------------------------
| rollout/                |             |
|    ep_len_mean          | 10.4        |
|    ep_rew_mean          | 1.24        |
| time/                   |             |
|    eta_hours            | 5.87        |
|    fps                  | 6           |
|    iterations           | 261         |
|    sec_per_step         | 0.127       |
|    time_elapsed         | 19784       |
|    total_timesteps      | 162304      |
| train/                  |             |
|    approx_kl            | 0.010372951 |
|    clip_fraction        | 0.113       |
|    clip_range           | 0.2         |
|    entropy_loss         | -1.19       |
|    explained_variance   | 0.807       |
|    learning_rate        | 0.0001      |
|    loss                 | 0.18        |
|    n_updates            | 3120        |
|    policy_gradient_loss | -0.0124     |
|    std                  | 0.457       |
|    value_loss           | 0.223       |
-----------------------------------------
[E2] ~5.8h remaining (165856 steps left @ 0.13s/step)
-----------------------------------------
| rollout/                |             |
|    ep_len_mean          | 10.3        |
|    ep_rew_mean          | 1.28        |
| time/                   |             |
|    eta_hours            | 5.84        |
|    fps                  | 6           |
|    iterations           | 262         |
|    sec_per_step         | 0.127       |
|    time_elapsed         | 19849       |
|    total_timesteps      | 162816      |
| train/                  |             |
|    approx_kl            | 0.013189375 |
|    clip_fraction        | 0.123       |
|    clip_range           | 0.2         |
|    entropy_loss         | -1.18       |
|    explained_variance   | 0.824       |
|    learning_rate        | 0.0001      |
|    loss                 | 0.119       |
|    n_updates            | 3130        |
|    policy_gradient_loss | -0.0179     |
|    std                  | 0.455       |
|    value_loss           | 0.228       |
-----------------------------------------
[E2] ~5.9h remaining (165344 steps left @ 0.13s/step)
-----------------------------------------
| rollout/                |             |
|    ep_len_mean          | 10.4        |
|    ep_rew_mean          | 1.27        |
| time/                   |             |
|    eta_hours            | 5.86        |
|    fps                  | 6           |
|    iterations           | 263         |
|    sec_per_step         | 0.128       |
|    time_elapsed         | 19915       |
|    total_timesteps      | 163328      |
| train/                  |             |
|    approx_kl            | 0.019503888 |
|    clip_fraction        | 0.15        |
|    clip_range           | 0.2         |
|    entropy_loss         | -1.18       |
|    explained_variance   | 0.806       |
|    learning_rate        | 0.0001      |
|    loss                 | 0.123       |
|    n_updates            | 3140        |
|    policy_gradient_loss | -0.0182     |
|    std                  | 0.454       |
|    value_loss           | 0.246       |
-----------------------------------------
[E2] ~5.9h remaining (164832 steps left @ 0.13s/step)
-----------------------------------------
| rollout/                |             |
|    ep_len_mean          | 10.8        |
|    ep_rew_mean          | 1.27        |
| time/                   |             |
|    eta_hours            | 5.91        |
|    fps                  | 6           |
|    iterations           | 264         |
|    sec_per_step         | 0.129       |
|    time_elapsed         | 19983       |
|    total_timesteps      | 163840      |
| train/                  |             |
|    approx_kl            | 0.016904613 |
|    clip_fraction        | 0.164       |
|    clip_range           | 0.2         |
|    entropy_loss         | -1.17       |
|    explained_variance   | 0.856       |
|    learning_rate        | 0.0001      |
|    loss                 | 0.0692      |
|    n_updates            | 3150        |
|    policy_gradient_loss | -0.0196     |
|    std                  | 0.452       |
|    value_loss           | 0.182       |
-----------------------------------------
[E2] ~5.9h remaining (164320 steps left @ 0.13s/step)
-----------------------------------------
| rollout/                |             |
|    ep_len_mean          | 10.8        |
|    ep_rew_mean          | 1.28        |
| time/                   |             |
|    eta_hours            | 5.94        |
|    fps                  | 6           |
|    iterations           | 265         |
|    sec_per_step         | 0.13        |
|    time_elapsed         | 20051       |
|    total_timesteps      | 164352      |
| train/                  |             |
|    approx_kl            | 0.010910897 |
|    clip_fraction        | 0.124       |
|    clip_range           | 0.2         |
|    entropy_loss         | -1.16       |
|    explained_variance   | 0.841       |
|    learning_rate        | 0.0001      |
|    loss                 | 0.0588      |
|    n_updates            | 3160        |
|    policy_gradient_loss | -0.0133     |
|    std                  | 0.45        |
|    value_loss           | 0.199       |
-----------------------------------------
[E2] ~5.9h remaining (163808 steps left @ 0.13s/step)
----------------------------------------
| rollout/                |            |
|    ep_len_mean          | 10.7       |
|    ep_rew_mean          | 1.3        |
| time/                   |            |
|    eta_hours            | 5.94       |
|    fps                  | 6          |
|    iterations           | 266        |
|    sec_per_step         | 0.131      |
|    time_elapsed         | 20119      |
|    total_timesteps      | 164864     |
| train/                  |            |
|    approx_kl            | 0.01735494 |
|    clip_fraction        | 0.14       |
|    clip_range           | 0.2        |
|    entropy_loss         | -1.15      |
|    explained_variance   | 0.838      |
|    learning_rate        | 0.0001     |
|    loss                 | 0.0653     |
|    n_updates            | 3170       |
|    policy_gradient_loss | -0.0165    |
|    std                  | 0.449      |
|    value_loss           | 0.22       |
----------------------------------------
[E2] ~6.0h remaining (163296 steps left @ 0.13s/step)
-----------------------------------------
| rollout/                |             |
|    ep_len_mean          | 10.9        |
|    ep_rew_mean          | 1.3         |
| time/                   |             |
|    eta_hours            | 5.98        |
|    fps                  | 6           |
|    iterations           | 267         |
|    sec_per_step         | 0.132       |
|    time_elapsed         | 20187       |
|    total_timesteps      | 165376      |
| train/                  |             |
|    approx_kl            | 0.013253277 |
|    clip_fraction        | 0.187       |
|    clip_range           | 0.2         |
|    entropy_loss         | -1.15       |
|    explained_variance   | 0.845       |
|    learning_rate        | 0.0001      |
|    loss                 | 0.0746      |
|    n_updates            | 3180        |
|    policy_gradient_loss | -0.0175     |
|    std                  | 0.448       |
|    value_loss           | 0.203       |
-----------------------------------------
[E2] ~5.9h remaining (162784 steps left @ 0.13s/step)
------------------------------------------
| rollout/                |              |
|    ep_len_mean          | 11.2         |
|    ep_rew_mean          | 1.3          |
| time/                   |              |
|    eta_hours            | 5.93         |
|    fps                  | 6            |
|    iterations           | 268          |
|    sec_per_step         | 0.131        |
|    time_elapsed         | 20254        |
|    total_timesteps      | 165888       |
| train/                  |              |
|    approx_kl            | 0.0065768724 |
|    clip_fraction        | 0.0895       |
|    clip_range           | 0.2          |
|    entropy_loss         | -1.14        |
|    explained_variance   | 0.81         |
|    learning_rate        | 0.0001       |
|    loss                 | 0.128        |
|    n_updates            | 3190         |
|    policy_gradient_loss | -0.0116      |
|    std                  | 0.447        |
|    value_loss           | 0.256        |
------------------------------------------
[E2] ~5.8h remaining (162272 steps left @ 0.13s/step)
-----------------------------------------
| rollout/                |             |
|    ep_len_mean          | 11.3        |
|    ep_rew_mean          | 1.28        |
| time/                   |             |
|    eta_hours            | 5.76        |
|    fps                  | 6           |
|    iterations           | 269         |
|    sec_per_step         | 0.128       |
|    time_elapsed         | 20315       |
|    total_timesteps      | 166400      |
| train/                  |             |
|    approx_kl            | 0.012322191 |
|    clip_fraction        | 0.0922      |
|    clip_range           | 0.2         |
|    entropy_loss         | -1.14       |
|    explained_variance   | 0.828       |
|    learning_rate        | 0.0001      |
|    loss                 | 0.0812      |
|    n_updates            | 3200        |
|    policy_gradient_loss | -0.0158     |
|    std                  | 0.445       |
|    value_loss           | 0.22        |
-----------------------------------------
[E2] ~5.8h remaining (161760 steps left @ 0.13s/step)
-----------------------------------------
| rollout/                |             |
|    ep_len_mean          | 11.7        |
|    ep_rew_mean          | 1.29        |
| time/                   |             |
|    eta_hours            | 5.76        |
|    fps                  | 6           |
|    iterations           | 270         |
|    sec_per_step         | 0.128       |
|    time_elapsed         | 20381       |
|    total_timesteps      | 166912      |
| train/                  |             |
|    approx_kl            | 0.010114172 |
|    clip_fraction        | 0.105       |
|    clip_range           | 0.2         |
|    entropy_loss         | -1.13       |
|    explained_variance   | 0.816       |
|    learning_rate        | 0.0001      |
|    loss                 | 0.0645      |
|    n_updates            | 3210        |
|    policy_gradient_loss | -0.014      |
|    std                  | 0.445       |
|    value_loss           | 0.226       |
-----------------------------------------
[E2] ~5.6h remaining (161248 steps left @ 0.13s/step)
-----------------------------------------
| rollout/                |             |
|    ep_len_mean          | 11.8        |
|    ep_rew_mean          | 1.28        |
| time/                   |             |
|    eta_hours            | 5.64        |
|    fps                  | 6           |
|    iterations           | 271         |
|    sec_per_step         | 0.126       |
|    time_elapsed         | 20443       |
|    total_timesteps      | 167424      |
| train/                  |             |
|    approx_kl            | 0.008278383 |
|    clip_fraction        | 0.0996      |
|    clip_range           | 0.2         |
|    entropy_loss         | -1.13       |
|    explained_variance   | 0.787       |
|    learning_rate        | 0.0001      |
|    loss                 | 0.123       |
|    n_updates            | 3220        |
|    policy_gradient_loss | -0.0166     |
|    std                  | 0.444       |
|    value_loss           | 0.27        |
-----------------------------------------
[E2] ~5.7h remaining (160736 steps left @ 0.13s/step)
----------------------------------------
| rollout/                |            |
|    ep_len_mean          | 11.8       |
|    ep_rew_mean          | 1.29       |
| time/                   |            |
|    eta_hours            | 5.66       |
|    fps                  | 6          |
|    iterations           | 272        |
|    sec_per_step         | 0.127      |
|    time_elapsed         | 20509      |
|    total_timesteps      | 167936     |
| train/                  |            |
|    approx_kl            | 0.00977577 |
|    clip_fraction        | 0.112      |
|    clip_range           | 0.2        |
|    entropy_loss         | -1.13      |
|    explained_variance   | 0.812      |
|    learning_rate        | 0.0001     |
|    loss                 | 0.0884     |
|    n_updates            | 3230       |
|    policy_gradient_loss | -0.0136    |
|    std                  | 0.444      |
|    value_loss           | 0.229      |
----------------------------------------
[E2] ~5.7h remaining (160224 steps left @ 0.13s/step)
-----------------------------------------
| rollout/                |             |
|    ep_len_mean          | 11.2        |
|    ep_rew_mean          | 1.29        |
| time/                   |             |
|    eta_hours            | 5.65        |
|    fps                  | 6           |
|    iterations           | 273         |
|    sec_per_step         | 0.127       |
|    time_elapsed         | 20574       |
|    total_timesteps      | 168448      |
| train/                  |             |
|    approx_kl            | 0.008266214 |
|    clip_fraction        | 0.0723      |
|    clip_range           | 0.2         |
|    entropy_loss         | -1.12       |
|    explained_variance   | 0.868       |
|    learning_rate        | 0.0001      |
|    loss                 | 0.0491      |
|    n_updates            | 3240        |
|    policy_gradient_loss | -0.0128     |
|    std                  | 0.442       |
|    value_loss           | 0.163       |
-----------------------------------------
[E2 eval @ step 168673]  MAPE=4.99%  p90=6.54%  success(<5%)=75.0%  mean_scan_time=545.1s
[E2] ~6.2h remaining (159712 steps left @ 0.14s/step)
-----------------------------------------
| rollout/                |             |
|    ep_len_mean          | 11.1        |
|    ep_rew_mean          | 1.28        |
| time/                   |             |
|    eta_hours            | 6.25        |
|    fps                  | 6           |
|    iterations           | 274         |
|    sec_per_step         | 0.141       |
|    time_elapsed         | 20663       |
|    total_timesteps      | 168960      |
| train/                  |             |
|    approx_kl            | 0.013861064 |
|    clip_fraction        | 0.151       |
|    clip_range           | 0.2         |
|    entropy_loss         | -1.12       |
|    explained_variance   | 0.838       |
|    learning_rate        | 0.0001      |
|    loss                 | 0.109       |
|    n_updates            | 3250        |
|    policy_gradient_loss | -0.0163     |
|    std                  | 0.441       |
|    value_loss           | 0.199       |
-----------------------------------------
[E2] ~6.0h remaining (159200 steps left @ 0.14s/step)
-----------------------------------------
| rollout/                |             |
|    ep_len_mean          | 11.4        |
|    ep_rew_mean          | 1.3         |
| time/                   |             |
|    eta_hours            | 6.02        |
|    fps                  | 6           |
|    iterations           | 275         |
|    sec_per_step         | 0.136       |
|    time_elapsed         | 20727       |
|    total_timesteps      | 169472      |
| train/                  |             |
|    approx_kl            | 0.009908725 |
|    clip_fraction        | 0.111       |
|    clip_range           | 0.2         |
|    entropy_loss         | -1.11       |
|    explained_variance   | 0.821       |
|    learning_rate        | 0.0001      |
|    loss                 | 0.0374      |
|    n_updates            | 3260        |
|    policy_gradient_loss | -0.0146     |
|    std                  | 0.441       |
|    value_loss           | 0.239       |
-----------------------------------------
[E2] ~5.9h remaining (158688 steps left @ 0.13s/step)
------------------------------------------
| rollout/                |              |
|    ep_len_mean          | 11.6         |
|    ep_rew_mean          | 1.31         |
| time/                   |              |
|    eta_hours            | 5.85         |
|    fps                  | 6            |
|    iterations           | 276          |
|    sec_per_step         | 0.133        |
|    time_elapsed         | 20791        |
|    total_timesteps      | 169984       |
| train/                  |              |
|    approx_kl            | 0.0080413185 |
|    clip_fraction        | 0.083        |
|    clip_range           | 0.2          |
|    entropy_loss         | -1.11        |
|    explained_variance   | 0.822        |
|    learning_rate        | 0.0001       |
|    loss                 | 0.0282       |
|    n_updates            | 3270         |
|    policy_gradient_loss | -0.011       |
|    std                  | 0.44         |
|    value_loss           | 0.232        |
------------------------------------------
[E2] ~5.7h remaining (158176 steps left @ 0.13s/step)
-----------------------------------------
| rollout/                |             |
|    ep_len_mean          | 11.6        |
|    ep_rew_mean          | 1.27        |
| time/                   |             |
|    eta_hours            | 5.71        |
|    fps                  | 6           |
|    iterations           | 277         |
|    sec_per_step         | 0.13        |
|    time_elapsed         | 20854       |
|    total_timesteps      | 170496      |
| train/                  |             |
|    approx_kl            | 0.010141907 |
|    clip_fraction        | 0.137       |
|    clip_range           | 0.2         |
|    entropy_loss         | -1.1        |
|    explained_variance   | 0.872       |
|    learning_rate        | 0.0001      |
|    loss                 | 0.0444      |
|    n_updates            | 3280        |
|    policy_gradient_loss | -0.0165     |
|    std                  | 0.438       |
|    value_loss           | 0.148       |
-----------------------------------------
[E2] ~5.4h remaining (157664 steps left @ 0.12s/step)
-----------------------------------------
| rollout/                |             |
|    ep_len_mean          | 11.9        |
|    ep_rew_mean          | 1.27        |
| time/                   |             |
|    eta_hours            | 5.43        |
|    fps                  | 6           |
|    iterations           | 278         |
|    sec_per_step         | 0.124       |
|    time_elapsed         | 20910       |
|    total_timesteps      | 171008      |
| train/                  |             |
|    approx_kl            | 0.014525482 |
|    clip_fraction        | 0.116       |
|    clip_range           | 0.2         |
|    entropy_loss         | -1.1        |
|    explained_variance   | 0.832       |
|    learning_rate        | 0.0001      |
|    loss                 | 0.0551      |
|    n_updates            | 3290        |
|    policy_gradient_loss | -0.0179     |
|    std                  | 0.437       |
|    value_loss           | 0.192       |
-----------------------------------------
[E2] ~5.4h remaining (157152 steps left @ 0.12s/step)
-----------------------------------------
| rollout/                |             |
|    ep_len_mean          | 11.8        |
|    ep_rew_mean          | 1.28        |
| time/                   |             |
|    eta_hours            | 5.44        |
|    fps                  | 6           |
|    iterations           | 279         |
|    sec_per_step         | 0.125       |
|    time_elapsed         | 20975       |
|    total_timesteps      | 171520      |
| train/                  |             |
|    approx_kl            | 0.013471781 |
|    clip_fraction        | 0.128       |
|    clip_range           | 0.2         |
|    entropy_loss         | -1.1        |
|    explained_variance   | 0.823       |
|    learning_rate        | 0.0001      |
|    loss                 | 0.0676      |
|    n_updates            | 3300        |
|    policy_gradient_loss | -0.0174     |
|    std                  | 0.437       |
|    value_loss           | 0.201       |
-----------------------------------------
[E2] ~5.5h remaining (156640 steps left @ 0.13s/step)
-----------------------------------------
| rollout/                |             |
|    ep_len_mean          | 11          |
|    ep_rew_mean          | 1.31        |
| time/                   |             |
|    eta_hours            | 5.5         |
|    fps                  | 6           |
|    iterations           | 280         |
|    sec_per_step         | 0.126       |
|    time_elapsed         | 21042       |
|    total_timesteps      | 172032      |
| train/                  |             |
|    approx_kl            | 0.009631071 |
|    clip_fraction        | 0.0965      |
|    clip_range           | 0.2         |
|    entropy_loss         | -1.09       |
|    explained_variance   | 0.84        |
|    learning_rate        | 0.0001      |
|    loss                 | 0.0615      |
|    n_updates            | 3310        |
|    policy_gradient_loss | -0.0118     |
|    std                  | 0.436       |
|    value_loss           | 0.202       |
-----------------------------------------
[E2] ~5.5h remaining (156128 steps left @ 0.13s/step)
-----------------------------------------
| rollout/                |             |
|    ep_len_mean          | 11.1        |
|    ep_rew_mean          | 1.31        |
| time/                   |             |
|    eta_hours            | 5.46        |
|    fps                  | 6           |
|    iterations           | 281         |
|    sec_per_step         | 0.126       |
|    time_elapsed         | 21105       |
|    total_timesteps      | 172544      |
| train/                  |             |
|    approx_kl            | 0.010754164 |
|    clip_fraction        | 0.109       |
|    clip_range           | 0.2         |
|    entropy_loss         | -1.09       |
|    explained_variance   | 0.888       |
|    learning_rate        | 0.0001      |
|    loss                 | 0.06        |
|    n_updates            | 3320        |
|    policy_gradient_loss | -0.0119     |
|    std                  | 0.436       |
|    value_loss           | 0.147       |
-----------------------------------------
[E2] ~5.3h remaining (155616 steps left @ 0.12s/step)
-----------------------------------------
| rollout/                |             |
|    ep_len_mean          | 11.2        |
|    ep_rew_mean          | 1.31        |
| time/                   |             |
|    eta_hours            | 5.31        |
|    fps                  | 6           |
|    iterations           | 282         |
|    sec_per_step         | 0.123       |
|    time_elapsed         | 21165       |
|    total_timesteps      | 173056      |
| train/                  |             |
|    approx_kl            | 0.011119453 |
|    clip_fraction        | 0.122       |
|    clip_range           | 0.2         |
|    entropy_loss         | -1.09       |
|    explained_variance   | 0.845       |
|    learning_rate        | 0.0001      |
|    loss                 | 0.0762      |
|    n_updates            | 3330        |
|    policy_gradient_loss | -0.0138     |
|    std                  | 0.435       |
|    value_loss           | 0.202       |
-----------------------------------------
[E2] ~5.3h remaining (155104 steps left @ 0.12s/step)
------------------------------------------
| rollout/                |              |
|    ep_len_mean          | 11.7         |
|    ep_rew_mean          | 1.28         |
| time/                   |              |
|    eta_hours            | 5.25         |
|    fps                  | 6            |
|    iterations           | 283          |
|    sec_per_step         | 0.122        |
|    time_elapsed         | 21226        |
|    total_timesteps      | 173568       |
| train/                  |              |
|    approx_kl            | 0.0151246395 |
|    clip_fraction        | 0.188        |
|    clip_range           | 0.2          |
|    entropy_loss         | -1.08        |
|    explained_variance   | 0.851        |
|    learning_rate        | 0.0001       |
|    loss                 | 0.0955       |
|    n_updates            | 3340         |
|    policy_gradient_loss | -0.0169      |
|    std                  | 0.434        |
|    value_loss           | 0.184        |
------------------------------------------
[E2] ~5.3h remaining (154592 steps left @ 0.12s/step)
-----------------------------------------
| rollout/                |             |
|    ep_len_mean          | 11.8        |
|    ep_rew_mean          | 1.29        |
| time/                   |             |
|    eta_hours            | 5.34        |
|    fps                  | 6           |
|    iterations           | 284         |
|    sec_per_step         | 0.124       |
|    time_elapsed         | 21293       |
|    total_timesteps      | 174080      |
| train/                  |             |
|    approx_kl            | 0.011506958 |
|    clip_fraction        | 0.115       |
|    clip_range           | 0.2         |
|    entropy_loss         | -1.08       |
|    explained_variance   | 0.852       |
|    learning_rate        | 0.0001      |
|    loss                 | 0.0575      |
|    n_updates            | 3350        |
|    policy_gradient_loss | -0.0191     |
|    std                  | 0.432       |
|    value_loss           | 0.147       |
-----------------------------------------
[E2] ~5.4h remaining (154080 steps left @ 0.13s/step)
----------------------------------------
| rollout/                |            |
|    ep_len_mean          | 11.8       |
|    ep_rew_mean          | 1.27       |
| time/                   |            |
|    eta_hours            | 5.42       |
|    fps                  | 6          |
|    iterations           | 285        |
|    sec_per_step         | 0.127      |
|    time_elapsed         | 21360      |
|    total_timesteps      | 174592     |
| train/                  |            |
|    approx_kl            | 0.00882428 |
|    clip_fraction        | 0.103      |
|    clip_range           | 0.2        |
|    entropy_loss         | -1.07      |
|    explained_variance   | 0.862      |
|    learning_rate        | 0.0001     |
|    loss                 | 0.03       |
|    n_updates            | 3360       |
|    policy_gradient_loss | -0.0131    |
|    std                  | 0.431      |
|    value_loss           | 0.174      |
----------------------------------------
[E2] ~5.5h remaining (153568 steps left @ 0.13s/step)
------------------------------------------
| rollout/                |              |
|    ep_len_mean          | 11.7         |
|    ep_rew_mean          | 1.3          |
| time/                   |              |
|    eta_hours            | 5.53         |
|    fps                  | 6            |
|    iterations           | 286          |
|    sec_per_step         | 0.13         |
|    time_elapsed         | 21430        |
|    total_timesteps      | 175104       |
| train/                  |              |
|    approx_kl            | 0.0110543985 |
|    clip_fraction        | 0.126        |
|    clip_range           | 0.2          |
|    entropy_loss         | -1.07        |
|    explained_variance   | 0.827        |
|    learning_rate        | 0.0001       |
|    loss                 | 0.0637       |
|    n_updates            | 3370         |
|    policy_gradient_loss | -0.0136      |
|    std                  | 0.431        |
|    value_loss           | 0.199        |
------------------------------------------
[E2] ~5.5h remaining (153056 steps left @ 0.13s/step)
------------------------------------------
| rollout/                |              |
|    ep_len_mean          | 11.7         |
|    ep_rew_mean          | 1.3          |
| time/                   |              |
|    eta_hours            | 5.49         |
|    fps                  | 6            |
|    iterations           | 287          |
|    sec_per_step         | 0.129        |
|    time_elapsed         | 21496        |
|    total_timesteps      | 175616       |
| train/                  |              |
|    approx_kl            | 0.0127672525 |
|    clip_fraction        | 0.0977       |
|    clip_range           | 0.2          |
|    entropy_loss         | -1.06        |
|    explained_variance   | 0.819        |
|    learning_rate        | 0.0001       |
|    loss                 | 0.118        |
|    n_updates            | 3380         |
|    policy_gradient_loss | -0.00959     |
|    std                  | 0.429        |
|    value_loss           | 0.223        |
------------------------------------------
[E2] ~5.5h remaining (152544 steps left @ 0.13s/step)
-----------------------------------------
| rollout/                |             |
|    ep_len_mean          | 11.6        |
|    ep_rew_mean          | 1.25        |
| time/                   |             |
|    eta_hours            | 5.46        |
|    fps                  | 6           |
|    iterations           | 288         |
|    sec_per_step         | 0.129       |
|    time_elapsed         | 21561       |
|    total_timesteps      | 176128      |
| train/                  |             |
|    approx_kl            | 0.008253566 |
|    clip_fraction        | 0.0775      |
|    clip_range           | 0.2         |
|    entropy_loss         | -1.06       |
|    explained_variance   | 0.842       |
|    learning_rate        | 0.0001      |
|    loss                 | 0.0941      |
|    n_updates            | 3390        |
|    policy_gradient_loss | -0.0125     |
|    std                  | 0.428       |
|    value_loss           | 0.184       |
-----------------------------------------
[E2] ~5.6h remaining (152032 steps left @ 0.13s/step)
-----------------------------------------
| rollout/                |             |
|    ep_len_mean          | 11.2        |
|    ep_rew_mean          | 1.26        |
| time/                   |             |
|    eta_hours            | 5.61        |
|    fps                  | 6           |
|    iterations           | 289         |
|    sec_per_step         | 0.133       |
|    time_elapsed         | 21634       |
|    total_timesteps      | 176640      |
| train/                  |             |
|    approx_kl            | 0.008199854 |
|    clip_fraction        | 0.0885      |
|    clip_range           | 0.2         |
|    entropy_loss         | -1.05       |
|    explained_variance   | 0.828       |
|    learning_rate        | 0.0001      |
|    loss                 | 0.0974      |
|    n_updates            | 3400        |
|    policy_gradient_loss | -0.0108     |
|    std                  | 0.427       |
|    value_loss           | 0.195       |
-----------------------------------------
[E2] ~5.6h remaining (151520 steps left @ 0.13s/step)
-----------------------------------------
| rollout/                |             |
|    ep_len_mean          | 11.5        |
|    ep_rew_mean          | 1.25        |
| time/                   |             |
|    eta_hours            | 5.61        |
|    fps                  | 6           |
|    iterations           | 290         |
|    sec_per_step         | 0.133       |
|    time_elapsed         | 21703       |
|    total_timesteps      | 177152      |
| train/                  |             |
|    approx_kl            | 0.011799801 |
|    clip_fraction        | 0.131       |
|    clip_range           | 0.2         |
|    entropy_loss         | -1.05       |
|    explained_variance   | 0.808       |
|    learning_rate        | 0.0001      |
|    loss                 | 0.136       |
|    n_updates            | 3410        |
|    policy_gradient_loss | -0.0176     |
|    std                  | 0.426       |
|    value_loss           | 0.232       |
-----------------------------------------
[E2] ~5.6h remaining (151008 steps left @ 0.13s/step)
-----------------------------------------
| rollout/                |             |
|    ep_len_mean          | 11.8        |
|    ep_rew_mean          | 1.26        |
| time/                   |             |
|    eta_hours            | 5.58        |
|    fps                  | 6           |
|    iterations           | 291         |
|    sec_per_step         | 0.133       |
|    time_elapsed         | 21771       |
|    total_timesteps      | 177664      |
| train/                  |             |
|    approx_kl            | 0.008865071 |
|    clip_fraction        | 0.0592      |
|    clip_range           | 0.2         |
|    entropy_loss         | -1.04       |
|    explained_variance   | 0.825       |
|    learning_rate        | 0.0001      |
|    loss                 | 0.0855      |
|    n_updates            | 3420        |
|    policy_gradient_loss | -0.0115     |
|    std                  | 0.426       |
|    value_loss           | 0.238       |
-----------------------------------------
[E2] ~5.5h remaining (150496 steps left @ 0.13s/step)
-----------------------------------------
| rollout/                |             |
|    ep_len_mean          | 12          |
|    ep_rew_mean          | 1.26        |
| time/                   |             |
|    eta_hours            | 5.53        |
|    fps                  | 6           |
|    iterations           | 292         |
|    sec_per_step         | 0.132       |
|    time_elapsed         | 21838       |
|    total_timesteps      | 178176      |
| train/                  |             |
|    approx_kl            | 0.011220874 |
|    clip_fraction        | 0.143       |
|    clip_range           | 0.2         |
|    entropy_loss         | -1.04       |
|    explained_variance   | 0.864       |
|    learning_rate        | 0.0001      |
|    loss                 | 0.0539      |
|    n_updates            | 3430        |
|    policy_gradient_loss | -0.0157     |
|    std                  | 0.425       |
|    value_loss           | 0.149       |
-----------------------------------------
[E2 eval @ step 178673]  MAPE=4.94%  p90=7.87%  success(<5%)=60.0%  mean_scan_time=545.6s
[MF global-best] candidate from full/stage_eval_full screened at 4.94% but confirmed at 7.90% >= current best 4.97%
[E2] ~6.3h remaining (149984 steps left @ 0.15s/step)
-----------------------------------------
| rollout/                |             |
|    ep_len_mean          | 11.7        |
|    ep_rew_mean          | 1.28        |
| time/                   |             |
|    eta_hours            | 6.29        |
|    fps                  | 6           |
|    iterations           | 293         |
|    sec_per_step         | 0.151       |
|    time_elapsed         | 21937       |
|    total_timesteps      | 178688      |
| train/                  |             |
|    approx_kl            | 0.010690078 |
|    clip_fraction        | 0.109       |
|    clip_range           | 0.2         |
|    entropy_loss         | -1.03       |
|    explained_variance   | 0.814       |
|    learning_rate        | 0.0001      |
|    loss                 | 0.101       |
|    n_updates            | 3440        |
|    policy_gradient_loss | -0.0127     |
|    std                  | 0.424       |
|    value_loss           | 0.193       |
-----------------------------------------
[E2] ~6.0h remaining (149472 steps left @ 0.14s/step)
-----------------------------------------
| rollout/                |             |
|    ep_len_mean          | 11.5        |
|    ep_rew_mean          | 1.31        |
| time/                   |             |
|    eta_hours            | 6.01        |
|    fps                  | 6           |
|    iterations           | 294         |
|    sec_per_step         | 0.145       |
|    time_elapsed         | 22004       |
|    total_timesteps      | 179200      |
| train/                  |             |
|    approx_kl            | 0.008595818 |
|    clip_fraction        | 0.0662      |
|    clip_range           | 0.2         |
|    entropy_loss         | -1.03       |
|    explained_variance   | 0.81        |
|    learning_rate        | 0.0001      |
|    loss                 | 0.0665      |
|    n_updates            | 3450        |
|    policy_gradient_loss | -0.0095     |
|    std                  | 0.423       |
|    value_loss           | 0.234       |
-----------------------------------------
[E2] ~5.7h remaining (148960 steps left @ 0.14s/step)
-----------------------------------------
| rollout/                |             |
|    ep_len_mean          | 11.5        |
|    ep_rew_mean          | 1.31        |
| time/                   |             |
|    eta_hours            | 5.74        |
|    fps                  | 6           |
|    iterations           | 295         |
|    sec_per_step         | 0.139       |
|    time_elapsed         | 22068       |
|    total_timesteps      | 179712      |
| train/                  |             |
|    approx_kl            | 0.008799579 |
|    clip_fraction        | 0.104       |
|    clip_range           | 0.2         |
|    entropy_loss         | -1.03       |
|    explained_variance   | 0.861       |
|    learning_rate        | 0.0001      |
|    loss                 | 0.0476      |
|    n_updates            | 3460        |
|    policy_gradient_loss | -0.00891    |
|    std                  | 0.423       |
|    value_loss           | 0.167       |
-----------------------------------------
[E2] ~5.6h remaining (148448 steps left @ 0.14s/step)
-----------------------------------------
| rollout/                |             |
|    ep_len_mean          | 11.4        |
|    ep_rew_mean          | 1.32        |
| time/                   |             |
|    eta_hours            | 5.57        |
|    fps                  | 6           |
|    iterations           | 296         |
|    sec_per_step         | 0.135       |
|    time_elapsed         | 22132       |
|    total_timesteps      | 180224      |
| train/                  |             |
|    approx_kl            | 0.007915951 |
|    clip_fraction        | 0.104       |
|    clip_range           | 0.2         |
|    entropy_loss         | -1.02       |
|    explained_variance   | 0.809       |
|    learning_rate        | 0.0001      |
|    loss                 | 0.087       |
|    n_updates            | 3470        |
|    policy_gradient_loss | -0.0145     |
|    std                  | 0.421       |
|    value_loss           | 0.244       |
-----------------------------------------
[E2] ~5.4h remaining (147936 steps left @ 0.13s/step)
-----------------------------------------
| rollout/                |             |
|    ep_len_mean          | 11.8        |
|    ep_rew_mean          | 1.29        |
| time/                   |             |
|    eta_hours            | 5.37        |
|    fps                  | 6           |
|    iterations           | 297         |
|    sec_per_step         | 0.131       |
|    time_elapsed         | 22194       |
|    total_timesteps      | 180736      |
| train/                  |             |
|    approx_kl            | 0.009900043 |
|    clip_fraction        | 0.131       |
|    clip_range           | 0.2         |
|    entropy_loss         | -1.02       |
|    explained_variance   | 0.874       |
|    learning_rate        | 0.0001      |
|    loss                 | 0.0766      |
|    n_updates            | 3480        |
|    policy_gradient_loss | -0.0139     |
|    std                  | 0.421       |
|    value_loss           | 0.158       |
-----------------------------------------
[E2] ~5.3h remaining (147424 steps left @ 0.13s/step)
-----------------------------------------
| rollout/                |             |
|    ep_len_mean          | 11.9        |
|    ep_rew_mean          | 1.31        |
| time/                   |             |
|    eta_hours            | 5.32        |
|    fps                  | 6           |
|    iterations           | 298         |
|    sec_per_step         | 0.13        |
|    time_elapsed         | 22260       |
|    total_timesteps      | 181248      |
| train/                  |             |
|    approx_kl            | 0.007649651 |
|    clip_fraction        | 0.0787      |
|    clip_range           | 0.2         |
|    entropy_loss         | -1.01       |
|    explained_variance   | 0.815       |
|    learning_rate        | 0.0001      |
|    loss                 | 0.0844      |
|    n_updates            | 3490        |
|    policy_gradient_loss | -0.0103     |
|    std                  | 0.42        |
|    value_loss           | 0.228       |
-----------------------------------------
[E2] ~5.3h remaining (146912 steps left @ 0.13s/step)
------------------------------------------
| rollout/                |              |
|    ep_len_mean          | 12           |
|    ep_rew_mean          | 1.34         |
| time/                   |              |
|    eta_hours            | 5.31         |
|    fps                  | 6            |
|    iterations           | 299          |
|    sec_per_step         | 0.13         |
|    time_elapsed         | 22326        |
|    total_timesteps      | 181760       |
| train/                  |              |
|    approx_kl            | 0.0069805523 |
|    clip_fraction        | 0.101        |
|    clip_range           | 0.2          |
|    entropy_loss         | -1.01        |
|    explained_variance   | 0.838        |
|    learning_rate        | 0.0001       |
|    loss                 | 0.0757       |
|    n_updates            | 3500         |
|    policy_gradient_loss | -0.012       |
|    std                  | 0.419        |
|    value_loss           | 0.205        |
------------------------------------------
[E2] ~5.3h remaining (146400 steps left @ 0.13s/step)
-----------------------------------------
| rollout/                |             |
|    ep_len_mean          | 12.1        |
|    ep_rew_mean          | 1.3         |
| time/                   |             |
|    eta_hours            | 5.33        |
|    fps                  | 6           |
|    iterations           | 300         |
|    sec_per_step         | 0.131       |
|    time_elapsed         | 22395       |
|    total_timesteps      | 182272      |
| train/                  |             |
|    approx_kl            | 0.016239159 |
|    clip_fraction        | 0.159       |
|    clip_range           | 0.2         |
|    entropy_loss         | -1          |
|    explained_variance   | 0.779       |
|    learning_rate        | 0.0001      |
|    loss                 | 0.097       |
|    n_updates            | 3510        |
|    policy_gradient_loss | -0.0195     |
|    std                  | 0.418       |
|    value_loss           | 0.248       |
-----------------------------------------
[E2] ~5.4h remaining (145888 steps left @ 0.13s/step)
------------------------------------------
| rollout/                |              |
|    ep_len_mean          | 11.8         |
|    ep_rew_mean          | 1.31         |
| time/                   |              |
|    eta_hours            | 5.35         |
|    fps                  | 6            |
|    iterations           | 301          |
|    sec_per_step         | 0.132        |
|    time_elapsed         | 22463        |
|    total_timesteps      | 182784       |
| train/                  |              |
|    approx_kl            | 0.0073190005 |
|    clip_fraction        | 0.0859       |
|    clip_range           | 0.2          |
|    entropy_loss         | -0.993       |
|    explained_variance   | 0.824        |
|    learning_rate        | 0.0001       |
|    loss                 | 0.132        |
|    n_updates            | 3520         |
|    policy_gradient_loss | -0.01        |
|    std                  | 0.415        |
|    value_loss           | 0.21         |
------------------------------------------
[E2] ~5.3h remaining (145376 steps left @ 0.13s/step)
-----------------------------------------
| rollout/                |             |
|    ep_len_mean          | 11.7        |
|    ep_rew_mean          | 1.31        |
| time/                   |             |
|    eta_hours            | 5.29        |
|    fps                  | 6           |
|    iterations           | 302         |
|    sec_per_step         | 0.131       |
|    time_elapsed         | 22529       |
|    total_timesteps      | 183296      |
| train/                  |             |
|    approx_kl            | 0.015343018 |
|    clip_fraction        | 0.188       |
|    clip_range           | 0.2         |
|    entropy_loss         | -0.984      |
|    explained_variance   | 0.793       |
|    learning_rate        | 0.0001      |
|    loss                 | 0.0842      |
|    n_updates            | 3530        |
|    policy_gradient_loss | -0.0201     |
|    std                  | 0.414       |
|    value_loss           | 0.276       |
-----------------------------------------
[E2] ~5.2h remaining (144864 steps left @ 0.13s/step)
-----------------------------------------
| rollout/                |             |
|    ep_len_mean          | 11.6        |
|    ep_rew_mean          | 1.3         |
| time/                   |             |
|    eta_hours            | 5.24        |
|    fps                  | 6           |
|    iterations           | 303         |
|    sec_per_step         | 0.13        |
|    time_elapsed         | 22595       |
|    total_timesteps      | 183808      |
| train/                  |             |
|    approx_kl            | 0.010532757 |
|    clip_fraction        | 0.128       |
|    clip_range           | 0.2         |
|    entropy_loss         | -0.981      |
|    explained_variance   | 0.876       |
|    learning_rate        | 0.0001      |
|    loss                 | 0.0734      |
|    n_updates            | 3540        |
|    policy_gradient_loss | -0.0111     |
|    std                  | 0.414       |
|    value_loss           | 0.158       |
-----------------------------------------
[E2] ~5.3h remaining (144352 steps left @ 0.13s/step)
-----------------------------------------
| rollout/                |             |
|    ep_len_mean          | 11.5        |
|    ep_rew_mean          | 1.29        |
| time/                   |             |
|    eta_hours            | 5.25        |
|    fps                  | 6           |
|    iterations           | 304         |
|    sec_per_step         | 0.131       |
|    time_elapsed         | 22663       |
|    total_timesteps      | 184320      |
| train/                  |             |
|    approx_kl            | 0.013895332 |
|    clip_fraction        | 0.131       |
|    clip_range           | 0.2         |
|    entropy_loss         | -0.98       |
|    explained_variance   | 0.839       |
|    learning_rate        | 0.0001      |
|    loss                 | 0.0523      |
|    n_updates            | 3550        |
|    policy_gradient_loss | -0.0194     |
|    std                  | 0.413       |
|    value_loss           | 0.193       |
-----------------------------------------
[E2] ~5.2h remaining (143840 steps left @ 0.13s/step)
-----------------------------------------
| rollout/                |             |
|    ep_len_mean          | 11.3        |
|    ep_rew_mean          | 1.3         |
| time/                   |             |
|    eta_hours            | 5.17        |
|    fps                  | 6           |
|    iterations           | 305         |
|    sec_per_step         | 0.129       |
|    time_elapsed         | 22727       |
|    total_timesteps      | 184832      |
| train/                  |             |
|    approx_kl            | 0.010244613 |
|    clip_fraction        | 0.124       |
|    clip_range           | 0.2         |
|    entropy_loss         | -0.978      |
|    explained_variance   | 0.85        |
|    learning_rate        | 0.0001      |
|    loss                 | 0.016       |
|    n_updates            | 3560        |
|    policy_gradient_loss | -0.0142     |
|    std                  | 0.413       |
|    value_loss           | 0.193       |
-----------------------------------------
[E2] ~5.1h remaining (143328 steps left @ 0.13s/step)
-----------------------------------------
| rollout/                |             |
|    ep_len_mean          | 11.7        |
|    ep_rew_mean          | 1.33        |
| time/                   |             |
|    eta_hours            | 5.14        |
|    fps                  | 6           |
|    iterations           | 306         |
|    sec_per_step         | 0.129       |
|    time_elapsed         | 22793       |
|    total_timesteps      | 185344      |
| train/                  |             |
|    approx_kl            | 0.012249694 |
|    clip_fraction        | 0.144       |
|    clip_range           | 0.2         |
|    entropy_loss         | -0.975      |
|    explained_variance   | 0.796       |
|    learning_rate        | 0.0001      |
|    loss                 | 0.153       |
|    n_updates            | 3570        |
|    policy_gradient_loss | -0.0176     |
|    std                  | 0.412       |
|    value_loss           | 0.274       |
-----------------------------------------
[E2] ~5.1h remaining (142816 steps left @ 0.13s/step)
-----------------------------------------
| rollout/                |             |
|    ep_len_mean          | 12          |
|    ep_rew_mean          | 1.31        |
| time/                   |             |
|    eta_hours            | 5.09        |
|    fps                  | 6           |
|    iterations           | 307         |
|    sec_per_step         | 0.128       |
|    time_elapsed         | 22858       |
|    total_timesteps      | 185856      |
| train/                  |             |
|    approx_kl            | 0.009613641 |
|    clip_fraction        | 0.108       |
|    clip_range           | 0.2         |
|    entropy_loss         | -0.972      |
|    explained_variance   | 0.898       |
|    learning_rate        | 0.0001      |
|    loss                 | 0.0299      |
|    n_updates            | 3580        |
|    policy_gradient_loss | -0.0147     |
|    std                  | 0.412       |
|    value_loss           | 0.132       |
-----------------------------------------
[E2] ~5.1h remaining (142304 steps left @ 0.13s/step)
-----------------------------------------
| rollout/                |             |
|    ep_len_mean          | 11.9        |
|    ep_rew_mean          | 1.28        |
| time/                   |             |
|    eta_hours            | 5.08        |
|    fps                  | 6           |
|    iterations           | 308         |
|    sec_per_step         | 0.129       |
|    time_elapsed         | 22924       |
|    total_timesteps      | 186368      |
| train/                  |             |
|    approx_kl            | 0.009365203 |
|    clip_fraction        | 0.158       |
|    clip_range           | 0.2         |
|    entropy_loss         | -0.971      |
|    explained_variance   | 0.834       |
|    learning_rate        | 0.0001      |
|    loss                 | 0.0619      |
|    n_updates            | 3590        |
|    policy_gradient_loss | -0.0169     |
|    std                  | 0.412       |
|    value_loss           | 0.211       |
-----------------------------------------
[E2] ~5.1h remaining (141792 steps left @ 0.13s/step)
-----------------------------------------
| rollout/                |             |
|    ep_len_mean          | 11.9        |
|    ep_rew_mean          | 1.31        |
| time/                   |             |
|    eta_hours            | 5.1         |
|    fps                  | 6           |
|    iterations           | 309         |
|    sec_per_step         | 0.13        |
|    time_elapsed         | 22992       |
|    total_timesteps      | 186880      |
| train/                  |             |
|    approx_kl            | 0.009429723 |
|    clip_fraction        | 0.111       |
|    clip_range           | 0.2         |
|    entropy_loss         | -0.969      |
|    explained_variance   | 0.839       |
|    learning_rate        | 0.0001      |
|    loss                 | 0.0302      |
|    n_updates            | 3600        |
|    policy_gradient_loss | -0.0142     |
|    std                  | 0.412       |
|    value_loss           | 0.201       |
-----------------------------------------
[E2] ~5.1h remaining (141280 steps left @ 0.13s/step)
-----------------------------------------
| rollout/                |             |
|    ep_len_mean          | 12          |
|    ep_rew_mean          | 1.33        |
| time/                   |             |
|    eta_hours            | 5.12        |
|    fps                  | 6           |
|    iterations           | 310         |
|    sec_per_step         | 0.13        |
|    time_elapsed         | 23059       |
|    total_timesteps      | 187392      |
| train/                  |             |
|    approx_kl            | 0.009567858 |
|    clip_fraction        | 0.128       |
|    clip_range           | 0.2         |
|    entropy_loss         | -0.966      |
|    explained_variance   | 0.852       |
|    learning_rate        | 0.0001      |
|    loss                 | 0.107       |
|    n_updates            | 3610        |
|    policy_gradient_loss | -0.0159     |
|    std                  | 0.412       |
|    value_loss           | 0.177       |
-----------------------------------------
[E2] ~5.0h remaining (140768 steps left @ 0.13s/step)
-----------------------------------------
| rollout/                |             |
|    ep_len_mean          | 12.1        |
|    ep_rew_mean          | 1.35        |
| time/                   |             |
|    eta_hours            | 5.04        |
|    fps                  | 6           |
|    iterations           | 311         |
|    sec_per_step         | 0.129       |
|    time_elapsed         | 23124       |
|    total_timesteps      | 187904      |
| train/                  |             |
|    approx_kl            | 0.009873581 |
|    clip_fraction        | 0.125       |
|    clip_range           | 0.2         |
|    entropy_loss         | -0.962      |
|    explained_variance   | 0.801       |
|    learning_rate        | 0.0001      |
|    loss                 | 0.112       |
|    n_updates            | 3620        |
|    policy_gradient_loss | -0.0167     |
|    std                  | 0.41        |
|    value_loss           | 0.263       |
-----------------------------------------
[E2] ~5.0h remaining (140256 steps left @ 0.13s/step)
-----------------------------------------
| rollout/                |             |
|    ep_len_mean          | 12          |
|    ep_rew_mean          | 1.32        |
| time/                   |             |
|    eta_hours            | 4.99        |
|    fps                  | 6           |
|    iterations           | 312         |
|    sec_per_step         | 0.128       |
|    time_elapsed         | 23188       |
|    total_timesteps      | 188416      |
| train/                  |             |
|    approx_kl            | 0.007615553 |
|    clip_fraction        | 0.1         |
|    clip_range           | 0.2         |
|    entropy_loss         | -0.955      |
|    explained_variance   | 0.867       |
|    learning_rate        | 0.0001      |
|    loss                 | 0.0557      |
|    n_updates            | 3630        |
|    policy_gradient_loss | -0.0119     |
|    std                  | 0.409       |
|    value_loss           | 0.168       |
-----------------------------------------
[E2 eval @ step 188673]  MAPE=3.72%  p90=5.30%  success(<5%)=85.0%  mean_scan_time=549.2s
[E2 eval]  → new best MAPE 3.72% saved to runs/e2/mf_runB_5sphere_560s_gpu/stage4_full/best
[MF global-best] 3.45% confirmed full-Bloch MAPE saved from full/stage_eval_full @ step 188673 (screen=3.72%) → runs/e2/mf_runB_5sphere_560s_gpu/global_best
[E2] ~6.0h remaining (139744 steps left @ 0.16s/step)
-----------------------------------------
| rollout/                |             |
|    ep_len_mean          | 11.9        |
|    ep_rew_mean          | 1.3         |
| time/                   |             |
|    eta_hours            | 6.05        |
|    fps                  | 6           |
|    iterations           | 313         |
|    sec_per_step         | 0.156       |
|    time_elapsed         | 23301       |
|    total_timesteps      | 188928      |
| train/                  |             |
|    approx_kl            | 0.008491432 |
|    clip_fraction        | 0.0699      |
|    clip_range           | 0.2         |
|    entropy_loss         | -0.947      |
|    explained_variance   | 0.846       |
|    learning_rate        | 0.0001      |
|    loss                 | 0.0481      |
|    n_updates            | 3640        |
|    policy_gradient_loss | -0.0105     |
|    std                  | 0.407       |
|    value_loss           | 0.187       |
-----------------------------------------
[E2] ~5.5h remaining (139232 steps left @ 0.14s/step)
------------------------------------------
| rollout/                |              |
|    ep_len_mean          | 12           |
|    ep_rew_mean          | 1.31         |
| time/                   |              |
|    eta_hours            | 5.5          |
|    fps                  | 6            |
|    iterations           | 314          |
|    sec_per_step         | 0.142        |
|    time_elapsed         | 23358        |
|    total_timesteps      | 189440       |
| train/                  |              |
|    approx_kl            | 0.0106212925 |
|    clip_fraction        | 0.112        |
|    clip_range           | 0.2          |
|    entropy_loss         | -0.939       |
|    explained_variance   | 0.846        |
|    learning_rate        | 0.0001       |
|    loss                 | 0.134        |
|    n_updates            | 3650         |
|    policy_gradient_loss | -0.0147      |
|    std                  | 0.406        |
|    value_loss           | 0.174        |
------------------------------------------
[E2] ~5.5h remaining (138720 steps left @ 0.14s/step)
-----------------------------------------
| rollout/                |             |
|    ep_len_mean          | 11.8        |
|    ep_rew_mean          | 1.32        |
| time/                   |             |
|    eta_hours            | 5.45        |
|    fps                  | 6           |
|    iterations           | 315         |
|    sec_per_step         | 0.142       |
|    time_elapsed         | 23429       |
|    total_timesteps      | 189952      |
| train/                  |             |
|    approx_kl            | 0.013707984 |
|    clip_fraction        | 0.155       |
|    clip_range           | 0.2         |
|    entropy_loss         | -0.935      |
|    explained_variance   | 0.83        |
|    learning_rate        | 0.0001      |
|    loss                 | 0.0453      |
|    n_updates            | 3660        |
|    policy_gradient_loss | -0.0163     |
|    std                  | 0.405       |
|    value_loss           | 0.23        |
-----------------------------------------
[E2] ~5.2h remaining (138208 steps left @ 0.13s/step)
------------------------------------------
| rollout/                |              |
|    ep_len_mean          | 11.8         |
|    ep_rew_mean          | 1.33         |
| time/                   |              |
|    eta_hours            | 5.16         |
|    fps                  | 6            |
|    iterations           | 316          |
|    sec_per_step         | 0.135        |
|    time_elapsed         | 23490        |
|    total_timesteps      | 190464       |
| train/                  |              |
|    approx_kl            | 0.0077379034 |
|    clip_fraction        | 0.0916       |
|    clip_range           | 0.2          |
|    entropy_loss         | -0.932       |
|    explained_variance   | 0.826        |
|    learning_rate        | 0.0001       |
|    loss                 | 0.0688       |
|    n_updates            | 3670         |
|    policy_gradient_loss | -0.0128      |
|    std                  | 0.404        |
|    value_loss           | 0.217        |
------------------------------------------
[E2] ~5.1h remaining (137696 steps left @ 0.13s/step)
-----------------------------------------
| rollout/                |             |
|    ep_len_mean          | 11.7        |
|    ep_rew_mean          | 1.32        |
| time/                   |             |
|    eta_hours            | 5.11        |
|    fps                  | 6           |
|    iterations           | 317         |
|    sec_per_step         | 0.134       |
|    time_elapsed         | 23557       |
|    total_timesteps      | 190976      |
| train/                  |             |
|    approx_kl            | 0.009032966 |
|    clip_fraction        | 0.117       |
|    clip_range           | 0.2         |
|    entropy_loss         | -0.927      |
|    explained_variance   | 0.855       |
|    learning_rate        | 0.0001      |
|    loss                 | 0.0525      |
|    n_updates            | 3680        |
|    policy_gradient_loss | -0.0149     |
|    std                  | 0.403       |
|    value_loss           | 0.181       |
-----------------------------------------
[E2] ~5.0h remaining (137184 steps left @ 0.13s/step)
-----------------------------------------
| rollout/                |             |
|    ep_len_mean          | 11.8        |
|    ep_rew_mean          | 1.32        |
| time/                   |             |
|    eta_hours            | 5           |
|    fps                  | 6           |
|    iterations           | 318         |
|    sec_per_step         | 0.131       |
|    time_elapsed         | 23621       |
|    total_timesteps      | 191488      |
| train/                  |             |
|    approx_kl            | 0.010159922 |
|    clip_fraction        | 0.159       |
|    clip_range           | 0.2         |
|    entropy_loss         | -0.923      |
|    explained_variance   | 0.882       |
|    learning_rate        | 0.0001      |
|    loss                 | 0.0414      |
|    n_updates            | 3690        |
|    policy_gradient_loss | -0.0158     |
|    std                  | 0.403       |
|    value_loss           | 0.153       |
-----------------------------------------
[E2] ~4.9h remaining (136672 steps left @ 0.13s/step)
-----------------------------------------
| rollout/                |             |
|    ep_len_mean          | 11.5        |
|    ep_rew_mean          | 1.31        |
| time/                   |             |
|    eta_hours            | 4.95        |
|    fps                  | 6           |
|    iterations           | 319         |
|    sec_per_step         | 0.13        |
|    time_elapsed         | 23687       |
|    total_timesteps      | 192000      |
| train/                  |             |
|    approx_kl            | 0.012774747 |
|    clip_fraction        | 0.173       |
|    clip_range           | 0.2         |
|    entropy_loss         | -0.92       |
|    explained_variance   | 0.813       |
|    learning_rate        | 0.0001      |
|    loss                 | 0.157       |
|    n_updates            | 3700        |
|    policy_gradient_loss | -0.0182     |
|    std                  | 0.402       |
|    value_loss           | 0.238       |
-----------------------------------------
[E2] ~5.0h remaining (136160 steps left @ 0.13s/step)
-----------------------------------------
| rollout/                |             |
|    ep_len_mean          | 11.4        |
|    ep_rew_mean          | 1.3         |
| time/                   |             |
|    eta_hours            | 4.95        |
|    fps                  | 6           |
|    iterations           | 320         |
|    sec_per_step         | 0.131       |
|    time_elapsed         | 23755       |
|    total_timesteps      | 192512      |
| train/                  |             |
|    approx_kl            | 0.013718274 |
|    clip_fraction        | 0.147       |
|    clip_range           | 0.2         |
|    entropy_loss         | -0.916      |
|    explained_variance   | 0.816       |
|    learning_rate        | 0.0001      |
|    loss                 | 0.0345      |
|    n_updates            | 3710        |
|    policy_gradient_loss | -0.017      |
|    std                  | 0.401       |
|    value_loss           | 0.232       |
-----------------------------------------
[E2] ~4.9h remaining (135648 steps left @ 0.13s/step)
-----------------------------------------
| rollout/                |             |
|    ep_len_mean          | 11.6        |
|    ep_rew_mean          | 1.32        |
| time/                   |             |
|    eta_hours            | 4.92        |
|    fps                  | 6           |
|    iterations           | 321         |
|    sec_per_step         | 0.131       |
|    time_elapsed         | 23821       |
|    total_timesteps      | 193024      |
| train/                  |             |
|    approx_kl            | 0.013247944 |
|    clip_fraction        | 0.128       |
|    clip_range           | 0.2         |
|    entropy_loss         | -0.91       |
|    explained_variance   | 0.861       |
|    learning_rate        | 0.0001      |
|    loss                 | 0.0647      |
|    n_updates            | 3720        |
|    policy_gradient_loss | -0.0139     |
|    std                  | 0.4         |
|    value_loss           | 0.181       |
-----------------------------------------
[E2] ~4.9h remaining (135136 steps left @ 0.13s/step)
----------------------------------------
| rollout/                |            |
|    ep_len_mean          | 11.7       |
|    ep_rew_mean          | 1.32       |
| time/                   |            |
|    eta_hours            | 4.88       |
|    fps                  | 6          |
|    iterations           | 322        |
|    sec_per_step         | 0.13       |
|    time_elapsed         | 23887      |
|    total_timesteps      | 193536     |
| train/                  |            |
|    approx_kl            | 0.00813375 |
|    clip_fraction        | 0.0828     |
|    clip_range           | 0.2        |
|    entropy_loss         | -0.903     |
|    explained_variance   | 0.829      |
|    learning_rate        | 0.0001     |
|    loss                 | 0.0733     |
|    n_updates            | 3730       |
|    policy_gradient_loss | -0.0112    |
|    std                  | 0.398      |
|    value_loss           | 0.213      |
----------------------------------------
[E2] ~4.8h remaining (134624 steps left @ 0.13s/step)
-----------------------------------------
| rollout/                |             |
|    ep_len_mean          | 11.7        |
|    ep_rew_mean          | 1.32        |
| time/                   |             |
|    eta_hours            | 4.85        |
|    fps                  | 6           |
|    iterations           | 323         |
|    sec_per_step         | 0.13        |
|    time_elapsed         | 23953       |
|    total_timesteps      | 194048      |
| train/                  |             |
|    approx_kl            | 0.014633415 |
|    clip_fraction        | 0.155       |
|    clip_range           | 0.2         |
|    entropy_loss         | -0.897      |
|    explained_variance   | 0.84        |
|    learning_rate        | 0.0001      |
|    loss                 | 0.0949      |
|    n_updates            | 3740        |
|    policy_gradient_loss | -0.0175     |
|    std                  | 0.397       |
|    value_loss           | 0.203       |
-----------------------------------------
[E2] ~4.8h remaining (134112 steps left @ 0.13s/step)
-----------------------------------------
| rollout/                |             |
|    ep_len_mean          | 12          |
|    ep_rew_mean          | 1.35        |
| time/                   |             |
|    eta_hours            | 4.81        |
|    fps                  | 6           |
|    iterations           | 324         |
|    sec_per_step         | 0.129       |
|    time_elapsed         | 24019       |
|    total_timesteps      | 194560      |
| train/                  |             |
|    approx_kl            | 0.009817705 |
|    clip_fraction        | 0.103       |
|    clip_range           | 0.2         |
|    entropy_loss         | -0.892      |
|    explained_variance   | 0.822       |
|    learning_rate        | 0.0001      |
|    loss                 | 0.0869      |
|    n_updates            | 3750        |
|    policy_gradient_loss | -0.0138     |
|    std                  | 0.396       |
|    value_loss           | 0.253       |
-----------------------------------------
[E2] ~4.8h remaining (133600 steps left @ 0.13s/step)
-----------------------------------------
| rollout/                |             |
|    ep_len_mean          | 12.4        |
|    ep_rew_mean          | 1.33        |
| time/                   |             |
|    eta_hours            | 4.8         |
|    fps                  | 6           |
|    iterations           | 325         |
|    sec_per_step         | 0.129       |
|    time_elapsed         | 24085       |
|    total_timesteps      | 195072      |
| train/                  |             |
|    approx_kl            | 0.012314532 |
|    clip_fraction        | 0.12        |
|    clip_range           | 0.2         |
|    entropy_loss         | -0.887      |
|    explained_variance   | 0.827       |
|    learning_rate        | 0.0001      |
|    loss                 | 0.0804      |
|    n_updates            | 3760        |
|    policy_gradient_loss | -0.0158     |
|    std                  | 0.395       |
|    value_loss           | 0.233       |
-----------------------------------------
[E2] ~4.8h remaining (133088 steps left @ 0.13s/step)
------------------------------------------
| rollout/                |              |
|    ep_len_mean          | 12.1         |
|    ep_rew_mean          | 1.35         |
| time/                   |              |
|    eta_hours            | 4.79         |
|    fps                  | 6            |
|    iterations           | 326          |
|    sec_per_step         | 0.129        |
|    time_elapsed         | 24152        |
|    total_timesteps      | 195584       |
| train/                  |              |
|    approx_kl            | 0.0074058804 |
|    clip_fraction        | 0.0773       |
|    clip_range           | 0.2          |
|    entropy_loss         | -0.883       |
|    explained_variance   | 0.812        |
|    learning_rate        | 0.0001       |
|    loss                 | 0.113        |
|    n_updates            | 3770         |
|    policy_gradient_loss | -0.00863     |
|    std                  | 0.394        |
|    value_loss           | 0.231        |
------------------------------------------
[E2] ~4.7h remaining (132576 steps left @ 0.13s/step)
-----------------------------------------
| rollout/                |             |
|    ep_len_mean          | 11.6        |
|    ep_rew_mean          | 1.34        |
| time/                   |             |
|    eta_hours            | 4.74        |
|    fps                  | 6           |
|    iterations           | 327         |
|    sec_per_step         | 0.129       |
|    time_elapsed         | 24217       |
|    total_timesteps      | 196096      |
| train/                  |             |
|    approx_kl            | 0.008329457 |
|    clip_fraction        | 0.0844      |
|    clip_range           | 0.2         |
|    entropy_loss         | -0.88       |
|    explained_variance   | 0.79        |
|    learning_rate        | 0.0001      |
|    loss                 | 0.117       |
|    n_updates            | 3780        |
|    policy_gradient_loss | -0.0106     |
|    std                  | 0.394       |
|    value_loss           | 0.249       |
-----------------------------------------
[E2] ~4.7h remaining (132064 steps left @ 0.13s/step)
-----------------------------------------
| rollout/                |             |
|    ep_len_mean          | 12          |
|    ep_rew_mean          | 1.32        |
| time/                   |             |
|    eta_hours            | 4.72        |
|    fps                  | 6           |
|    iterations           | 328         |
|    sec_per_step         | 0.129       |
|    time_elapsed         | 24282       |
|    total_timesteps      | 196608      |
| train/                  |             |
|    approx_kl            | 0.010865034 |
|    clip_fraction        | 0.128       |
|    clip_range           | 0.2         |
|    entropy_loss         | -0.879      |
|    explained_variance   | 0.87        |
|    learning_rate        | 0.0001      |
|    loss                 | 0.0985      |
|    n_updates            | 3790        |
|    policy_gradient_loss | -0.0143     |
|    std                  | 0.394       |
|    value_loss           | 0.166       |
-----------------------------------------
[E2] ~4.7h remaining (131552 steps left @ 0.13s/step)
-----------------------------------------
| rollout/                |             |
|    ep_len_mean          | 12.3        |
|    ep_rew_mean          | 1.31        |
| time/                   |             |
|    eta_hours            | 4.72        |
|    fps                  | 6           |
|    iterations           | 329         |
|    sec_per_step         | 0.129       |
|    time_elapsed         | 24349       |
|    total_timesteps      | 197120      |
| train/                  |             |
|    approx_kl            | 0.010976311 |
|    clip_fraction        | 0.123       |
|    clip_range           | 0.2         |
|    entropy_loss         | -0.88       |
|    explained_variance   | 0.785       |
|    learning_rate        | 0.0001      |
|    loss                 | 0.0732      |
|    n_updates            | 3800        |
|    policy_gradient_loss | -0.0179     |
|    std                  | 0.394       |
|    value_loss           | 0.276       |
-----------------------------------------
[E2] ~4.7h remaining (131040 steps left @ 0.13s/step)
-----------------------------------------
| rollout/                |             |
|    ep_len_mean          | 12.7        |
|    ep_rew_mean          | 1.3         |
| time/                   |             |
|    eta_hours            | 4.72        |
|    fps                  | 6           |
|    iterations           | 330         |
|    sec_per_step         | 0.13        |
|    time_elapsed         | 24416       |
|    total_timesteps      | 197632      |
| train/                  |             |
|    approx_kl            | 0.012697155 |
|    clip_fraction        | 0.125       |
|    clip_range           | 0.2         |
|    entropy_loss         | -0.878      |
|    explained_variance   | 0.778       |
|    learning_rate        | 0.0001      |
|    loss                 | 0.0917      |
|    n_updates            | 3810        |
|    policy_gradient_loss | -0.0144     |
|    std                  | 0.394       |
|    value_loss           | 0.256       |
-----------------------------------------
[E2] ~4.7h remaining (130528 steps left @ 0.13s/step)
-----------------------------------------
| rollout/                |             |
|    ep_len_mean          | 12.6        |
|    ep_rew_mean          | 1.31        |
| time/                   |             |
|    eta_hours            | 4.74        |
|    fps                  | 6           |
|    iterations           | 331         |
|    sec_per_step         | 0.131       |
|    time_elapsed         | 24484       |
|    total_timesteps      | 198144      |
| train/                  |             |
|    approx_kl            | 0.009269744 |
|    clip_fraction        | 0.106       |
|    clip_range           | 0.2         |
|    entropy_loss         | -0.875      |
|    explained_variance   | 0.804       |
|    learning_rate        | 0.0001      |
|    loss                 | 0.0867      |
|    n_updates            | 3820        |
|    policy_gradient_loss | -0.0134     |
|    std                  | 0.392       |
|    value_loss           | 0.222       |
-----------------------------------------
[E2] ~4.7h remaining (130016 steps left @ 0.13s/step)
------------------------------------------
| rollout/                |              |
|    ep_len_mean          | 12.6         |
|    ep_rew_mean          | 1.34         |
| time/                   |              |
|    eta_hours            | 4.7          |
|    fps                  | 6            |
|    iterations           | 332          |
|    sec_per_step         | 0.13         |
|    time_elapsed         | 24550        |
|    total_timesteps      | 198656       |
| train/                  |              |
|    approx_kl            | 0.0075613363 |
|    clip_fraction        | 0.0469       |
|    clip_range           | 0.2          |
|    entropy_loss         | -0.871       |
|    explained_variance   | 0.831        |
|    learning_rate        | 0.0001       |
|    loss                 | 0.0897       |
|    n_updates            | 3830         |
|    policy_gradient_loss | -0.00802     |
|    std                  | 0.392        |
|    value_loss           | 0.201        |
------------------------------------------
[E2 eval @ step 198673]  MAPE=11.39%  p90=21.37%  success(<5%)=5.0%  mean_scan_time=543.4s
[E2] ~5.4h remaining (129504 steps left @ 0.15s/step)
-----------------------------------------
| rollout/                |             |
|    ep_len_mean          | 12.9        |
|    ep_rew_mean          | 1.34        |
| time/                   |             |
|    eta_hours            | 5.38        |
|    fps                  | 6           |
|    iterations           | 333         |
|    sec_per_step         | 0.149       |
|    time_elapsed         | 24650       |
|    total_timesteps      | 199168      |
| train/                  |             |
|    approx_kl            | 0.009810518 |
|    clip_fraction        | 0.109       |
|    clip_range           | 0.2         |
|    entropy_loss         | -0.866      |
|    explained_variance   | 0.831       |
|    learning_rate        | 0.0001      |
|    loss                 | 0.0929      |
|    n_updates            | 3840        |
|    policy_gradient_loss | -0.0142     |
|    std                  | 0.39        |
|    value_loss           | 0.206       |
-----------------------------------------
[E2] ~5.2h remaining (128992 steps left @ 0.15s/step)
-----------------------------------------
| rollout/                |             |
|    ep_len_mean          | 13          |
|    ep_rew_mean          | 1.37        |
| time/                   |             |
|    eta_hours            | 5.25        |
|    fps                  | 6           |
|    iterations           | 334         |
|    sec_per_step         | 0.146       |
|    time_elapsed         | 24721       |
|    total_timesteps      | 199680      |
| train/                  |             |
|    approx_kl            | 0.013150252 |
|    clip_fraction        | 0.111       |
|    clip_range           | 0.2         |
|    entropy_loss         | -0.859      |
|    explained_variance   | 0.815       |
|    learning_rate        | 0.0001      |
|    loss                 | 0.0494      |
|    n_updates            | 3850        |
|    policy_gradient_loss | -0.0168     |
|    std                  | 0.389       |
|    value_loss           | 0.21        |
-----------------------------------------
[E2] ~5.0h remaining (128480 steps left @ 0.14s/step)
-----------------------------------------
| rollout/                |             |
|    ep_len_mean          | 12.8        |
|    ep_rew_mean          | 1.36        |
| time/                   |             |
|    eta_hours            | 5           |
|    fps                  | 6           |
|    iterations           | 335         |
|    sec_per_step         | 0.14        |
|    time_elapsed         | 24786       |
|    total_timesteps      | 200192      |
| train/                  |             |
|    approx_kl            | 0.008768292 |
|    clip_fraction        | 0.0988      |
|    clip_range           | 0.2         |
|    entropy_loss         | -0.855      |
|    explained_variance   | 0.836       |
|    learning_rate        | 0.0001      |
|    loss                 | 0.0387      |
|    n_updates            | 3860        |
|    policy_gradient_loss | -0.0102     |
|    std                  | 0.389       |
|    value_loss           | 0.181       |
-----------------------------------------
[E2] ~4.9h remaining (127968 steps left @ 0.14s/step)
-----------------------------------------
| rollout/                |             |
|    ep_len_mean          | 12.4        |
|    ep_rew_mean          | 1.35        |
| time/                   |             |
|    eta_hours            | 4.95        |
|    fps                  | 6           |
|    iterations           | 336         |
|    sec_per_step         | 0.139       |
|    time_elapsed         | 24856       |
|    total_timesteps      | 200704      |
| train/                  |             |
|    approx_kl            | 0.009127994 |
|    clip_fraction        | 0.119       |
|    clip_range           | 0.2         |
|    entropy_loss         | -0.851      |
|    explained_variance   | 0.823       |
|    learning_rate        | 0.0001      |
|    loss                 | 0.126       |
|    n_updates            | 3870        |
|    policy_gradient_loss | -0.0143     |
|    std                  | 0.388       |
|    value_loss           | 0.228       |
-----------------------------------------
[E2] ~4.9h remaining (127456 steps left @ 0.14s/step)
-----------------------------------------
| rollout/                |             |
|    ep_len_mean          | 12.3        |
|    ep_rew_mean          | 1.33        |
| time/                   |             |
|    eta_hours            | 4.88        |
|    fps                  | 6           |
|    iterations           | 337         |
|    sec_per_step         | 0.138       |
|    time_elapsed         | 24925       |
|    total_timesteps      | 201216      |
| train/                  |             |
|    approx_kl            | 0.012186645 |
|    clip_fraction        | 0.154       |
|    clip_range           | 0.2         |
|    entropy_loss         | -0.848      |
|    explained_variance   | 0.857       |
|    learning_rate        | 0.0001      |
|    loss                 | 0.00519     |
|    n_updates            | 3880        |
|    policy_gradient_loss | -0.0145     |
|    std                  | 0.388       |
|    value_loss           | 0.173       |
-----------------------------------------
[E2] ~4.8h remaining (126944 steps left @ 0.14s/step)
-----------------------------------------
| rollout/                |             |
|    ep_len_mean          | 12.7        |
|    ep_rew_mean          | 1.32        |
| time/                   |             |
|    eta_hours            | 4.81        |
|    fps                  | 6           |
|    iterations           | 338         |
|    sec_per_step         | 0.136       |
|    time_elapsed         | 24993       |
|    total_timesteps      | 201728      |
| train/                  |             |
|    approx_kl            | 0.009636302 |
|    clip_fraction        | 0.144       |
|    clip_range           | 0.2         |
|    entropy_loss         | -0.846      |
|    explained_variance   | 0.869       |
|    learning_rate        | 0.0001      |
|    loss                 | 0.0722      |
|    n_updates            | 3890        |
|    policy_gradient_loss | -0.0144     |
|    std                  | 0.387       |
|    value_loss           | 0.164       |
-----------------------------------------
[E2] ~4.7h remaining (126432 steps left @ 0.13s/step)
-----------------------------------------
| rollout/                |             |
|    ep_len_mean          | 12.4        |
|    ep_rew_mean          | 1.28        |
| time/                   |             |
|    eta_hours            | 4.71        |
|    fps                  | 6           |
|    iterations           | 339         |
|    sec_per_step         | 0.134       |
|    time_elapsed         | 25059       |
|    total_timesteps      | 202240      |
| train/                  |             |
|    approx_kl            | 0.010228309 |
|    clip_fraction        | 0.115       |
|    clip_range           | 0.2         |
|    entropy_loss         | -0.841      |
|    explained_variance   | 0.851       |
|    learning_rate        | 0.0001      |
|    loss                 | 0.0349      |
|    n_updates            | 3900        |
|    policy_gradient_loss | -0.0138     |
|    std                  | 0.386       |
|    value_loss           | 0.174       |
-----------------------------------------
[E2] ~4.6h remaining (125920 steps left @ 0.13s/step)
-----------------------------------------
| rollout/                |             |
|    ep_len_mean          | 12.4        |
|    ep_rew_mean          | 1.28        |
| time/                   |             |
|    eta_hours            | 4.64        |
|    fps                  | 6           |
|    iterations           | 340         |
|    sec_per_step         | 0.133       |
|    time_elapsed         | 25125       |
|    total_timesteps      | 202752      |
| train/                  |             |
|    approx_kl            | 0.007882593 |
|    clip_fraction        | 0.0959      |
|    clip_range           | 0.2         |
|    entropy_loss         | -0.835      |
|    explained_variance   | 0.858       |
|    learning_rate        | 0.0001      |
|    loss                 | 0.0694      |
|    n_updates            | 3910        |
|    policy_gradient_loss | -0.00944    |
|    std                  | 0.385       |
|    value_loss           | 0.164       |
-----------------------------------------
[E2] ~4.6h remaining (125408 steps left @ 0.13s/step)
-----------------------------------------
| rollout/                |             |
|    ep_len_mean          | 12.5        |
|    ep_rew_mean          | 1.3         |
| time/                   |             |
|    eta_hours            | 4.58        |
|    fps                  | 6           |
|    iterations           | 341         |
|    sec_per_step         | 0.131       |
|    time_elapsed         | 25191       |
|    total_timesteps      | 203264      |
| train/                  |             |
|    approx_kl            | 0.014550622 |
|    clip_fraction        | 0.121       |
|    clip_range           | 0.2         |
|    entropy_loss         | -0.831      |
|    explained_variance   | 0.849       |
|    learning_rate        | 0.0001      |
|    loss                 | 0.0435      |
|    n_updates            | 3920        |
|    policy_gradient_loss | -0.015      |
|    std                  | 0.384       |
|    value_loss           | 0.193       |
-----------------------------------------
[E2] ~4.5h remaining (124896 steps left @ 0.13s/step)
-----------------------------------------
| rollout/                |             |
|    ep_len_mean          | 12.7        |
|    ep_rew_mean          | 1.28        |
| time/                   |             |
|    eta_hours            | 4.52        |
|    fps                  | 6           |
|    iterations           | 342         |
|    sec_per_step         | 0.13        |
|    time_elapsed         | 25256       |
|    total_timesteps      | 203776      |
| train/                  |             |
|    approx_kl            | 0.012418784 |
|    clip_fraction        | 0.122       |
|    clip_range           | 0.2         |
|    entropy_loss         | -0.828      |
|    explained_variance   | 0.829       |
|    learning_rate        | 0.0001      |
|    loss                 | 0.0745      |
|    n_updates            | 3930        |
|    policy_gradient_loss | -0.0161     |
|    std                  | 0.383       |
|    value_loss           | 0.196       |
-----------------------------------------
[E2] ~4.5h remaining (124384 steps left @ 0.13s/step)
-----------------------------------------
| rollout/                |             |
|    ep_len_mean          | 12.2        |
|    ep_rew_mean          | 1.32        |
| time/                   |             |
|    eta_hours            | 4.49        |
|    fps                  | 6           |
|    iterations           | 343         |
|    sec_per_step         | 0.13        |
|    time_elapsed         | 25322       |
|    total_timesteps      | 204288      |
| train/                  |             |
|    approx_kl            | 0.013950489 |
|    clip_fraction        | 0.197       |
|    clip_range           | 0.2         |
|    entropy_loss         | -0.824      |
|    explained_variance   | 0.872       |
|    learning_rate        | 0.0001      |
|    loss                 | 0.0206      |
|    n_updates            | 3940        |
|    policy_gradient_loss | -0.0217     |
|    std                  | 0.383       |
|    value_loss           | 0.152       |
-----------------------------------------
[E2] ~4.5h remaining (123872 steps left @ 0.13s/step)
-----------------------------------------
| rollout/                |             |
|    ep_len_mean          | 11.9        |
|    ep_rew_mean          | 1.33        |
| time/                   |             |
|    eta_hours            | 4.46        |
|    fps                  | 6           |
|    iterations           | 344         |
|    sec_per_step         | 0.13        |
|    time_elapsed         | 25388       |
|    total_timesteps      | 204800      |
| train/                  |             |
|    approx_kl            | 0.013399087 |
|    clip_fraction        | 0.154       |
|    clip_range           | 0.2         |
|    entropy_loss         | -0.822      |
|    explained_variance   | 0.836       |
|    learning_rate        | 0.0001      |
|    loss                 | 0.103       |
|    n_updates            | 3950        |
|    policy_gradient_loss | -0.0221     |
|    std                  | 0.383       |
|    value_loss           | 0.198       |
-----------------------------------------
[E2] ~4.4h remaining (123360 steps left @ 0.13s/step)
-----------------------------------------
| rollout/                |             |
|    ep_len_mean          | 11.7        |
|    ep_rew_mean          | 1.33        |
| time/                   |             |
|    eta_hours            | 4.4         |
|    fps                  | 6           |
|    iterations           | 345         |
|    sec_per_step         | 0.128       |
|    time_elapsed         | 25452       |
|    total_timesteps      | 205312      |
| train/                  |             |
|    approx_kl            | 0.010346584 |
|    clip_fraction        | 0.104       |
|    clip_range           | 0.2         |
|    entropy_loss         | -0.821      |
|    explained_variance   | 0.855       |
|    learning_rate        | 0.0001      |
|    loss                 | 0.0754      |
|    n_updates            | 3960        |
|    policy_gradient_loss | -0.0138     |
|    std                  | 0.382       |
|    value_loss           | 0.174       |
-----------------------------------------
[E2] ~4.4h remaining (122848 steps left @ 0.13s/step)
-----------------------------------------
| rollout/                |             |
|    ep_len_mean          | 12          |
|    ep_rew_mean          | 1.33        |
| time/                   |             |
|    eta_hours            | 4.38        |
|    fps                  | 6           |
|    iterations           | 346         |
|    sec_per_step         | 0.128       |
|    time_elapsed         | 25518       |
|    total_timesteps      | 205824      |
| train/                  |             |
|    approx_kl            | 0.009342993 |
|    clip_fraction        | 0.105       |
|    clip_range           | 0.2         |
|    entropy_loss         | -0.819      |
|    explained_variance   | 0.845       |
|    learning_rate        | 0.0001      |
|    loss                 | 0.0989      |
|    n_updates            | 3970        |
|    policy_gradient_loss | -0.0107     |
|    std                  | 0.382       |
|    value_loss           | 0.189       |
-----------------------------------------
[E2] ~4.4h remaining (122336 steps left @ 0.13s/step)
-----------------------------------------
| rollout/                |             |
|    ep_len_mean          | 12.1        |
|    ep_rew_mean          | 1.34        |
| time/                   |             |
|    eta_hours            | 4.36        |
|    fps                  | 6           |
|    iterations           | 347         |
|    sec_per_step         | 0.128       |
|    time_elapsed         | 25584       |
|    total_timesteps      | 206336      |
| train/                  |             |
|    approx_kl            | 0.014245752 |
|    clip_fraction        | 0.149       |
|    clip_range           | 0.2         |
|    entropy_loss         | -0.815      |
|    explained_variance   | 0.849       |
|    learning_rate        | 0.0001      |
|    loss                 | 0.0503      |
|    n_updates            | 3980        |
|    policy_gradient_loss | -0.0166     |
|    std                  | 0.381       |
|    value_loss           | 0.182       |
-----------------------------------------
[E2] ~4.2h remaining (121824 steps left @ 0.13s/step)
-----------------------------------------
| rollout/                |             |
|    ep_len_mean          | 12.1        |
|    ep_rew_mean          | 1.32        |
| time/                   |             |
|    eta_hours            | 4.25        |
|    fps                  | 6           |
|    iterations           | 348         |
|    sec_per_step         | 0.126       |
|    time_elapsed         | 25645       |
|    total_timesteps      | 206848      |
| train/                  |             |
|    approx_kl            | 0.011069349 |
|    clip_fraction        | 0.109       |
|    clip_range           | 0.2         |
|    entropy_loss         | -0.81       |
|    explained_variance   | 0.884       |
|    learning_rate        | 0.0001      |
|    loss                 | 0.0305      |
|    n_updates            | 3990        |
|    policy_gradient_loss | -0.0184     |
|    std                  | 0.38        |
|    value_loss           | 0.136       |
-----------------------------------------
[E2] ~4.3h remaining (121312 steps left @ 0.13s/step)
-----------------------------------------
| rollout/                |             |
|    ep_len_mean          | 12.4        |
|    ep_rew_mean          | 1.33        |
| time/                   |             |
|    eta_hours            | 4.29        |
|    fps                  | 6           |
|    iterations           | 349         |
|    sec_per_step         | 0.127       |
|    time_elapsed         | 25712       |
|    total_timesteps      | 207360      |
| train/                  |             |
|    approx_kl            | 0.019121993 |
|    clip_fraction        | 0.18        |
|    clip_range           | 0.2         |
|    entropy_loss         | -0.805      |
|    explained_variance   | 0.857       |
|    learning_rate        | 0.0001      |
|    loss                 | 0.0817      |
|    n_updates            | 4000        |
|    policy_gradient_loss | -0.0198     |
|    std                  | 0.379       |
|    value_loss           | 0.168       |
-----------------------------------------
[E2] ~4.3h remaining (120800 steps left @ 0.13s/step)
-----------------------------------------
| rollout/                |             |
|    ep_len_mean          | 12.4        |
|    ep_rew_mean          | 1.33        |
| time/                   |             |
|    eta_hours            | 4.28        |
|    fps                  | 6           |
|    iterations           | 350         |
|    sec_per_step         | 0.128       |
|    time_elapsed         | 25778       |
|    total_timesteps      | 207872      |
| train/                  |             |
|    approx_kl            | 0.011734422 |
|    clip_fraction        | 0.123       |
|    clip_range           | 0.2         |
|    entropy_loss         | -0.801      |
|    explained_variance   | 0.855       |
|    learning_rate        | 0.0001      |
|    loss                 | 0.0373      |
|    n_updates            | 4010        |
|    policy_gradient_loss | -0.015      |
|    std                  | 0.378       |
|    value_loss           | 0.182       |
-----------------------------------------
[E2] ~4.3h remaining (120288 steps left @ 0.13s/step)
-----------------------------------------
| rollout/                |             |
|    ep_len_mean          | 12.3        |
|    ep_rew_mean          | 1.33        |
| time/                   |             |
|    eta_hours            | 4.31        |
|    fps                  | 6           |
|    iterations           | 351         |
|    sec_per_step         | 0.129       |
|    time_elapsed         | 25845       |
|    total_timesteps      | 208384      |
| train/                  |             |
|    approx_kl            | 0.011476349 |
|    clip_fraction        | 0.0996      |
|    clip_range           | 0.2         |
|    entropy_loss         | -0.798      |
|    explained_variance   | 0.858       |
|    learning_rate        | 0.0001      |
|    loss                 | 0.0565      |
|    n_updates            | 4020        |
|    policy_gradient_loss | -0.0144     |
|    std                  | 0.379       |
|    value_loss           | 0.166       |
-----------------------------------------
[E2 eval @ step 208673]  MAPE=6.68%  p90=10.79%  success(<5%)=40.0%  mean_scan_time=544.7s
[E2] ~4.8h remaining (119776 steps left @ 0.14s/step)
------------------------------------------
| rollout/                |              |
|    ep_len_mean          | 12.4         |
|    ep_rew_mean          | 1.32         |
| time/                   |              |
|    eta_hours            | 4.81         |
|    fps                  | 6            |
|    iterations           | 352          |
|    sec_per_step         | 0.145        |
|    time_elapsed         | 25938        |
|    total_timesteps      | 208896       |
| train/                  |              |
|    approx_kl            | 0.0105543705 |
|    clip_fraction        | 0.11         |
|    clip_range           | 0.2          |
|    entropy_loss         | -0.797       |
|    explained_variance   | 0.837        |
|    learning_rate        | 0.0001       |
|    loss                 | 0.0516       |
|    n_updates            | 4030         |
|    policy_gradient_loss | -0.0124      |
|    std                  | 0.378        |
|    value_loss           | 0.203        |
------------------------------------------
[E2] ~4.6h remaining (119264 steps left @ 0.14s/step)
-----------------------------------------
| rollout/                |             |
|    ep_len_mean          | 12.8        |
|    ep_rew_mean          | 1.31        |
| time/                   |             |
|    eta_hours            | 4.64        |
|    fps                  | 6           |
|    iterations           | 353         |
|    sec_per_step         | 0.14        |
|    time_elapsed         | 26004       |
|    total_timesteps      | 209408      |
| train/                  |             |
|    approx_kl            | 0.008923635 |
|    clip_fraction        | 0.0943      |
|    clip_range           | 0.2         |
|    entropy_loss         | -0.793      |
|    explained_variance   | 0.82        |
|    learning_rate        | 0.0001      |
|    loss                 | 0.0415      |
|    n_updates            | 4040        |
|    policy_gradient_loss | -0.0128     |
|    std                  | 0.377       |
|    value_loss           | 0.212       |
-----------------------------------------
[E2] ~4.5h remaining (118752 steps left @ 0.14s/step)
-----------------------------------------
| rollout/                |             |
|    ep_len_mean          | 13          |
|    ep_rew_mean          | 1.32        |
| time/                   |             |
|    eta_hours            | 4.55        |
|    fps                  | 6           |
|    iterations           | 354         |
|    sec_per_step         | 0.138       |
|    time_elapsed         | 26072       |
|    total_timesteps      | 209920      |
| train/                  |             |
|    approx_kl            | 0.010924332 |
|    clip_fraction        | 0.118       |
|    clip_range           | 0.2         |
|    entropy_loss         | -0.788      |
|    explained_variance   | 0.86        |
|    learning_rate        | 0.0001      |
|    loss                 | 0.0524      |
|    n_updates            | 4050        |
|    policy_gradient_loss | -0.0175     |
|    std                  | 0.376       |
|    value_loss           | 0.169       |
-----------------------------------------
[E2] ~4.4h remaining (118240 steps left @ 0.14s/step)
-----------------------------------------
| rollout/                |             |
|    ep_len_mean          | 13          |
|    ep_rew_mean          | 1.37        |
| time/                   |             |
|    eta_hours            | 4.45        |
|    fps                  | 6           |
|    iterations           | 355         |
|    sec_per_step         | 0.135       |
|    time_elapsed         | 26139       |
|    total_timesteps      | 210432      |
| train/                  |             |
|    approx_kl            | 0.018307157 |
|    clip_fraction        | 0.163       |
|    clip_range           | 0.2         |
|    entropy_loss         | -0.787      |
|    explained_variance   | 0.81        |
|    learning_rate        | 0.0001      |
|    loss                 | 0.0633      |
|    n_updates            | 4060        |
|    policy_gradient_loss | -0.0175     |
|    std                  | 0.377       |
|    value_loss           | 0.251       |
-----------------------------------------
[E2] ~4.3h remaining (117728 steps left @ 0.13s/step)
-----------------------------------------
| rollout/                |             |
|    ep_len_mean          | 12.7        |
|    ep_rew_mean          | 1.37        |
| time/                   |             |
|    eta_hours            | 4.33        |
|    fps                  | 6           |
|    iterations           | 356         |
|    sec_per_step         | 0.133       |
|    time_elapsed         | 26203       |
|    total_timesteps      | 210944      |
| train/                  |             |
|    approx_kl            | 0.010781534 |
|    clip_fraction        | 0.147       |
|    clip_range           | 0.2         |
|    entropy_loss         | -0.786      |
|    explained_variance   | 0.855       |
|    learning_rate        | 0.0001      |
|    loss                 | 0.0435      |
|    n_updates            | 4070        |
|    policy_gradient_loss | -0.0144     |
|    std                  | 0.376       |
|    value_loss           | 0.184       |
-----------------------------------------
[E2] ~4.3h remaining (117216 steps left @ 0.13s/step)
-----------------------------------------
| rollout/                |             |
|    ep_len_mean          | 12.3        |
|    ep_rew_mean          | 1.36        |
| time/                   |             |
|    eta_hours            | 4.3         |
|    fps                  | 6           |
|    iterations           | 357         |
|    sec_per_step         | 0.132       |
|    time_elapsed         | 26270       |
|    total_timesteps      | 211456      |
| train/                  |             |
|    approx_kl            | 0.008335748 |
|    clip_fraction        | 0.0896      |
|    clip_range           | 0.2         |
|    entropy_loss         | -0.784      |
|    explained_variance   | 0.858       |
|    learning_rate        | 0.0001      |
|    loss                 | 0.0804      |
|    n_updates            | 4080        |
|    policy_gradient_loss | -0.0112     |
|    std                  | 0.376       |
|    value_loss           | 0.186       |
-----------------------------------------
[E2] ~4.3h remaining (116704 steps left @ 0.13s/step)
------------------------------------------
| rollout/                |              |
|    ep_len_mean          | 12.1         |
|    ep_rew_mean          | 1.34         |
| time/                   |              |
|    eta_hours            | 4.35         |
|    fps                  | 6            |
|    iterations           | 358          |
|    sec_per_step         | 0.134        |
|    time_elapsed         | 26341        |
|    total_timesteps      | 211968       |
| train/                  |              |
|    approx_kl            | 0.0128436405 |
|    clip_fraction        | 0.121        |
|    clip_range           | 0.2          |
|    entropy_loss         | -0.786       |
|    explained_variance   | 0.873        |
|    learning_rate        | 0.0001       |
|    loss                 | 0.0343       |
|    n_updates            | 4090         |
|    policy_gradient_loss | -0.00995     |
|    std                  | 0.376        |
|    value_loss           | 0.174        |
------------------------------------------
[E2] ~4.1h remaining (116192 steps left @ 0.13s/step)
------------------------------------------
| rollout/                |              |
|    ep_len_mean          | 12.5         |
|    ep_rew_mean          | 1.34         |
| time/                   |              |
|    eta_hours            | 4.1          |
|    fps                  | 6            |
|    iterations           | 359          |
|    sec_per_step         | 0.127        |
|    time_elapsed         | 26398        |
|    total_timesteps      | 212480       |
| train/                  |              |
|    approx_kl            | 0.0084516555 |
|    clip_fraction        | 0.0832       |
|    clip_range           | 0.2          |
|    entropy_loss         | -0.784       |
|    explained_variance   | 0.856        |
|    learning_rate        | 0.0001       |
|    loss                 | 0.0234       |
|    n_updates            | 4100         |
|    policy_gradient_loss | -0.0119      |
|    std                  | 0.375        |
|    value_loss           | 0.194        |
------------------------------------------
[E2] ~4.2h remaining (115680 steps left @ 0.13s/step)
-----------------------------------------
| rollout/                |             |
|    ep_len_mean          | 12.4        |
|    ep_rew_mean          | 1.32        |
| time/                   |             |
|    eta_hours            | 4.16        |
|    fps                  | 6           |
|    iterations           | 360         |
|    sec_per_step         | 0.129       |
|    time_elapsed         | 26467       |
|    total_timesteps      | 212992      |
| train/                  |             |
|    approx_kl            | 0.007095903 |
|    clip_fraction        | 0.0766      |
|    clip_range           | 0.2         |
|    entropy_loss         | -0.78       |
|    explained_variance   | 0.862       |
|    learning_rate        | 0.0001      |
|    loss                 | 0.067       |
|    n_updates            | 4110        |
|    policy_gradient_loss | -0.00874    |
|    std                  | 0.375       |
|    value_loss           | 0.175       |
-----------------------------------------
[E2] ~4.1h remaining (115168 steps left @ 0.13s/step)
----------------------------------------
| rollout/                |            |
|    ep_len_mean          | 12.3       |
|    ep_rew_mean          | 1.32       |
| time/                   |            |
|    eta_hours            | 4.1        |
|    fps                  | 6          |
|    iterations           | 361        |
|    sec_per_step         | 0.128      |
|    time_elapsed         | 26531      |
|    total_timesteps      | 213504     |
| train/                  |            |
|    approx_kl            | 0.01331172 |
|    clip_fraction        | 0.146      |
|    clip_range           | 0.2        |
|    entropy_loss         | -0.778     |
|    explained_variance   | 0.86       |
|    learning_rate        | 0.0001     |
|    loss                 | 0.0317     |
|    n_updates            | 4120       |
|    policy_gradient_loss | -0.0158    |
|    std                  | 0.374      |
|    value_loss           | 0.173      |
----------------------------------------
[E2] ~4.2h remaining (114656 steps left @ 0.13s/step)
-----------------------------------------
| rollout/                |             |
|    ep_len_mean          | 12.4        |
|    ep_rew_mean          | 1.32        |
| time/                   |             |
|    eta_hours            | 4.19        |
|    fps                  | 6           |
|    iterations           | 362         |
|    sec_per_step         | 0.132       |
|    time_elapsed         | 26603       |
|    total_timesteps      | 214016      |
| train/                  |             |
|    approx_kl            | 0.014530227 |
|    clip_fraction        | 0.177       |
|    clip_range           | 0.2         |
|    entropy_loss         | -0.773      |
|    explained_variance   | 0.83        |
|    learning_rate        | 0.0001      |
|    loss                 | 0.00819     |
|    n_updates            | 4130        |
|    policy_gradient_loss | -0.0229     |
|    std                  | 0.374       |
|    value_loss           | 0.206       |
-----------------------------------------
[E2] ~4.3h remaining (114144 steps left @ 0.14s/step)
-----------------------------------------
| rollout/                |             |
|    ep_len_mean          | 12.8        |
|    ep_rew_mean          | 1.32        |
| time/                   |             |
|    eta_hours            | 4.31        |
|    fps                  | 6           |
|    iterations           | 363         |
|    sec_per_step         | 0.136       |
|    time_elapsed         | 26677       |
|    total_timesteps      | 214528      |
| train/                  |             |
|    approx_kl            | 0.015103415 |
|    clip_fraction        | 0.151       |
|    clip_range           | 0.2         |
|    entropy_loss         | -0.771      |
|    explained_variance   | 0.865       |
|    learning_rate        | 0.0001      |
|    loss                 | 0.11        |
|    n_updates            | 4140        |
|    policy_gradient_loss | -0.0164     |
|    std                  | 0.373       |
|    value_loss           | 0.169       |
-----------------------------------------
[E2] ~4.3h remaining (113632 steps left @ 0.14s/step)
------------------------------------------
| rollout/                |              |
|    ep_len_mean          | 13.2         |
|    ep_rew_mean          | 1.31         |
| time/                   |              |
|    eta_hours            | 4.27         |
|    fps                  | 6            |
|    iterations           | 364          |
|    sec_per_step         | 0.135        |
|    time_elapsed         | 26746        |
|    total_timesteps      | 215040       |
| train/                  |              |
|    approx_kl            | 0.0125622945 |
|    clip_fraction        | 0.165        |
|    clip_range           | 0.2          |
|    entropy_loss         | -0.768       |
|    explained_variance   | 0.796        |
|    learning_rate        | 0.0001       |
|    loss                 | 0.117        |
|    n_updates            | 4150         |
|    policy_gradient_loss | -0.0174      |
|    std                  | 0.373        |
|    value_loss           | 0.254        |
------------------------------------------
